date,region,channel,product_category,customer_segment,revenue,units
2026-05-01,North America,Retail,Electronics,Consumer,1005.28,43
2026-05-01,North America,Retail,Electronics,SMB,1281.03,59
2026-05-01,North America,Retail,Electronics,Enterprise,1217.45,29
2026-05-01,North America,Retail,Apparel,Consumer,509.64,28
2026-05-01,North America,Retail,Apparel,SMB,846.06,39
2026-05-01,North America,Retail,Apparel,Enterprise,799.34,26
2026-05-01,North America,Retail,Home Goods,Consumer,845.18,24
2026-05-01,North America,Retail,Home Goods,SMB,1094.59,34
2026-05-01,North America,Retail,Home Goods,Enterprise,1036.02,26
2026-05-01,North America,Retail,Grocery,Consumer,664.04,43
2026-05-01,North America,Retail,Grocery,SMB,920.56,36
2026-05-01,North America,Retail,Grocery,Enterprise,719.35,36
2026-05-01,North America,Online,Electronics,Consumer,1092.34,61
2026-05-01,North America,Online,Electronics,SMB,395.24,22
2026-05-01,North America,Online,Electronics,Enterprise,1311.23,33
2026-05-01,North America,Online,Apparel,Consumer,531.08,14
2026-05-01,North America,Online,Apparel,SMB,683.7,25
2026-05-01,North America,Online,Apparel,Enterprise,757.35,23
2026-05-01,North America,Online,Home Goods,Consumer,849.89,20
2026-05-01,North America,Online,Home Goods,SMB,982.79,30
2026-05-01,North America,Online,Home Goods,Enterprise,1012.96,46
2026-05-01,North America,Online,Grocery,Consumer,590.78,24
2026-05-01,North America,Online,Grocery,SMB,932.3,51
2026-05-01,North America,Online,Grocery,Enterprise,840.9,36
2026-05-01,North America,Wholesale,Electronics,Consumer,417.93,16
2026-05-01,North America,Wholesale,Electronics,SMB,680.56,31
2026-05-01,North America,Wholesale,Electronics,Enterprise,639.93,18
2026-05-01,North America,Wholesale,Apparel,Consumer,1070.55,32
2026-05-01,North America,Wholesale,Apparel,SMB,1256.79,63
2026-05-01,North America,Wholesale,Apparel,Enterprise,1241.83,47
2026-05-01,North America,Wholesale,Home Goods,Consumer,1254.49,39
2026-05-01,North America,Wholesale,Home Goods,SMB,504.18,14
2026-05-01,North America,Wholesale,Home Goods,Enterprise,472.47,21
2026-05-01,North America,Wholesale,Grocery,Consumer,817.28,51
2026-05-01,North America,Wholesale,Grocery,SMB,1175.55,55
2026-05-01,North America,Wholesale,Grocery,Enterprise,1202.82,27
2026-05-01,Europe,Retail,Electronics,Consumer,1360.28,39
2026-05-01,Europe,Retail,Electronics,SMB,644.95,24
2026-05-01,Europe,Retail,Electronics,Enterprise,655.39,28
2026-05-01,Europe,Retail,Apparel,Consumer,819.09,36
2026-05-01,Europe,Retail,Apparel,SMB,1074.02,33
2026-05-01,Europe,Retail,Apparel,Enterprise,1045.84,24
2026-05-01,Europe,Retail,Home Goods,Consumer,1032.86,22
2026-05-01,Europe,Retail,Home Goods,SMB,479.43,15
2026-05-01,Europe,Retail,Home Goods,Enterprise,1322.08,72
2026-05-01,Europe,Retail,Grocery,Consumer,891.83,26
2026-05-01,Europe,Retail,Grocery,SMB,1187.44,70
2026-05-01,Europe,Retail,Grocery,Enterprise,1004.6,37
2026-05-01,Europe,Online,Electronics,Consumer,439.26,9
2026-05-01,Europe,Online,Electronics,SMB,680.37,16
2026-05-01,Europe,Online,Electronics,Enterprise,691.12,19
2026-05-01,Europe,Online,Apparel,Consumer,869.94,27
2026-05-01,Europe,Online,Apparel,SMB,1130.18,61
2026-05-01,Europe,Online,Apparel,Enterprise,1197.41,42
2026-05-01,Europe,Online,Home Goods,Consumer,879.58,21
2026-05-01,Europe,Online,Home Goods,SMB,494.62,21
2026-05-01,Europe,Online,Home Goods,Enterprise,1233.8,29
2026-05-01,Europe,Online,Grocery,Consumer,883.84,21
2026-05-01,Europe,Online,Grocery,SMB,1126.09,33
2026-05-01,Europe,Online,Grocery,Enterprise,1216.51,62
2026-05-01,Europe,Wholesale,Electronics,Consumer,724.62,18
2026-05-01,Europe,Wholesale,Electronics,SMB,901.6,29
2026-05-01,Europe,Wholesale,Electronics,Enterprise,998.0,64
2026-05-01,Europe,Wholesale,Apparel,Consumer,1181.3,27
2026-05-01,Europe,Wholesale,Apparel,SMB,624.51,25
2026-05-01,Europe,Wholesale,Apparel,Enterprise,442.5,26
2026-05-01,Europe,Wholesale,Home Goods,Consumer,575.53,32
2026-05-01,Europe,Wholesale,Home Goods,SMB,681.17,23
2026-05-01,Europe,Wholesale,Home Goods,Enterprise,806.09,21
2026-05-01,Europe,Wholesale,Grocery,Consumer,1271.56,67
2026-05-01,Europe,Wholesale,Grocery,SMB,526.59,22
2026-05-01,Europe,Wholesale,Grocery,Enterprise,524.07,12
2026-05-01,APAC,Retail,Electronics,Consumer,902.61,28
2026-05-01,APAC,Retail,Electronics,SMB,1262.55,34
2026-05-01,APAC,Retail,Electronics,Enterprise,1186.28,26
2026-05-01,APAC,Retail,Apparel,Consumer,544.68,15
2026-05-01,APAC,Retail,Apparel,SMB,722.12,38
2026-05-01,APAC,Retail,Apparel,Enterprise,750.52,34
2026-05-01,APAC,Retail,Home Goods,Consumer,693.82,31
2026-05-01,APAC,Retail,Home Goods,SMB,1109.21,51
2026-05-01,APAC,Retail,Home Goods,Enterprise,1044.63,47
2026-05-01,APAC,Retail,Grocery,Consumer,558.98,13
2026-05-01,APAC,Retail,Grocery,SMB,830.89,37
2026-05-01,APAC,Retail,Grocery,Enterprise,728.34,20
2026-05-01,APAC,Online,Electronics,Consumer,962.05,22
2026-05-01,APAC,Online,Electronics,SMB,1286.31,40
2026-05-01,APAC,Online,Electronics,Enterprise,1004.95,25
2026-05-01,APAC,Online,Apparel,Consumer,527.34,25
2026-05-01,APAC,Online,Apparel,SMB,852.54,30
2026-05-01,APAC,Online,Apparel,Enterprise,763.38,26
2026-05-01,APAC,Online,Home Goods,Consumer,727.41,16
2026-05-01,APAC,Online,Home Goods,SMB,899.87,50
2026-05-01,APAC,Online,Home Goods,Enterprise,895.24,21
2026-05-01,APAC,Online,Grocery,Consumer,559.47,24
2026-05-01,APAC,Online,Grocery,SMB,845.23,30
2026-05-01,APAC,Online,Grocery,Enterprise,810.9,34
2026-05-01,APAC,Wholesale,Electronics,Consumer,1272.28,44
2026-05-01,APAC,Wholesale,Electronics,SMB,772.56,18
2026-05-01,APAC,Wholesale,Electronics,Enterprise,570.67,12
2026-05-01,APAC,Wholesale,Apparel,Consumer,827.31,20
2026-05-01,APAC,Wholesale,Apparel,SMB,1316.07,32
2026-05-01,APAC,Wholesale,Apparel,Enterprise,1009.97,50
2026-05-01,APAC,Wholesale,Home Goods,Consumer,999.54,36
2026-05-01,APAC,Wholesale,Home Goods,SMB,442.2,26
2026-05-01,APAC,Wholesale,Home Goods,Enterprise,1056.96,46
2026-05-01,APAC,Wholesale,Grocery,Consumer,993.13,25
2026-05-01,APAC,Wholesale,Grocery,SMB,1046.31,23
2026-05-01,APAC,Wholesale,Grocery,Enterprise,1094.02,24
2026-05-02,North America,Retail,Electronics,Consumer,895.34,45
2026-05-02,North America,Retail,Electronics,SMB,1242.21,51
2026-05-02,North America,Retail,Electronics,Enterprise,1356.97,43
2026-05-02,North America,Retail,Apparel,Consumer,567.1,15
2026-05-02,North America,Retail,Apparel,SMB,946.43,31
2026-05-02,North America,Retail,Apparel,Enterprise,821.5,20
2026-05-02,North America,Retail,Home Goods,Consumer,892.82,51
2026-05-02,North America,Retail,Home Goods,SMB,1269.58,61
2026-05-02,North America,Retail,Home Goods,Enterprise,915.2,41
2026-05-02,North America,Retail,Grocery,Consumer,560.46,30
2026-05-02,North America,Retail,Grocery,SMB,923.98,28
2026-05-02,North America,Retail,Grocery,Enterprise,782.86,23
2026-05-02,North America,Online,Electronics,Consumer,926.5,30
2026-05-02,North America,Online,Electronics,SMB,423.74,9
2026-05-02,North America,Online,Electronics,Enterprise,1278.41,57
2026-05-02,North America,Online,Apparel,Consumer,653.99,24
2026-05-02,North America,Online,Apparel,SMB,837.39,34
2026-05-02,North America,Online,Apparel,Enterprise,748.6,19
2026-05-02,North America,Online,Home Goods,Consumer,871.19,19
2026-05-02,North America,Online,Home Goods,SMB,1131.46,25
2026-05-02,North America,Online,Home Goods,Enterprise,1070.62,46
2026-05-02,North America,Online,Grocery,Consumer,619.89,14
2026-05-02,North America,Online,Grocery,SMB,993.91,38
2026-05-02,North America,Online,Grocery,Enterprise,726.42,36
2026-05-02,North America,Wholesale,Electronics,Consumer,467.57,14
2026-05-02,North America,Wholesale,Electronics,SMB,644.11,14
2026-05-02,North America,Wholesale,Electronics,Enterprise,649.29,16
2026-05-02,North America,Wholesale,Apparel,Consumer,894.55,37
2026-05-02,North America,Wholesale,Apparel,SMB,1068.04,56
2026-05-02,North America,Wholesale,Apparel,Enterprise,934.54,50
2026-05-02,North America,Wholesale,Home Goods,Consumer,1215.45,52
2026-05-02,North America,Wholesale,Home Goods,SMB,540.14,16
2026-05-02,North America,Wholesale,Home Goods,Enterprise,434.21,12
2026-05-02,North America,Wholesale,Grocery,Consumer,875.15,38
2026-05-02,North America,Wholesale,Grocery,SMB,997.05,24
2026-05-02,North America,Wholesale,Grocery,Enterprise,1151.22,64
2026-05-02,Europe,Retail,Electronics,Consumer,1221.99,80
2026-05-02,Europe,Retail,Electronics,SMB,698.17,18
2026-05-02,Europe,Retail,Electronics,Enterprise,584.27,15
2026-05-02,Europe,Retail,Apparel,Consumer,817.4,25
2026-05-02,Europe,Retail,Apparel,SMB,1128.58,65
2026-05-02,Europe,Retail,Apparel,Enterprise,1076.24,25
2026-05-02,Europe,Retail,Home Goods,Consumer,1171.51,29
2026-05-02,Europe,Retail,Home Goods,SMB,437.54,13
2026-05-02,Europe,Retail,Home Goods,Enterprise,1327.32,54
2026-05-02,Europe,Retail,Grocery,Consumer,909.48,21
2026-05-02,Europe,Retail,Grocery,SMB,1214.74,28
2026-05-02,Europe,Retail,Grocery,Enterprise,926.63,43
2026-05-02,Europe,Online,Electronics,Consumer,400.04,10
2026-05-02,Europe,Online,Electronics,SMB,707.41,17
2026-05-02,Europe,Online,Electronics,Enterprise,556.2,28
2026-05-02,Europe,Online,Apparel,Consumer,915.28,21
2026-05-02,Europe,Online,Apparel,SMB,1309.03,33
2026-05-02,Europe,Online,Apparel,Enterprise,898.22,21
2026-05-02,Europe,Online,Home Goods,Consumer,1226.19,49
2026-05-02,Europe,Online,Home Goods,SMB,477.49,11
2026-05-02,Europe,Online,Home Goods,Enterprise,1365.92,34
2026-05-02,Europe,Online,Grocery,Consumer,750.26,32
2026-05-02,Europe,Online,Grocery,SMB,1176.38,28
2026-05-02,Europe,Online,Grocery,Enterprise,1056.17,25
2026-05-02,Europe,Wholesale,Electronics,Consumer,737.26,25
2026-05-02,Europe,Wholesale,Electronics,SMB,1146.28,47
2026-05-02,Europe,Wholesale,Electronics,Enterprise,947.06,60
2026-05-02,Europe,Wholesale,Apparel,Consumer,1115.84,53
2026-05-02,Europe,Wholesale,Apparel,SMB,520.49,11
2026-05-02,Europe,Wholesale,Apparel,Enterprise,563.63,24
2026-05-02,Europe,Wholesale,Home Goods,Consumer,479.28,10
2026-05-02,Europe,Wholesale,Home Goods,SMB,737.62,23
2026-05-02,Europe,Wholesale,Home Goods,Enterprise,744.39,16
2026-05-02,Europe,Wholesale,Grocery,Consumer,1185.25,58
2026-05-02,Europe,Wholesale,Grocery,SMB,620.75,34
2026-05-02,Europe,Wholesale,Grocery,Enterprise,508.44,18
2026-05-02,APAC,Retail,Electronics,Consumer,940.15,28
2026-05-02,APAC,Retail,Electronics,SMB,1146.33,37
2026-05-02,APAC,Retail,Electronics,Enterprise,1070.48,47
2026-05-02,APAC,Retail,Apparel,Consumer,546.39,15
2026-05-02,APAC,Retail,Apparel,SMB,937.6,30
2026-05-02,APAC,Retail,Apparel,Enterprise,725.4,19
2026-05-02,APAC,Retail,Home Goods,Consumer,730.57,28
2026-05-02,APAC,Retail,Home Goods,SMB,895.9,52
2026-05-02,APAC,Retail,Home Goods,Enterprise,913.16,37
2026-05-02,APAC,Retail,Grocery,Consumer,500.23,12
2026-05-02,APAC,Retail,Grocery,SMB,804.59,33
2026-05-02,APAC,Retail,Grocery,Enterprise,696.47,25
2026-05-02,APAC,Online,Electronics,Consumer,900.8,47
2026-05-02,APAC,Online,Electronics,SMB,1282.61,46
2026-05-02,APAC,Online,Electronics,Enterprise,1296.56,30
2026-05-02,APAC,Online,Apparel,Consumer,492.32,14
2026-05-02,APAC,Online,Apparel,SMB,771.72,51
2026-05-02,APAC,Online,Apparel,Enterprise,797.66,33
2026-05-02,APAC,Online,Home Goods,Consumer,668.56,19
2026-05-02,APAC,Online,Home Goods,SMB,1066.88,36
2026-05-02,APAC,Online,Home Goods,Enterprise,902.64,30
2026-05-02,APAC,Online,Grocery,Consumer,547.59,13
2026-05-02,APAC,Online,Grocery,SMB,830.39,47
2026-05-02,APAC,Online,Grocery,Enterprise,714.93,23
2026-05-02,APAC,Wholesale,Electronics,Consumer,1210.3,30
2026-05-02,APAC,Wholesale,Electronics,SMB,618.94,16
2026-05-02,APAC,Wholesale,Electronics,Enterprise,569.43,27
2026-05-02,APAC,Wholesale,Apparel,Consumer,791.9,50
2026-05-02,APAC,Wholesale,Apparel,SMB,1119.28,27
2026-05-02,APAC,Wholesale,Apparel,Enterprise,1142.05,66
2026-05-02,APAC,Wholesale,Home Goods,Consumer,955.51,45
2026-05-02,APAC,Wholesale,Home Goods,SMB,465.41,12
2026-05-02,APAC,Wholesale,Home Goods,Enterprise,1195.0,34
2026-05-02,APAC,Wholesale,Grocery,Consumer,857.81,56
2026-05-02,APAC,Wholesale,Grocery,SMB,1138.95,62
2026-05-02,APAC,Wholesale,Grocery,Enterprise,922.37,33
2026-05-03,North America,Retail,Electronics,Consumer,1108.98,36
2026-05-03,North America,Retail,Electronics,SMB,1532.78,92
2026-05-03,North America,Retail,Electronics,Enterprise,1230.96,42
2026-05-03,North America,Retail,Apparel,Consumer,668.96,17
2026-05-03,North America,Retail,Apparel,SMB,759.69,23
2026-05-03,North America,Retail,Apparel,Enterprise,628.43,14
2026-05-03,North America,Retail,Home Goods,Consumer,871.67,23
2026-05-03,North America,Retail,Home Goods,SMB,1009.63,33
2026-05-03,North America,Retail,Home Goods,Enterprise,1065.66,25
2026-05-03,North America,Retail,Grocery,Consumer,548.02,14
2026-05-03,North America,Retail,Grocery,SMB,828.97,36
2026-05-03,North America,Retail,Grocery,Enterprise,821.99,24
2026-05-03,North America,Online,Electronics,Consumer,1030.83,30
2026-05-03,North America,Online,Electronics,SMB,364.06,15
2026-05-03,North America,Online,Electronics,Enterprise,1305.58,56
2026-05-03,North America,Online,Apparel,Consumer,600.9,24
2026-05-03,North America,Online,Apparel,SMB,828.43,37
2026-05-03,North America,Online,Apparel,Enterprise,787.32,21
2026-05-03,North America,Online,Home Goods,Consumer,800.64,29
2026-05-03,North America,Online,Home Goods,SMB,1058.44,33
2026-05-03,North America,Online,Home Goods,Enterprise,972.05,35
2026-05-03,North America,Online,Grocery,Consumer,621.63,14
2026-05-03,North America,Online,Grocery,SMB,792.49,19
2026-05-03,North America,Online,Grocery,Enterprise,767.13,20
2026-05-03,North America,Wholesale,Electronics,Consumer,437.2,17
2026-05-03,North America,Wholesale,Electronics,SMB,726.29,19
2026-05-03,North America,Wholesale,Electronics,Enterprise,731.3,26
2026-05-03,North America,Wholesale,Apparel,Consumer,759.73,20
2026-05-03,North America,Wholesale,Apparel,SMB,1060.58,49
2026-05-03,North America,Wholesale,Apparel,Enterprise,1080.33,50
2026-05-03,North America,Wholesale,Home Goods,Consumer,1105.89,44
2026-05-03,North America,Wholesale,Home Goods,SMB,511.87,14
2026-05-03,North America,Wholesale,Home Goods,Enterprise,421.6,14
2026-05-03,North America,Wholesale,Grocery,Consumer,949.11,50
2026-05-03,North America,Wholesale,Grocery,SMB,1189.78,44
2026-05-03,North America,Wholesale,Grocery,Enterprise,1122.22,35
2026-05-03,Europe,Retail,Electronics,Consumer,1442.61,75
2026-05-03,Europe,Retail,Electronics,SMB,691.19,23
2026-05-03,Europe,Retail,Electronics,Enterprise,654.21,30
2026-05-03,Europe,Retail,Apparel,Consumer,878.82,35
2026-05-03,Europe,Retail,Apparel,SMB,1146.28,30
2026-05-03,Europe,Retail,Apparel,Enterprise,987.55,24
2026-05-03,Europe,Retail,Home Goods,Consumer,1081.49,69
2026-05-03,Europe,Retail,Home Goods,SMB,479.34,15
2026-05-03,Europe,Retail,Home Goods,Enterprise,1391.16,40
2026-05-03,Europe,Retail,Grocery,Consumer,879.96,22
2026-05-03,Europe,Retail,Grocery,SMB,1071.85,24
2026-05-03,Europe,Retail,Grocery,Enterprise,973.54,46
2026-05-03,Europe,Online,Electronics,Consumer,418.25,22
2026-05-03,Europe,Online,Electronics,SMB,686.01,19
2026-05-03,Europe,Online,Electronics,Enterprise,581.35,16
2026-05-03,Europe,Online,Apparel,Consumer,843.08,22
2026-05-03,Europe,Online,Apparel,SMB,1205.8,32
2026-05-03,Europe,Online,Apparel,Enterprise,1177.24,63
2026-05-03,Europe,Online,Home Goods,Consumer,1180.78,64
2026-05-03,Europe,Online,Home Goods,SMB,380.2,24
2026-05-03,Europe,Online,Home Goods,Enterprise,1239.68,28
2026-05-03,Europe,Online,Grocery,Consumer,982.41,36
2026-05-03,Europe,Online,Grocery,SMB,1157.91,32
2026-05-03,Europe,Online,Grocery,Enterprise,1062.95,31
2026-05-03,Europe,Wholesale,Electronics,Consumer,798.37,19
2026-05-03,Europe,Wholesale,Electronics,SMB,1083.32,32
2026-05-03,Europe,Wholesale,Electronics,Enterprise,1087.15,28
2026-05-03,Europe,Wholesale,Apparel,Consumer,1368.09,53
2026-05-03,Europe,Wholesale,Apparel,SMB,523.98,17
2026-05-03,Europe,Wholesale,Apparel,Enterprise,510.54,20
2026-05-03,Europe,Wholesale,Home Goods,Consumer,548.98,30
2026-05-03,Europe,Wholesale,Home Goods,SMB,692.13,15
2026-05-03,Europe,Wholesale,Home Goods,Enterprise,646.94,17
2026-05-03,Europe,Wholesale,Grocery,Consumer,1066.95,38
2026-05-03,Europe,Wholesale,Grocery,SMB,572.66,24
2026-05-03,Europe,Wholesale,Grocery,Enterprise,409.45,10
2026-05-03,APAC,Retail,Electronics,Consumer,864.23,30
2026-05-03,APAC,Retail,Electronics,SMB,1204.11,32
2026-05-03,APAC,Retail,Electronics,Enterprise,1141.05,28
2026-05-03,APAC,Retail,Apparel,Consumer,590.34,33
2026-05-03,APAC,Retail,Apparel,SMB,827.91,28
2026-05-03,APAC,Retail,Apparel,Enterprise,694.68,20
2026-05-03,APAC,Retail,Home Goods,Consumer,724.72,17
2026-05-03,APAC,Retail,Home Goods,SMB,1030.53,50
2026-05-03,APAC,Retail,Home Goods,Enterprise,979.97,38
2026-05-03,APAC,Retail,Grocery,Consumer,607.1,14
2026-05-03,APAC,Retail,Grocery,SMB,799.17,52
2026-05-03,APAC,Retail,Grocery,Enterprise,700.25,16
2026-05-03,APAC,Online,Electronics,Consumer,1057.48,35
2026-05-03,APAC,Online,Electronics,SMB,1315.78,34
2026-05-03,APAC,Online,Electronics,Enterprise,1117.0,37
2026-05-03,APAC,Online,Apparel,Consumer,459.72,11
2026-05-03,APAC,Online,Apparel,SMB,834.63,23
2026-05-03,APAC,Online,Apparel,Enterprise,750.75,31
2026-05-03,APAC,Online,Home Goods,Consumer,680.66,22
2026-05-03,APAC,Online,Home Goods,SMB,975.65,35
2026-05-03,APAC,Online,Home Goods,Enterprise,950.26,26
2026-05-03,APAC,Online,Grocery,Consumer,498.51,21
2026-05-03,APAC,Online,Grocery,SMB,818.71,39
2026-05-03,APAC,Online,Grocery,Enterprise,780.43,41
2026-05-03,APAC,Wholesale,Electronics,Consumer,1103.89,53
2026-05-03,APAC,Wholesale,Electronics,SMB,634.19,29
2026-05-03,APAC,Wholesale,Electronics,Enterprise,510.21,11
2026-05-03,APAC,Wholesale,Apparel,Consumer,844.62,27
2026-05-03,APAC,Wholesale,Apparel,SMB,1107.54,53
2026-05-03,APAC,Wholesale,Apparel,Enterprise,1084.73,49
2026-05-03,APAC,Wholesale,Home Goods,Consumer,1064.13,34
2026-05-03,APAC,Wholesale,Home Goods,SMB,445.37,19
2026-05-03,APAC,Wholesale,Home Goods,Enterprise,1398.42,38
2026-05-03,APAC,Wholesale,Grocery,Consumer,842.02,44
2026-05-03,APAC,Wholesale,Grocery,SMB,1209.67,29
2026-05-03,APAC,Wholesale,Grocery,Enterprise,995.91,30
2026-05-04,North America,Retail,Electronics,Consumer,930.94,45
2026-05-04,North America,Retail,Electronics,SMB,1320.4,79
2026-05-04,North America,Retail,Electronics,Enterprise,1334.55,33
2026-05-04,North America,Retail,Apparel,Consumer,559.89,20
2026-05-04,North America,Retail,Apparel,SMB,947.73,57
2026-05-04,North America,Retail,Apparel,Enterprise,832.07,42
2026-05-04,North America,Retail,Home Goods,Consumer,752.53,16
2026-05-04,North America,Retail,Home Goods,SMB,1056.58,56
2026-05-04,North America,Retail,Home Goods,Enterprise,1026.06,26
2026-05-04,North America,Retail,Grocery,Consumer,535.62,24
2026-05-04,North America,Retail,Grocery,SMB,806.47,28
2026-05-04,North America,Retail,Grocery,Enterprise,803.93,19
2026-05-04,North America,Online,Electronics,Consumer,1090.59,32
2026-05-04,North America,Online,Electronics,SMB,401.28,12
2026-05-04,North America,Online,Electronics,Enterprise,1219.08,57
2026-05-04,North America,Online,Apparel,Consumer,469.96,22
2026-05-04,North America,Online,Apparel,SMB,843.42,41
2026-05-04,North America,Online,Apparel,Enterprise,764.52,44
2026-05-04,North America,Online,Home Goods,Consumer,877.64,26
2026-05-04,North America,Online,Home Goods,SMB,1090.6,45
2026-05-04,North America,Online,Home Goods,Enterprise,1034.85,28
2026-05-04,North America,Online,Grocery,Consumer,680.32,23
2026-05-04,North America,Online,Grocery,SMB,825.26,21
2026-05-04,North America,Online,Grocery,Enterprise,680.82,20
2026-05-04,North America,Wholesale,Electronics,Consumer,396.58,14
2026-05-04,North America,Wholesale,Electronics,SMB,607.87,19
2026-05-04,North America,Wholesale,Electronics,Enterprise,584.49,14
2026-05-04,North America,Wholesale,Apparel,Consumer,775.75,45
2026-05-04,North America,Wholesale,Apparel,SMB,1224.94,32
2026-05-04,North America,Wholesale,Apparel,Enterprise,1181.06,36
2026-05-04,North America,Wholesale,Home Goods,Consumer,1114.85,31
2026-05-04,North America,Wholesale,Home Goods,SMB,528.33,14
2026-05-04,North America,Wholesale,Home Goods,Enterprise,477.72,16
2026-05-04,North America,Wholesale,Grocery,Consumer,893.3,51
2026-05-04,North America,Wholesale,Grocery,SMB,1305.42,52
2026-05-04,North America,Wholesale,Grocery,Enterprise,1160.98,51
2026-05-04,Europe,Retail,Electronics,Consumer,1518.6,37
2026-05-04,Europe,Retail,Electronics,SMB,753.27,23
2026-05-04,Europe,Retail,Electronics,Enterprise,791.8,22
2026-05-04,Europe,Retail,Apparel,Consumer,775.72,33
2026-05-04,Europe,Retail,Apparel,SMB,1288.37,44
2026-05-04,Europe,Retail,Apparel,Enterprise,1107.01,32
2026-05-04,Europe,Retail,Home Goods,Consumer,1129.34,34
2026-05-04,Europe,Retail,Home Goods,SMB,452.18,13
2026-05-04,Europe,Retail,Home Goods,Enterprise,1249.74,49
2026-05-04,Europe,Retail,Grocery,Consumer,881.6,35
2026-05-04,Europe,Retail,Grocery,SMB,1073.69,43
2026-05-04,Europe,Retail,Grocery,Enterprise,941.61,26
2026-05-04,Europe,Online,Electronics,Consumer,381.66,9
2026-05-04,Europe,Online,Electronics,SMB,809.71,25
2026-05-04,Europe,Online,Electronics,Enterprise,572.09,23
2026-05-04,Europe,Online,Apparel,Consumer,878.78,19
2026-05-04,Europe,Online,Apparel,SMB,1053.31,23
2026-05-04,Europe,Online,Apparel,Enterprise,1133.56,32
2026-05-04,Europe,Online,Home Goods,Consumer,999.48,48
2026-05-04,Europe,Online,Home Goods,SMB,457.78,17
2026-05-04,Europe,Online,Home Goods,Enterprise,1304.89,34
2026-05-04,Europe,Online,Grocery,Consumer,784.98,37
2026-05-04,Europe,Online,Grocery,SMB,962.35,34
2026-05-04,Europe,Online,Grocery,Enterprise,1035.78,28
2026-05-04,Europe,Wholesale,Electronics,Consumer,830.83,24
2026-05-04,Europe,Wholesale,Electronics,SMB,1149.85,51
2026-05-04,Europe,Wholesale,Electronics,Enterprise,983.36,31
2026-05-04,Europe,Wholesale,Apparel,Consumer,1281.27,71
2026-05-04,Europe,Wholesale,Apparel,SMB,662.4,22
2026-05-04,Europe,Wholesale,Apparel,Enterprise,489.75,26
2026-05-04,Europe,Wholesale,Home Goods,Consumer,528.42,14
2026-05-04,Europe,Wholesale,Home Goods,SMB,722.68,23
2026-05-04,Europe,Wholesale,Home Goods,Enterprise,702.02,15
2026-05-04,Europe,Wholesale,Grocery,Consumer,1383.64,62
2026-05-04,Europe,Wholesale,Grocery,SMB,541.33,12
2026-05-04,Europe,Wholesale,Grocery,Enterprise,503.15,16
2026-05-04,APAC,Retail,Electronics,Consumer,1059.12,45
2026-05-04,APAC,Retail,Electronics,SMB,1095.72,28
2026-05-04,APAC,Retail,Electronics,Enterprise,975.35,32
2026-05-04,APAC,Retail,Apparel,Consumer,559.58,14
2026-05-04,APAC,Retail,Apparel,SMB,782.05,23
2026-05-04,APAC,Retail,Apparel,Enterprise,771.74,17
2026-05-04,APAC,Retail,Home Goods,Consumer,701.72,22
2026-05-04,APAC,Retail,Home Goods,SMB,1020.0,40
2026-05-04,APAC,Retail,Home Goods,Enterprise,858.04,29
2026-05-04,APAC,Retail,Grocery,Consumer,515.89,20
2026-05-04,APAC,Retail,Grocery,SMB,852.91,26
2026-05-04,APAC,Retail,Grocery,Enterprise,831.52,37
2026-05-04,APAC,Online,Electronics,Consumer,956.64,25
2026-05-04,APAC,Online,Electronics,SMB,1205.86,33
2026-05-04,APAC,Online,Electronics,Enterprise,1200.68,34
2026-05-04,APAC,Online,Apparel,Consumer,477.29,12
2026-05-04,APAC,Online,Apparel,SMB,871.03,54
2026-05-04,APAC,Online,Apparel,Enterprise,719.81,23
2026-05-04,APAC,Online,Home Goods,Consumer,638.3,15
2026-05-04,APAC,Online,Home Goods,SMB,932.48,33
2026-05-04,APAC,Online,Home Goods,Enterprise,868.96,23
2026-05-04,APAC,Online,Grocery,Consumer,529.29,19
2026-05-04,APAC,Online,Grocery,SMB,797.63,27
2026-05-04,APAC,Online,Grocery,Enterprise,721.29,16
2026-05-04,APAC,Wholesale,Electronics,Consumer,1189.43,34
2026-05-04,APAC,Wholesale,Electronics,SMB,722.25,17
2026-05-04,APAC,Wholesale,Electronics,Enterprise,640.58,24
2026-05-04,APAC,Wholesale,Apparel,Consumer,728.25,29
2026-05-04,APAC,Wholesale,Apparel,SMB,1086.57,26
2026-05-04,APAC,Wholesale,Apparel,Enterprise,908.34,56
2026-05-04,APAC,Wholesale,Home Goods,Consumer,1166.67,27
2026-05-04,APAC,Wholesale,Home Goods,SMB,460.72,10
2026-05-04,APAC,Wholesale,Home Goods,Enterprise,1268.8,70
2026-05-04,APAC,Wholesale,Grocery,Consumer,782.96,23
2026-05-04,APAC,Wholesale,Grocery,SMB,1206.65,33
2026-05-04,APAC,Wholesale,Grocery,Enterprise,1002.52,23
2026-05-05,North America,Retail,Electronics,Consumer,1156.08,48
2026-05-05,North America,Retail,Electronics,SMB,1351.81,51
2026-05-05,North America,Retail,Electronics,Enterprise,1303.89,40
2026-05-05,North America,Retail,Apparel,Consumer,624.17,16
2026-05-05,North America,Retail,Apparel,SMB,874.46,21
2026-05-05,North America,Retail,Apparel,Enterprise,814.52,24
2026-05-05,North America,Retail,Home Goods,Consumer,811.17,42
2026-05-05,North America,Retail,Home Goods,SMB,1276.42,44
2026-05-05,North America,Retail,Home Goods,Enterprise,1014.44,66
2026-05-05,North America,Retail,Grocery,Consumer,637.91,16
2026-05-05,North America,Retail,Grocery,SMB,969.46,49
2026-05-05,North America,Retail,Grocery,Enterprise,757.01,26
2026-05-05,North America,Online,Electronics,Consumer,959.58,28
2026-05-05,North America,Online,Electronics,SMB,438.4,15
2026-05-05,North America,Online,Electronics,Enterprise,1233.88,58
2026-05-05,North America,Online,Apparel,Consumer,673.11,25
2026-05-05,North America,Online,Apparel,SMB,814.36,25
2026-05-05,North America,Online,Apparel,Enterprise,800.94,24
2026-05-05,North America,Online,Home Goods,Consumer,860.95,19
2026-05-05,North America,Online,Home Goods,SMB,1085.65,31
2026-05-05,North America,Online,Home Goods,Enterprise,1003.85,28
2026-05-05,North America,Online,Grocery,Consumer,666.79,17
2026-05-05,North America,Online,Grocery,SMB,979.34,32
2026-05-05,North America,Online,Grocery,Enterprise,845.1,20
2026-05-05,North America,Wholesale,Electronics,Consumer,425.79,12
2026-05-05,North America,Wholesale,Electronics,SMB,822.78,32
2026-05-05,North America,Wholesale,Electronics,Enterprise,605.44,17
2026-05-05,North America,Wholesale,Apparel,Consumer,825.94,22
2026-05-05,North America,Wholesale,Apparel,SMB,1086.32,32
2026-05-05,North America,Wholesale,Apparel,Enterprise,971.69,23
2026-05-05,North America,Wholesale,Home Goods,Consumer,1079.05,38
2026-05-05,North America,Wholesale,Home Goods,SMB,480.21,14
2026-05-05,North America,Wholesale,Home Goods,Enterprise,437.31,18
2026-05-05,North America,Wholesale,Grocery,Consumer,892.07,23
2026-05-05,North America,Wholesale,Grocery,SMB,1229.14,39
2026-05-05,North America,Wholesale,Grocery,Enterprise,1180.24,26
2026-05-05,Europe,Retail,Electronics,Consumer,1070.91,26
2026-05-05,Europe,Retail,Electronics,SMB,654.88,28
2026-05-05,Europe,Retail,Electronics,Enterprise,634.27,16
2026-05-05,Europe,Retail,Apparel,Consumer,787.8,21
2026-05-05,Europe,Retail,Apparel,SMB,1116.13,25
2026-05-05,Europe,Retail,Apparel,Enterprise,1106.97,57
2026-05-05,Europe,Retail,Home Goods,Consumer,1249.9,34
2026-05-05,Europe,Retail,Home Goods,SMB,448.62,10
2026-05-05,Europe,Retail,Home Goods,Enterprise,1478.26,56
2026-05-05,Europe,Retail,Grocery,Consumer,854.02,22
2026-05-05,Europe,Retail,Grocery,SMB,1276.85,44
2026-05-05,Europe,Retail,Grocery,Enterprise,1102.47,31
2026-05-05,Europe,Online,Electronics,Consumer,380.12,9
2026-05-05,Europe,Online,Electronics,SMB,618.12,14
2026-05-05,Europe,Online,Electronics,Enterprise,640.81,40
2026-05-05,Europe,Online,Apparel,Consumer,893.68,21
2026-05-05,Europe,Online,Apparel,SMB,955.61,44
2026-05-05,Europe,Online,Apparel,Enterprise,1003.09,59
2026-05-05,Europe,Online,Home Goods,Consumer,1171.21,48
2026-05-05,Europe,Online,Home Goods,SMB,394.63,14
2026-05-05,Europe,Online,Home Goods,Enterprise,1459.45,60
2026-05-05,Europe,Online,Grocery,Consumer,1015.61,34
2026-05-05,Europe,Online,Grocery,SMB,1325.67,69
2026-05-05,Europe,Online,Grocery,Enterprise,1202.14,42
2026-05-05,Europe,Wholesale,Electronics,Consumer,673.57,15
2026-05-05,Europe,Wholesale,Electronics,SMB,885.1,32
2026-05-05,Europe,Wholesale,Electronics,Enterprise,929.9,33
2026-05-05,Europe,Wholesale,Apparel,Consumer,1126.32,62
2026-05-05,Europe,Wholesale,Apparel,SMB,516.98,11
2026-05-05,Europe,Wholesale,Apparel,Enterprise,496.71,31
2026-05-05,Europe,Wholesale,Home Goods,Consumer,474.96,10
2026-05-05,Europe,Wholesale,Home Goods,SMB,836.53,20
2026-05-05,Europe,Wholesale,Home Goods,Enterprise,788.91,25
2026-05-05,Europe,Wholesale,Grocery,Consumer,1288.58,29
2026-05-05,Europe,Wholesale,Grocery,SMB,555.24,26
2026-05-05,Europe,Wholesale,Grocery,Enterprise,548.27,29
2026-05-05,APAC,Retail,Electronics,Consumer,997.31,28
2026-05-05,APAC,Retail,Electronics,SMB,1142.47,33
2026-05-05,APAC,Retail,Electronics,Enterprise,1146.17,29
2026-05-05,APAC,Retail,Apparel,Consumer,506.13,22
2026-05-05,APAC,Retail,Apparel,SMB,850.51,49
2026-05-05,APAC,Retail,Apparel,Enterprise,777.12,20
2026-05-05,APAC,Retail,Home Goods,Consumer,745.91,18
2026-05-05,APAC,Retail,Home Goods,SMB,1071.71,43
2026-05-05,APAC,Retail,Home Goods,Enterprise,1045.79,69
2026-05-05,APAC,Retail,Grocery,Consumer,606.28,14
2026-05-05,APAC,Retail,Grocery,SMB,836.14,37
2026-05-05,APAC,Retail,Grocery,Enterprise,770.85,38
2026-05-05,APAC,Online,Electronics,Consumer,943.76,61
2026-05-05,APAC,Online,Electronics,SMB,1215.85,31
2026-05-05,APAC,Online,Electronics,Enterprise,1172.25,57
2026-05-05,APAC,Online,Apparel,Consumer,551.34,33
2026-05-05,APAC,Online,Apparel,SMB,792.95,21
2026-05-05,APAC,Online,Apparel,Enterprise,656.92,22
2026-05-05,APAC,Online,Home Goods,Consumer,751.42,41
2026-05-05,APAC,Online,Home Goods,SMB,924.5,30
2026-05-05,APAC,Online,Home Goods,Enterprise,973.36,25
2026-05-05,APAC,Online,Grocery,Consumer,532.7,12
2026-05-05,APAC,Online,Grocery,SMB,747.14,17
2026-05-05,APAC,Online,Grocery,Enterprise,741.08,44
2026-05-05,APAC,Wholesale,Electronics,Consumer,1169.77,32
2026-05-05,APAC,Wholesale,Electronics,SMB,660.98,22
2026-05-05,APAC,Wholesale,Electronics,Enterprise,600.42,34
2026-05-05,APAC,Wholesale,Apparel,Consumer,819.99,24
2026-05-05,APAC,Wholesale,Apparel,SMB,1181.59,34
2026-05-05,APAC,Wholesale,Apparel,Enterprise,1073.94,34
2026-05-05,APAC,Wholesale,Home Goods,Consumer,933.48,30
2026-05-05,APAC,Wholesale,Home Goods,SMB,541.34,18
2026-05-05,APAC,Wholesale,Home Goods,Enterprise,1234.36,34
2026-05-05,APAC,Wholesale,Grocery,Consumer,836.75,20
2026-05-05,APAC,Wholesale,Grocery,SMB,1047.12,28
2026-05-05,APAC,Wholesale,Grocery,Enterprise,950.07,44
2026-05-06,North America,Retail,Electronics,Consumer,961.09,38
2026-05-06,North America,Retail,Electronics,SMB,1321.43,46
2026-05-06,North America,Retail,Electronics,Enterprise,1192.0,42
2026-05-06,North America,Retail,Apparel,Consumer,589.43,16
2026-05-06,North America,Retail,Apparel,SMB,833.09,19
2026-05-06,North America,Retail,Apparel,Enterprise,817.9,48
2026-05-06,North America,Retail,Home Goods,Consumer,816.97,45
2026-05-06,North America,Retail,Home Goods,SMB,1051.56,28
2026-05-06,North America,Retail,Home Goods,Enterprise,1055.22,32
2026-05-06,North America,Retail,Grocery,Consumer,544.26,17
2026-05-06,North America,Retail,Grocery,SMB,865.69,33
2026-05-06,North America,Retail,Grocery,Enterprise,843.17,24
2026-05-06,North America,Online,Electronics,Consumer,1021.29,27
2026-05-06,North America,Online,Electronics,SMB,338.11,7
2026-05-06,North America,Online,Electronics,Enterprise,1159.79,35
2026-05-06,North America,Online,Apparel,Consumer,557.39,26
2026-05-06,North America,Online,Apparel,SMB,837.73,45
2026-05-06,North America,Online,Apparel,Enterprise,758.19,18
2026-05-06,North America,Online,Home Goods,Consumer,733.28,22
2026-05-06,North America,Online,Home Goods,SMB,1198.24,30
2026-05-06,North America,Online,Home Goods,Enterprise,1144.46,28
2026-05-06,North America,Online,Grocery,Consumer,496.61,14
2026-05-06,North America,Online,Grocery,SMB,876.78,20
2026-05-06,North America,Online,Grocery,Enterprise,806.21,20
2026-05-06,North America,Wholesale,Electronics,Consumer,437.57,12
2026-05-06,North America,Wholesale,Electronics,SMB,758.22,31
2026-05-06,North America,Wholesale,Electronics,Enterprise,649.91,15
2026-05-06,North America,Wholesale,Apparel,Consumer,908.75,28
2026-05-06,North America,Wholesale,Apparel,SMB,1141.46,33
2026-05-06,North America,Wholesale,Apparel,Enterprise,1143.81,71
2026-05-06,North America,Wholesale,Home Goods,Consumer,1124.47,40
2026-05-06,North America,Wholesale,Home Goods,SMB,479.72,19
2026-05-06,North America,Wholesale,Home Goods,Enterprise,400.54,10
2026-05-06,North America,Wholesale,Grocery,Consumer,1010.15,31
2026-05-06,North America,Wholesale,Grocery,SMB,1233.31,62
2026-05-06,North America,Wholesale,Grocery,Enterprise,1152.22,34
2026-05-06,Europe,Retail,Electronics,Consumer,1258.01,36
2026-05-06,Europe,Retail,Electronics,SMB,639.61,21
2026-05-06,Europe,Retail,Electronics,Enterprise,572.63,15
2026-05-06,Europe,Retail,Apparel,Consumer,877.53,47
2026-05-06,Europe,Retail,Apparel,SMB,1072.67,30
2026-05-06,Europe,Retail,Apparel,Enterprise,1100.81,37
2026-05-06,Europe,Retail,Home Goods,Consumer,1068.87,39
2026-05-06,Europe,Retail,Home Goods,SMB,454.18,13
2026-05-06,Europe,Retail,Home Goods,Enterprise,1382.65,64
2026-05-06,Europe,Retail,Grocery,Consumer,882.88,46
2026-05-06,Europe,Retail,Grocery,SMB,1159.13,76
2026-05-06,Europe,Retail,Grocery,Enterprise,1170.93,31
2026-05-06,Europe,Online,Electronics,Consumer,414.09,11
2026-05-06,Europe,Online,Electronics,SMB,729.66,24
2026-05-06,Europe,Online,Electronics,Enterprise,657.43,38
2026-05-06,Europe,Online,Apparel,Consumer,753.82,18
2026-05-06,Europe,Online,Apparel,SMB,1161.18,27
2026-05-06,Europe,Online,Apparel,Enterprise,1079.39,26
2026-05-06,Europe,Online,Home Goods,Consumer,985.2,27
2026-05-06,Europe,Online,Home Goods,SMB,445.61,16
2026-05-06,Europe,Online,Home Goods,Enterprise,1314.99,53
2026-05-06,Europe,Online,Grocery,Consumer,893.61,22
2026-05-06,Europe,Online,Grocery,SMB,1036.15,24
2026-05-06,Europe,Online,Grocery,Enterprise,984.95,55
2026-05-06,Europe,Wholesale,Electronics,Consumer,743.03,22
2026-05-06,Europe,Wholesale,Electronics,SMB,951.43,30
2026-05-06,Europe,Wholesale,Electronics,Enterprise,881.03,34
2026-05-06,Europe,Wholesale,Apparel,Consumer,1230.6,49
2026-05-06,Europe,Wholesale,Apparel,SMB,589.49,32
2026-05-06,Europe,Wholesale,Apparel,Enterprise,535.12,17
2026-05-06,Europe,Wholesale,Home Goods,Consumer,536.1,14
2026-05-06,Europe,Wholesale,Home Goods,SMB,754.47,19
2026-05-06,Europe,Wholesale,Home Goods,Enterprise,734.76,37
2026-05-06,Europe,Wholesale,Grocery,Consumer,1138.16,54
2026-05-06,Europe,Wholesale,Grocery,SMB,521.72,15
2026-05-06,Europe,Wholesale,Grocery,Enterprise,474.15,23
2026-05-06,APAC,Retail,Electronics,Consumer,961.68,25
2026-05-06,APAC,Retail,Electronics,SMB,1117.21,29
2026-05-06,APAC,Retail,Electronics,Enterprise,961.66,30
2026-05-06,APAC,Retail,Apparel,Consumer,540.3,15
2026-05-06,APAC,Retail,Apparel,SMB,703.08,20
2026-05-06,APAC,Retail,Apparel,Enterprise,642.4,32
2026-05-06,APAC,Retail,Home Goods,Consumer,792.78,32
2026-05-06,APAC,Retail,Home Goods,SMB,1053.57,45
2026-05-06,APAC,Retail,Home Goods,Enterprise,1032.68,42
2026-05-06,APAC,Retail,Grocery,Consumer,550.54,19
2026-05-06,APAC,Retail,Grocery,SMB,930.31,53
2026-05-06,APAC,Retail,Grocery,Enterprise,785.42,19
2026-05-06,APAC,Online,Electronics,Consumer,1017.72,33
2026-05-06,APAC,Online,Electronics,SMB,1127.29,39
2026-05-06,APAC,Online,Electronics,Enterprise,1010.27,24
2026-05-06,APAC,Online,Apparel,Consumer,490.57,17
2026-05-06,APAC,Online,Apparel,SMB,831.0,33
2026-05-06,APAC,Online,Apparel,Enterprise,649.3,22
2026-05-06,APAC,Online,Home Goods,Consumer,751.33,41
2026-05-06,APAC,Online,Home Goods,SMB,1044.71,24
2026-05-06,APAC,Online,Home Goods,Enterprise,885.22,29
2026-05-06,APAC,Online,Grocery,Consumer,593.62,29
2026-05-06,APAC,Online,Grocery,SMB,820.0,29
2026-05-06,APAC,Online,Grocery,Enterprise,814.38,26
2026-05-06,APAC,Wholesale,Electronics,Consumer,1325.32,56
2026-05-06,APAC,Wholesale,Electronics,SMB,696.46,25
2026-05-06,APAC,Wholesale,Electronics,Enterprise,551.7,14
2026-05-06,APAC,Wholesale,Apparel,Consumer,910.53,26
2026-05-06,APAC,Wholesale,Apparel,SMB,1152.42,32
2026-05-06,APAC,Wholesale,Apparel,Enterprise,1062.02,45
2026-05-06,APAC,Wholesale,Home Goods,Consumer,1037.67,24
2026-05-06,APAC,Wholesale,Home Goods,SMB,389.24,9
2026-05-06,APAC,Wholesale,Home Goods,Enterprise,1203.76,62
2026-05-06,APAC,Wholesale,Grocery,Consumer,934.4,36
2026-05-06,APAC,Wholesale,Grocery,SMB,1276.08,47
2026-05-06,APAC,Wholesale,Grocery,Enterprise,1042.31,31
2026-05-07,North America,Retail,Electronics,Consumer,1081.79,41
2026-05-07,North America,Retail,Electronics,SMB,1265.03,32
2026-05-07,North America,Retail,Electronics,Enterprise,1286.66,32
2026-05-07,North America,Retail,Apparel,Consumer,515.38,13
2026-05-07,North America,Retail,Apparel,SMB,827.76,24
2026-05-07,North America,Retail,Apparel,Enterprise,720.83,26
2026-05-07,North America,Retail,Home Goods,Consumer,763.6,37
2026-05-07,North America,Retail,Home Goods,SMB,1147.87,53
2026-05-07,North America,Retail,Home Goods,Enterprise,1104.79,50
2026-05-07,North America,Retail,Grocery,Consumer,583.08,30
2026-05-07,North America,Retail,Grocery,SMB,1003.56,55
2026-05-07,North America,Retail,Grocery,Enterprise,872.55,22
2026-05-07,North America,Online,Electronics,Consumer,1107.36,68
2026-05-07,North America,Online,Electronics,SMB,345.46,13
2026-05-07,North America,Online,Electronics,Enterprise,1239.35,47
2026-05-07,North America,Online,Apparel,Consumer,558.41,28
2026-05-07,North America,Online,Apparel,SMB,923.13,23
2026-05-07,North America,Online,Apparel,Enterprise,700.62,35
2026-05-07,North America,Online,Home Goods,Consumer,745.62,21
2026-05-07,North America,Online,Home Goods,SMB,1123.21,50
2026-05-07,North America,Online,Home Goods,Enterprise,957.24,25
2026-05-07,North America,Online,Grocery,Consumer,618.61,21
2026-05-07,North America,Online,Grocery,SMB,827.32,21
2026-05-07,North America,Online,Grocery,Enterprise,806.06,27
2026-05-07,North America,Wholesale,Electronics,Consumer,457.18,10
2026-05-07,North America,Wholesale,Electronics,SMB,674.41,15
2026-05-07,North America,Wholesale,Electronics,Enterprise,611.72,23
2026-05-07,North America,Wholesale,Apparel,Consumer,916.0,29
2026-05-07,North America,Wholesale,Apparel,SMB,1354.63,34
2026-05-07,North America,Wholesale,Apparel,Enterprise,1080.42,56
2026-05-07,North America,Wholesale,Home Goods,Consumer,1126.0,27
2026-05-07,North America,Wholesale,Home Goods,SMB,566.19,17
2026-05-07,North America,Wholesale,Home Goods,Enterprise,493.29,12
2026-05-07,North America,Wholesale,Grocery,Consumer,1009.9,42
2026-05-07,North America,Wholesale,Grocery,SMB,1212.34,28
2026-05-07,North America,Wholesale,Grocery,Enterprise,1064.64,54
2026-05-07,Europe,Retail,Electronics,Consumer,1064.28,49
2026-05-07,Europe,Retail,Electronics,SMB,728.24,25
2026-05-07,Europe,Retail,Electronics,Enterprise,602.37,36
2026-05-07,Europe,Retail,Apparel,Consumer,870.94,28
2026-05-07,Europe,Retail,Apparel,SMB,1166.27,44
2026-05-07,Europe,Retail,Apparel,Enterprise,1346.41,84
2026-05-07,Europe,Retail,Home Goods,Consumer,1232.1,35
2026-05-07,Europe,Retail,Home Goods,SMB,434.12,11
2026-05-07,Europe,Retail,Home Goods,Enterprise,1350.29,33
2026-05-07,Europe,Retail,Grocery,Consumer,924.04,25
2026-05-07,Europe,Retail,Grocery,SMB,1255.5,44
2026-05-07,Europe,Retail,Grocery,Enterprise,1197.69,79
2026-05-07,Europe,Online,Electronics,Consumer,421.62,10
2026-05-07,Europe,Online,Electronics,SMB,702.03,22
2026-05-07,Europe,Online,Electronics,Enterprise,604.44,32
2026-05-07,Europe,Online,Apparel,Consumer,778.39,32
2026-05-07,Europe,Online,Apparel,SMB,1134.96,41
2026-05-07,Europe,Online,Apparel,Enterprise,1100.52,28
2026-05-07,Europe,Online,Home Goods,Consumer,1045.4,24
2026-05-07,Europe,Online,Home Goods,SMB,472.83,14
2026-05-07,Europe,Online,Home Goods,Enterprise,1423.42,63
2026-05-07,Europe,Online,Grocery,Consumer,892.77,46
2026-05-07,Europe,Online,Grocery,SMB,1049.68,47
2026-05-07,Europe,Online,Grocery,Enterprise,1149.14,41
2026-05-07,Europe,Wholesale,Electronics,Consumer,706.53,15
2026-05-07,Europe,Wholesale,Electronics,SMB,971.91,57
2026-05-07,Europe,Wholesale,Electronics,Enterprise,844.47,18
2026-05-07,Europe,Wholesale,Apparel,Consumer,1162.67,36
2026-05-07,Europe,Wholesale,Apparel,SMB,523.79,15
2026-05-07,Europe,Wholesale,Apparel,Enterprise,522.29,11
2026-05-07,Europe,Wholesale,Home Goods,Consumer,504.83,13
2026-05-07,Europe,Wholesale,Home Goods,SMB,798.39,31
2026-05-07,Europe,Wholesale,Home Goods,Enterprise,709.36,18
2026-05-07,Europe,Wholesale,Grocery,Consumer,1068.39,28
2026-05-07,Europe,Wholesale,Grocery,SMB,578.02,18
2026-05-07,Europe,Wholesale,Grocery,Enterprise,526.8,13
2026-05-07,APAC,Retail,Electronics,Consumer,1008.84,34
2026-05-07,APAC,Retail,Electronics,SMB,1383.54,38
2026-05-07,APAC,Retail,Electronics,Enterprise,1047.11,61
2026-05-07,APAC,Retail,Apparel,Consumer,456.01,11
2026-05-07,APAC,Retail,Apparel,SMB,741.98,45
2026-05-07,APAC,Retail,Apparel,Enterprise,736.69,35
2026-05-07,APAC,Retail,Home Goods,Consumer,867.14,28
2026-05-07,APAC,Retail,Home Goods,SMB,1066.29,23
2026-05-07,APAC,Retail,Home Goods,Enterprise,892.14,23
2026-05-07,APAC,Retail,Grocery,Consumer,524.3,25
2026-05-07,APAC,Retail,Grocery,SMB,744.26,18
2026-05-07,APAC,Retail,Grocery,Enterprise,827.37,33
2026-05-07,APAC,Online,Electronics,Consumer,1004.82,24
2026-05-07,APAC,Online,Electronics,SMB,1301.71,34
2026-05-07,APAC,Online,Electronics,Enterprise,1238.75,28
2026-05-07,APAC,Online,Apparel,Consumer,489.96,16
2026-05-07,APAC,Online,Apparel,SMB,652.15,21
2026-05-07,APAC,Online,Apparel,Enterprise,730.06,18
2026-05-07,APAC,Online,Home Goods,Consumer,735.56,22
2026-05-07,APAC,Online,Home Goods,SMB,988.22,24
2026-05-07,APAC,Online,Home Goods,Enterprise,887.68,51
2026-05-07,APAC,Online,Grocery,Consumer,526.34,15
2026-05-07,APAC,Online,Grocery,SMB,788.06,28
2026-05-07,APAC,Online,Grocery,Enterprise,826.43,23
2026-05-07,APAC,Wholesale,Electronics,Consumer,1254.17,30
2026-05-07,APAC,Wholesale,Electronics,SMB,666.36,26
2026-05-07,APAC,Wholesale,Electronics,Enterprise,622.49,14
2026-05-07,APAC,Wholesale,Apparel,Consumer,833.38,19
2026-05-07,APAC,Wholesale,Apparel,SMB,1229.31,47
2026-05-07,APAC,Wholesale,Apparel,Enterprise,1101.2,28
2026-05-07,APAC,Wholesale,Home Goods,Consumer,968.25,50
2026-05-07,APAC,Wholesale,Home Goods,SMB,361.43,10
2026-05-07,APAC,Wholesale,Home Goods,Enterprise,1276.29,75
2026-05-07,APAC,Wholesale,Grocery,Consumer,838.13,21
2026-05-07,APAC,Wholesale,Grocery,SMB,1078.29,33
2026-05-07,APAC,Wholesale,Grocery,Enterprise,1131.56,34
2026-05-08,North America,Retail,Electronics,Consumer,931.48,35
2026-05-08,North America,Retail,Electronics,SMB,1070.37,28
2026-05-08,North America,Retail,Electronics,Enterprise,1121.97,41
2026-05-08,North America,Retail,Apparel,Consumer,553.52,16
2026-05-08,North America,Retail,Apparel,SMB,861.08,23
2026-05-08,North America,Retail,Apparel,Enterprise,823.09,27
2026-05-08,North America,Retail,Home Goods,Consumer,740.43,32
2026-05-08,North America,Retail,Home Goods,SMB,1157.67,50
2026-05-08,North America,Retail,Home Goods,Enterprise,758.94,32
2026-05-08,North America,Retail,Grocery,Consumer,654.37,15
2026-05-08,North America,Retail,Grocery,SMB,846.92,20
2026-05-08,North America,Retail,Grocery,Enterprise,815.84,28
2026-05-08,North America,Online,Electronics,Consumer,1092.29,61
2026-05-08,North America,Online,Electronics,SMB,382.2,10
2026-05-08,North America,Online,Electronics,Enterprise,1282.93,50
2026-05-08,North America,Online,Apparel,Consumer,549.22,32
2026-05-08,North America,Online,Apparel,SMB,724.29,17
2026-05-08,North America,Online,Apparel,Enterprise,760.86,20
2026-05-08,North America,Online,Home Goods,Consumer,889.57,22
2026-05-08,North America,Online,Home Goods,SMB,1034.26,34
2026-05-08,North America,Online,Home Goods,Enterprise,1059.53,55
2026-05-08,North America,Online,Grocery,Consumer,627.4,16
2026-05-08,North America,Online,Grocery,SMB,975.95,37
2026-05-08,North America,Online,Grocery,Enterprise,831.67,21
2026-05-08,North America,Wholesale,Electronics,Consumer,394.09,22
2026-05-08,North America,Wholesale,Electronics,SMB,696.66,28
2026-05-08,North America,Wholesale,Electronics,Enterprise,736.22,23
2026-05-08,North America,Wholesale,Apparel,Consumer,901.71,23
2026-05-08,North America,Wholesale,Apparel,SMB,1200.49,27
2026-05-08,North America,Wholesale,Apparel,Enterprise,1083.73,31
2026-05-08,North America,Wholesale,Home Goods,Consumer,996.66,39
2026-05-08,North America,Wholesale,Home Goods,SMB,526.97,12
2026-05-08,North America,Wholesale,Home Goods,Enterprise,448.49,21
2026-05-08,North America,Wholesale,Grocery,Consumer,820.27,18
2026-05-08,North America,Wholesale,Grocery,SMB,1012.65,60
2026-05-08,North America,Wholesale,Grocery,Enterprise,1219.14,65
2026-05-08,Europe,Retail,Electronics,Consumer,1331.6,53
2026-05-08,Europe,Retail,Electronics,SMB,704.68,19
2026-05-08,Europe,Retail,Electronics,Enterprise,543.25,12
2026-05-08,Europe,Retail,Apparel,Consumer,992.44,24
2026-05-08,Europe,Retail,Apparel,SMB,1139.51,36
2026-05-08,Europe,Retail,Apparel,Enterprise,1192.65,63
2026-05-08,Europe,Retail,Home Goods,Consumer,1047.17,34
2026-05-08,Europe,Retail,Home Goods,SMB,507.34,25
2026-05-08,Europe,Retail,Home Goods,Enterprise,1350.97,38
2026-05-08,Europe,Retail,Grocery,Consumer,865.38,23
2026-05-08,Europe,Retail,Grocery,SMB,1020.86,31
2026-05-08,Europe,Retail,Grocery,Enterprise,989.84,24
2026-05-08,Europe,Online,Electronics,Consumer,409.61,11
2026-05-08,Europe,Online,Electronics,SMB,684.95,21
2026-05-08,Europe,Online,Electronics,Enterprise,564.28,20
2026-05-08,Europe,Online,Apparel,Consumer,766.29,22
2026-05-08,Europe,Online,Apparel,SMB,1015.45,42
2026-05-08,Europe,Online,Apparel,Enterprise,1076.49,24
2026-05-08,Europe,Online,Home Goods,Consumer,929.88,26
2026-05-08,Europe,Online,Home Goods,SMB,475.24,19
2026-05-08,Europe,Online,Home Goods,Enterprise,1331.76,47
2026-05-08,Europe,Online,Grocery,Consumer,895.0,30
2026-05-08,Europe,Online,Grocery,SMB,1202.3,49
2026-05-08,Europe,Online,Grocery,Enterprise,1211.92,33
2026-05-08,Europe,Wholesale,Electronics,Consumer,707.68,15
2026-05-08,Europe,Wholesale,Electronics,SMB,842.76,44
2026-05-08,Europe,Wholesale,Electronics,Enterprise,866.21,35
2026-05-08,Europe,Wholesale,Apparel,Consumer,1269.17,43
2026-05-08,Europe,Wholesale,Apparel,SMB,559.28,31
2026-05-08,Europe,Wholesale,Apparel,Enterprise,523.65,22
2026-05-08,Europe,Wholesale,Home Goods,Consumer,463.31,20
2026-05-08,Europe,Wholesale,Home Goods,SMB,844.91,20
2026-05-08,Europe,Wholesale,Home Goods,Enterprise,745.49,23
2026-05-08,Europe,Wholesale,Grocery,Consumer,1275.29,52
2026-05-08,Europe,Wholesale,Grocery,SMB,589.53,19
2026-05-08,Europe,Wholesale,Grocery,Enterprise,467.68,15
2026-05-08,APAC,Retail,Electronics,Consumer,943.09,21
2026-05-08,APAC,Retail,Electronics,SMB,1250.9,41
2026-05-08,APAC,Retail,Electronics,Enterprise,1225.29,47
2026-05-08,APAC,Retail,Apparel,Consumer,505.09,30
2026-05-08,APAC,Retail,Apparel,SMB,661.82,19
2026-05-08,APAC,Retail,Apparel,Enterprise,727.84,24
2026-05-08,APAC,Retail,Home Goods,Consumer,624.04,22
2026-05-08,APAC,Retail,Home Goods,SMB,980.97,23
2026-05-08,APAC,Retail,Home Goods,Enterprise,929.85,35
2026-05-08,APAC,Retail,Grocery,Consumer,461.28,17
2026-05-08,APAC,Retail,Grocery,SMB,776.21,24
2026-05-08,APAC,Retail,Grocery,Enterprise,729.22,42
2026-05-08,APAC,Online,Electronics,Consumer,823.41,35
2026-05-08,APAC,Online,Electronics,SMB,1230.51,27
2026-05-08,APAC,Online,Electronics,Enterprise,1146.13,25
2026-05-08,APAC,Online,Apparel,Consumer,496.23,18
2026-05-08,APAC,Online,Apparel,SMB,813.15,18
2026-05-08,APAC,Online,Apparel,Enterprise,677.09,17
2026-05-08,APAC,Online,Home Goods,Consumer,761.19,25
2026-05-08,APAC,Online,Home Goods,SMB,1113.49,68
2026-05-08,APAC,Online,Home Goods,Enterprise,996.67,34
2026-05-08,APAC,Online,Grocery,Consumer,566.33,19
2026-05-08,APAC,Online,Grocery,SMB,757.06,30
2026-05-08,APAC,Online,Grocery,Enterprise,705.28,21
2026-05-08,APAC,Wholesale,Electronics,Consumer,1434.47,38
2026-05-08,APAC,Wholesale,Electronics,SMB,790.32,32
2026-05-08,APAC,Wholesale,Electronics,Enterprise,539.63,17
2026-05-08,APAC,Wholesale,Apparel,Consumer,941.25,25
2026-05-08,APAC,Wholesale,Apparel,SMB,1065.46,40
2026-05-08,APAC,Wholesale,Apparel,Enterprise,1193.58,33
2026-05-08,APAC,Wholesale,Home Goods,Consumer,1169.16,30
2026-05-08,APAC,Wholesale,Home Goods,SMB,434.13,11
2026-05-08,APAC,Wholesale,Home Goods,Enterprise,1262.03,43
2026-05-08,APAC,Wholesale,Grocery,Consumer,841.27,19
2026-05-08,APAC,Wholesale,Grocery,SMB,1170.33,36
2026-05-08,APAC,Wholesale,Grocery,Enterprise,924.18,25
2026-05-09,North America,Retail,Electronics,Consumer,973.95,28
2026-05-09,North America,Retail,Electronics,SMB,1267.16,37
2026-05-09,North America,Retail,Electronics,Enterprise,1260.16,35
2026-05-09,North America,Retail,Apparel,Consumer,556.99,34
2026-05-09,North America,Retail,Apparel,SMB,892.49,57
2026-05-09,North America,Retail,Apparel,Enterprise,782.23,32
2026-05-09,North America,Retail,Home Goods,Consumer,860.11,31
2026-05-09,North America,Retail,Home Goods,SMB,1193.25,31
2026-05-09,North America,Retail,Home Goods,Enterprise,1160.91,31
2026-05-09,North America,Retail,Grocery,Consumer,554.24,32
2026-05-09,North America,Retail,Grocery,SMB,914.14,36
2026-05-09,North America,Retail,Grocery,Enterprise,847.86,24
2026-05-09,North America,Online,Electronics,Consumer,951.03,47
2026-05-09,North America,Online,Electronics,SMB,398.54,9
2026-05-09,North America,Online,Electronics,Enterprise,1183.39,31
2026-05-09,North America,Online,Apparel,Consumer,619.49,16
2026-05-09,North America,Online,Apparel,SMB,798.9,23
2026-05-09,North America,Online,Apparel,Enterprise,719.28,34
2026-05-09,North America,Online,Home Goods,Consumer,808.8,37
2026-05-09,North America,Online,Home Goods,SMB,1200.31,27
2026-05-09,North America,Online,Home Goods,Enterprise,1000.14,47
2026-05-09,North America,Online,Grocery,Consumer,643.2,17
2026-05-09,North America,Online,Grocery,SMB,860.13,19
2026-05-09,North America,Online,Grocery,Enterprise,873.31,22
2026-05-09,North America,Wholesale,Electronics,Consumer,437.36,12
2026-05-09,North America,Wholesale,Electronics,SMB,751.13,28
2026-05-09,North America,Wholesale,Electronics,Enterprise,748.74,17
2026-05-09,North America,Wholesale,Apparel,Consumer,885.43,22
2026-05-09,North America,Wholesale,Apparel,SMB,1164.38,31
2026-05-09,North America,Wholesale,Apparel,Enterprise,1186.1,46
2026-05-09,North America,Wholesale,Home Goods,Consumer,1061.15,36
2026-05-09,North America,Wholesale,Home Goods,SMB,519.08,24
2026-05-09,North America,Wholesale,Home Goods,Enterprise,359.72,10
2026-05-09,North America,Wholesale,Grocery,Consumer,882.74,46
2026-05-09,North America,Wholesale,Grocery,SMB,1110.14,49
2026-05-09,North America,Wholesale,Grocery,Enterprise,1056.64,30
2026-05-09,Europe,Retail,Electronics,Consumer,1151.01,69
2026-05-09,Europe,Retail,Electronics,SMB,663.02,24
2026-05-09,Europe,Retail,Electronics,Enterprise,604.43,15
2026-05-09,Europe,Retail,Apparel,Consumer,827.06,54
2026-05-09,Europe,Retail,Apparel,SMB,940.59,34
2026-05-09,Europe,Retail,Apparel,Enterprise,1009.67,23
2026-05-09,Europe,Retail,Home Goods,Consumer,1153.21,54
2026-05-09,Europe,Retail,Home Goods,SMB,434.74,9
2026-05-09,Europe,Retail,Home Goods,Enterprise,1230.45,29
2026-05-09,Europe,Retail,Grocery,Consumer,971.47,54
2026-05-09,Europe,Retail,Grocery,SMB,1059.19,28
2026-05-09,Europe,Retail,Grocery,Enterprise,1044.39,24
2026-05-09,Europe,Online,Electronics,Consumer,416.97,10
2026-05-09,Europe,Online,Electronics,SMB,664.45,32
2026-05-09,Europe,Online,Electronics,Enterprise,760.04,28
2026-05-09,Europe,Online,Apparel,Consumer,747.71,25
2026-05-09,Europe,Online,Apparel,SMB,1359.85,31
2026-05-09,Europe,Online,Apparel,Enterprise,989.65,23
2026-05-09,Europe,Online,Home Goods,Consumer,1198.37,65
2026-05-09,Europe,Online,Home Goods,SMB,470.82,10
2026-05-09,Europe,Online,Home Goods,Enterprise,1231.69,39
2026-05-09,Europe,Online,Grocery,Consumer,1091.61,36
2026-05-09,Europe,Online,Grocery,SMB,1334.64,45
2026-05-09,Europe,Online,Grocery,Enterprise,1032.52,49
2026-05-09,Europe,Wholesale,Electronics,Consumer,745.03,25
2026-05-09,Europe,Wholesale,Electronics,SMB,1032.01,45
2026-05-09,Europe,Wholesale,Electronics,Enterprise,979.53,25
2026-05-09,Europe,Wholesale,Apparel,Consumer,1323.1,41
2026-05-09,Europe,Wholesale,Apparel,SMB,564.28,13
2026-05-09,Europe,Wholesale,Apparel,Enterprise,469.47,11
2026-05-09,Europe,Wholesale,Home Goods,Consumer,527.61,29
2026-05-09,Europe,Wholesale,Home Goods,SMB,719.92,20
2026-05-09,Europe,Wholesale,Home Goods,Enterprise,730.6,29
2026-05-09,Europe,Wholesale,Grocery,Consumer,1251.6,55
2026-05-09,Europe,Wholesale,Grocery,SMB,582.68,15
2026-05-09,Europe,Wholesale,Grocery,Enterprise,546.18,12
2026-05-09,APAC,Retail,Electronics,Consumer,910.0,59
2026-05-09,APAC,Retail,Electronics,SMB,1380.44,39
2026-05-09,APAC,Retail,Electronics,Enterprise,1150.28,62
2026-05-09,APAC,Retail,Apparel,Consumer,497.3,20
2026-05-09,APAC,Retail,Apparel,SMB,730.89,17
2026-05-09,APAC,Retail,Apparel,Enterprise,762.32,21
2026-05-09,APAC,Retail,Home Goods,Consumer,724.01,17
2026-05-09,APAC,Retail,Home Goods,SMB,1054.72,44
2026-05-09,APAC,Retail,Home Goods,Enterprise,907.91,47
2026-05-09,APAC,Retail,Grocery,Consumer,513.22,26
2026-05-09,APAC,Retail,Grocery,SMB,813.73,29
2026-05-09,APAC,Retail,Grocery,Enterprise,664.58,21
2026-05-09,APAC,Online,Electronics,Consumer,859.9,24
2026-05-09,APAC,Online,Electronics,SMB,1257.36,58
2026-05-09,APAC,Online,Electronics,Enterprise,1168.49,28
2026-05-09,APAC,Online,Apparel,Consumer,584.07,33
2026-05-09,APAC,Online,Apparel,SMB,703.06,40
2026-05-09,APAC,Online,Apparel,Enterprise,757.83,23
2026-05-09,APAC,Online,Home Goods,Consumer,807.93,26
2026-05-09,APAC,Online,Home Goods,SMB,1059.93,32
2026-05-09,APAC,Online,Home Goods,Enterprise,991.97,32
2026-05-09,APAC,Online,Grocery,Consumer,567.97,30
2026-05-09,APAC,Online,Grocery,SMB,842.97,47
2026-05-09,APAC,Online,Grocery,Enterprise,826.28,27
2026-05-09,APAC,Wholesale,Electronics,Consumer,1312.32,43
2026-05-09,APAC,Wholesale,Electronics,SMB,600.36,20
2026-05-09,APAC,Wholesale,Electronics,Enterprise,633.75,16
2026-05-09,APAC,Wholesale,Apparel,Consumer,860.38,23
2026-05-09,APAC,Wholesale,Apparel,SMB,985.5,26
2026-05-09,APAC,Wholesale,Apparel,Enterprise,1140.8,35
2026-05-09,APAC,Wholesale,Home Goods,Consumer,1132.67,66
2026-05-09,APAC,Wholesale,Home Goods,SMB,449.08,10
2026-05-09,APAC,Wholesale,Home Goods,Enterprise,1306.25,30
2026-05-09,APAC,Wholesale,Grocery,Consumer,845.65,53
2026-05-09,APAC,Wholesale,Grocery,SMB,1007.01,26
2026-05-09,APAC,Wholesale,Grocery,Enterprise,1148.32,25
2026-05-10,North America,Retail,Electronics,Consumer,965.29,21
2026-05-10,North America,Retail,Electronics,SMB,1212.88,45
2026-05-10,North America,Retail,Electronics,Enterprise,1376.36,52
2026-05-10,North America,Retail,Apparel,Consumer,505.28,14
2026-05-10,North America,Retail,Apparel,SMB,815.87,23
2026-05-10,North America,Retail,Apparel,Enterprise,724.93,28
2026-05-10,North America,Retail,Home Goods,Consumer,837.65,27
2026-05-10,North America,Retail,Home Goods,SMB,1182.06,32
2026-05-10,North America,Retail,Home Goods,Enterprise,1017.16,64
2026-05-10,North America,Retail,Grocery,Consumer,604.95,25
2026-05-10,North America,Retail,Grocery,SMB,842.04,27
2026-05-10,North America,Retail,Grocery,Enterprise,741.59,18
2026-05-10,North America,Online,Electronics,Consumer,1022.18,43
2026-05-10,North America,Online,Electronics,SMB,432.72,10
2026-05-10,North America,Online,Electronics,Enterprise,1226.45,31
2026-05-10,North America,Online,Apparel,Consumer,560.46,20
2026-05-10,North America,Online,Apparel,SMB,879.46,56
2026-05-10,North America,Online,Apparel,Enterprise,664.56,31
2026-05-10,North America,Online,Home Goods,Consumer,820.59,24
2026-05-10,North America,Online,Home Goods,SMB,1102.49,30
2026-05-10,North America,Online,Home Goods,Enterprise,1147.82,42
2026-05-10,North America,Online,Grocery,Consumer,628.94,28
2026-05-10,North America,Online,Grocery,SMB,915.93,54
2026-05-10,North America,Online,Grocery,Enterprise,945.9,31
2026-05-10,North America,Wholesale,Electronics,Consumer,424.19,11
2026-05-10,North America,Wholesale,Electronics,SMB,825.03,33
2026-05-10,North America,Wholesale,Electronics,Enterprise,589.25,23
2026-05-10,North America,Wholesale,Apparel,Consumer,839.77,34
2026-05-10,North America,Wholesale,Apparel,SMB,1270.5,58
2026-05-10,North America,Wholesale,Apparel,Enterprise,1217.68,50
2026-05-10,North America,Wholesale,Home Goods,Consumer,1329.52,32
2026-05-10,North America,Wholesale,Home Goods,SMB,544.99,12
2026-05-10,North America,Wholesale,Home Goods,Enterprise,412.95,13
2026-05-10,North America,Wholesale,Grocery,Consumer,868.48,19
2026-05-10,North America,Wholesale,Grocery,SMB,1340.34,34
2026-05-10,North America,Wholesale,Grocery,Enterprise,1088.31,44
2026-05-10,Europe,Retail,Electronics,Consumer,1245.02,47
2026-05-10,Europe,Retail,Electronics,SMB,693.48,18
2026-05-10,Europe,Retail,Electronics,Enterprise,515.52,21
2026-05-10,Europe,Retail,Apparel,Consumer,880.12,24
2026-05-10,Europe,Retail,Apparel,SMB,1209.48,37
2026-05-10,Europe,Retail,Apparel,Enterprise,892.43,20
2026-05-10,Europe,Retail,Home Goods,Consumer,1038.53,46
2026-05-10,Europe,Retail,Home Goods,SMB,456.98,21
2026-05-10,Europe,Retail,Home Goods,Enterprise,1153.48,28
2026-05-10,Europe,Retail,Grocery,Consumer,753.24,42
2026-05-10,Europe,Retail,Grocery,SMB,1152.39,49
2026-05-10,Europe,Retail,Grocery,Enterprise,1036.88,29
2026-05-10,Europe,Online,Electronics,Consumer,348.06,16
2026-05-10,Europe,Online,Electronics,SMB,615.14,16
2026-05-10,Europe,Online,Electronics,Enterprise,602.91,20
2026-05-10,Europe,Online,Apparel,Consumer,774.92,18
2026-05-10,Europe,Online,Apparel,SMB,1029.66,66
2026-05-10,Europe,Online,Apparel,Enterprise,1262.1,29
2026-05-10,Europe,Online,Home Goods,Consumer,1128.18,25
2026-05-10,Europe,Online,Home Goods,SMB,463.59,15
2026-05-10,Europe,Online,Home Goods,Enterprise,1305.58,61
2026-05-10,Europe,Online,Grocery,Consumer,980.21,23
2026-05-10,Europe,Online,Grocery,SMB,1013.32,38
2026-05-10,Europe,Online,Grocery,Enterprise,1048.24,33
2026-05-10,Europe,Wholesale,Electronics,Consumer,690.61,22
2026-05-10,Europe,Wholesale,Electronics,SMB,1049.23,35
2026-05-10,Europe,Wholesale,Electronics,Enterprise,1103.26,37
2026-05-10,Europe,Wholesale,Apparel,Consumer,1335.79,33
2026-05-10,Europe,Wholesale,Apparel,SMB,600.22,21
2026-05-10,Europe,Wholesale,Apparel,Enterprise,474.5,14
2026-05-10,Europe,Wholesale,Home Goods,Consumer,509.07,22
2026-05-10,Europe,Wholesale,Home Goods,SMB,821.79,19
2026-05-10,Europe,Wholesale,Home Goods,Enterprise,665.51,34
2026-05-10,Europe,Wholesale,Grocery,Consumer,1155.27,46
2026-05-10,Europe,Wholesale,Grocery,SMB,520.48,17
2026-05-10,Europe,Wholesale,Grocery,Enterprise,569.55,16
2026-05-10,APAC,Retail,Electronics,Consumer,925.69,23
2026-05-10,APAC,Retail,Electronics,SMB,1161.31,26
2026-05-10,APAC,Retail,Electronics,Enterprise,1094.07,54
2026-05-10,APAC,Retail,Apparel,Consumer,474.1,12
2026-05-10,APAC,Retail,Apparel,SMB,842.2,28
2026-05-10,APAC,Retail,Apparel,Enterprise,804.81,18
2026-05-10,APAC,Retail,Home Goods,Consumer,653.68,38
2026-05-10,APAC,Retail,Home Goods,SMB,986.49,61
2026-05-10,APAC,Retail,Home Goods,Enterprise,1052.34,30
2026-05-10,APAC,Retail,Grocery,Consumer,448.63,11
2026-05-10,APAC,Retail,Grocery,SMB,708.15,32
2026-05-10,APAC,Retail,Grocery,Enterprise,806.02,22
2026-05-10,APAC,Online,Electronics,Consumer,1043.36,39
2026-05-10,APAC,Online,Electronics,SMB,1241.73,37
2026-05-10,APAC,Online,Electronics,Enterprise,1101.49,37
2026-05-10,APAC,Online,Apparel,Consumer,465.58,15
2026-05-10,APAC,Online,Apparel,SMB,877.69,57
2026-05-10,APAC,Online,Apparel,Enterprise,731.06,23
2026-05-10,APAC,Online,Home Goods,Consumer,713.79,46
2026-05-10,APAC,Online,Home Goods,SMB,1243.27,31
2026-05-10,APAC,Online,Home Goods,Enterprise,888.62,21
2026-05-10,APAC,Online,Grocery,Consumer,467.88,25
2026-05-10,APAC,Online,Grocery,SMB,849.6,40
2026-05-10,APAC,Online,Grocery,Enterprise,769.38,24
2026-05-10,APAC,Wholesale,Electronics,Consumer,1303.98,48
2026-05-10,APAC,Wholesale,Electronics,SMB,616.15,23
2026-05-10,APAC,Wholesale,Electronics,Enterprise,534.84,11
2026-05-10,APAC,Wholesale,Apparel,Consumer,881.93,40
2026-05-10,APAC,Wholesale,Apparel,SMB,1046.23,30
2026-05-10,APAC,Wholesale,Apparel,Enterprise,898.21,22
2026-05-10,APAC,Wholesale,Home Goods,Consumer,1060.26,40
2026-05-10,APAC,Wholesale,Home Goods,SMB,424.43,13
2026-05-10,APAC,Wholesale,Home Goods,Enterprise,1284.15,63
2026-05-10,APAC,Wholesale,Grocery,Consumer,859.26,28
2026-05-10,APAC,Wholesale,Grocery,SMB,992.08,31
2026-05-10,APAC,Wholesale,Grocery,Enterprise,1129.44,27
2026-05-11,North America,Retail,Electronics,Consumer,1099.35,67
2026-05-11,North America,Retail,Electronics,SMB,1370.83,64
2026-05-11,North America,Retail,Electronics,Enterprise,1369.04,46
2026-05-11,North America,Retail,Apparel,Consumer,507.63,30
2026-05-11,North America,Retail,Apparel,SMB,1001.19,23
2026-05-11,North America,Retail,Apparel,Enterprise,857.04,26
2026-05-11,North America,Retail,Home Goods,Consumer,947.52,38
2026-05-11,North America,Retail,Home Goods,SMB,1125.95,25
2026-05-11,North America,Retail,Home Goods,Enterprise,900.02,24
2026-05-11,North America,Retail,Grocery,Consumer,559.23,20
2026-05-11,North America,Retail,Grocery,SMB,920.24,41
2026-05-11,North America,Retail,Grocery,Enterprise,832.02,20
2026-05-11,North America,Online,Electronics,Consumer,887.54,35
2026-05-11,North America,Online,Electronics,SMB,447.05,11
2026-05-11,North America,Online,Electronics,Enterprise,1422.08,38
2026-05-11,North America,Online,Apparel,Consumer,690.34,22
2026-05-11,North America,Online,Apparel,SMB,887.69,31
2026-05-11,North America,Online,Apparel,Enterprise,792.6,19
2026-05-11,North America,Online,Home Goods,Consumer,747.43,17
2026-05-11,North America,Online,Home Goods,SMB,1214.63,45
2026-05-11,North America,Online,Home Goods,Enterprise,1022.95,44
2026-05-11,North America,Online,Grocery,Consumer,593.26,13
2026-05-11,North America,Online,Grocery,SMB,820.57,18
2026-05-11,North America,Online,Grocery,Enterprise,821.62,29
2026-05-11,North America,Wholesale,Electronics,Consumer,417.88,23
2026-05-11,North America,Wholesale,Electronics,SMB,645.23,19
2026-05-11,North America,Wholesale,Electronics,Enterprise,677.55,38
2026-05-11,North America,Wholesale,Apparel,Consumer,793.13,40
2026-05-11,North America,Wholesale,Apparel,SMB,1151.98,30
2026-05-11,North America,Wholesale,Apparel,Enterprise,992.19,40
2026-05-11,North America,Wholesale,Home Goods,Consumer,1133.21,46
2026-05-11,North America,Wholesale,Home Goods,SMB,510.57,19
2026-05-11,North America,Wholesale,Home Goods,Enterprise,436.68,21
2026-05-11,North America,Wholesale,Grocery,Consumer,963.11,33
2026-05-11,North America,Wholesale,Grocery,SMB,1112.99,70
2026-05-11,North America,Wholesale,Grocery,Enterprise,1105.59,43
2026-05-11,Europe,Retail,Electronics,Consumer,1412.72,57
2026-05-11,Europe,Retail,Electronics,SMB,718.42,27
2026-05-11,Europe,Retail,Electronics,Enterprise,596.46,34
2026-05-11,Europe,Retail,Apparel,Consumer,923.66,21
2026-05-11,Europe,Retail,Apparel,SMB,1348.8,41
2026-05-11,Europe,Retail,Apparel,Enterprise,938.06,46
2026-05-11,Europe,Retail,Home Goods,Consumer,1047.35,43
2026-05-11,Europe,Retail,Home Goods,SMB,477.83,16
2026-05-11,Europe,Retail,Home Goods,Enterprise,1397.02,50
2026-05-11,Europe,Retail,Grocery,Consumer,909.11,30
2026-05-11,Europe,Retail,Grocery,SMB,1224.68,54
2026-05-11,Europe,Retail,Grocery,Enterprise,1123.94,33
2026-05-11,Europe,Online,Electronics,Consumer,382.45,21
2026-05-11,Europe,Online,Electronics,SMB,661.99,27
2026-05-11,Europe,Online,Electronics,Enterprise,654.81,19
2026-05-11,Europe,Online,Apparel,Consumer,842.41,21
2026-05-11,Europe,Online,Apparel,SMB,1104.4,27
2026-05-11,Europe,Online,Apparel,Enterprise,1143.15,28
2026-05-11,Europe,Online,Home Goods,Consumer,1132.38,45
2026-05-11,Europe,Online,Home Goods,SMB,464.73,10
2026-05-11,Europe,Online,Home Goods,Enterprise,1326.43,30
2026-05-11,Europe,Online,Grocery,Consumer,942.51,21
2026-05-11,Europe,Online,Grocery,SMB,1128.99,37
2026-05-11,Europe,Online,Grocery,Enterprise,1227.68,38
2026-05-11,Europe,Wholesale,Electronics,Consumer,721.66,18
2026-05-11,Europe,Wholesale,Electronics,SMB,1078.69,40
2026-05-11,Europe,Wholesale,Electronics,Enterprise,1004.49,30
2026-05-11,Europe,Wholesale,Apparel,Consumer,1260.85,40
2026-05-11,Europe,Wholesale,Apparel,SMB,539.32,12
2026-05-11,Europe,Wholesale,Apparel,Enterprise,448.58,15
2026-05-11,Europe,Wholesale,Home Goods,Consumer,493.78,20
2026-05-11,Europe,Wholesale,Home Goods,SMB,721.66,20
2026-05-11,Europe,Wholesale,Home Goods,Enterprise,760.98,27
2026-05-11,Europe,Wholesale,Grocery,Consumer,1047.34,34
2026-05-11,Europe,Wholesale,Grocery,SMB,561.69,16
2026-05-11,Europe,Wholesale,Grocery,Enterprise,493.16,13
2026-05-11,APAC,Retail,Electronics,Consumer,956.23,21
2026-05-11,APAC,Retail,Electronics,SMB,1193.55,40
2026-05-11,APAC,Retail,Electronics,Enterprise,1072.28,25
2026-05-11,APAC,Retail,Apparel,Consumer,539.36,15
2026-05-11,APAC,Retail,Apparel,SMB,684.99,26
2026-05-11,APAC,Retail,Apparel,Enterprise,696.26,16
2026-05-11,APAC,Retail,Home Goods,Consumer,653.4,37
2026-05-11,APAC,Retail,Home Goods,SMB,990.34,26
2026-05-11,APAC,Retail,Home Goods,Enterprise,909.04,26
2026-05-11,APAC,Retail,Grocery,Consumer,499.61,30
2026-05-11,APAC,Retail,Grocery,SMB,912.57,33
2026-05-11,APAC,Retail,Grocery,Enterprise,736.77,19
2026-05-11,APAC,Online,Electronics,Consumer,1032.03,67
2026-05-11,APAC,Online,Electronics,SMB,1212.59,53
2026-05-11,APAC,Online,Electronics,Enterprise,1053.43,32
2026-05-11,APAC,Online,Apparel,Consumer,511.66,15
2026-05-11,APAC,Online,Apparel,SMB,737.14,19
2026-05-11,APAC,Online,Apparel,Enterprise,747.38,22
2026-05-11,APAC,Online,Home Goods,Consumer,684.62,43
2026-05-11,APAC,Online,Home Goods,SMB,1020.78,56
2026-05-11,APAC,Online,Home Goods,Enterprise,783.93,42
2026-05-11,APAC,Online,Grocery,Consumer,592.29,13
2026-05-11,APAC,Online,Grocery,SMB,854.65,29
2026-05-11,APAC,Online,Grocery,Enterprise,790.32,37
2026-05-11,APAC,Wholesale,Electronics,Consumer,1156.95,41
2026-05-11,APAC,Wholesale,Electronics,SMB,660.37,18
2026-05-11,APAC,Wholesale,Electronics,Enterprise,568.41,14
2026-05-11,APAC,Wholesale,Apparel,Consumer,885.18,47
2026-05-11,APAC,Wholesale,Apparel,SMB,1191.29,33
2026-05-11,APAC,Wholesale,Apparel,Enterprise,948.72,47
2026-05-11,APAC,Wholesale,Home Goods,Consumer,1120.97,55
2026-05-11,APAC,Wholesale,Home Goods,SMB,437.34,22
2026-05-11,APAC,Wholesale,Home Goods,Enterprise,1032.45,47
2026-05-11,APAC,Wholesale,Grocery,Consumer,792.57,29
2026-05-11,APAC,Wholesale,Grocery,SMB,1190.13,42
2026-05-11,APAC,Wholesale,Grocery,Enterprise,1181.1,74
2026-05-12,North America,Retail,Electronics,Consumer,976.34,29
2026-05-12,North America,Retail,Electronics,SMB,1253.72,47
2026-05-12,North America,Retail,Electronics,Enterprise,1211.26,32
2026-05-12,North America,Retail,Apparel,Consumer,548.82,13
2026-05-12,North America,Retail,Apparel,SMB,890.48,21
2026-05-12,North America,Retail,Apparel,Enterprise,803.24,38
2026-05-12,North America,Retail,Home Goods,Consumer,770.35,33
2026-05-12,North America,Retail,Home Goods,SMB,1170.27,28
2026-05-12,North America,Retail,Home Goods,Enterprise,901.71,27
2026-05-12,North America,Retail,Grocery,Consumer,589.11,17
2026-05-12,North America,Retail,Grocery,SMB,827.19,20
2026-05-12,North America,Retail,Grocery,Enterprise,782.69,23
2026-05-12,North America,Online,Electronics,Consumer,1070.83,44
2026-05-12,North America,Online,Electronics,SMB,356.55,10
2026-05-12,North America,Online,Electronics,Enterprise,1279.61,69
2026-05-12,North America,Online,Apparel,Consumer,595.7,24
2026-05-12,North America,Online,Apparel,SMB,908.46,29
2026-05-12,North America,Online,Apparel,Enterprise,885.39,32
2026-05-12,North America,Online,Home Goods,Consumer,848.14,41
2026-05-12,North America,Online,Home Goods,SMB,1154.31,33
2026-05-12,North America,Online,Home Goods,Enterprise,979.12,21
2026-05-12,North America,Online,Grocery,Consumer,539.67,17
2026-05-12,North America,Online,Grocery,SMB,848.07,34
2026-05-12,North America,Online,Grocery,Enterprise,820.34,28
2026-05-12,North America,Wholesale,Electronics,Consumer,471.33,30
2026-05-12,North America,Wholesale,Electronics,SMB,740.01,38
2026-05-12,North America,Wholesale,Electronics,Enterprise,706.62,23
2026-05-12,North America,Wholesale,Apparel,Consumer,731.46,24
2026-05-12,North America,Wholesale,Apparel,SMB,1144.84,28
2026-05-12,North America,Wholesale,Apparel,Enterprise,1030.21,34
2026-05-12,North America,Wholesale,Home Goods,Consumer,1145.58,30
2026-05-12,North America,Wholesale,Home Goods,SMB,513.05,21
2026-05-12,North America,Wholesale,Home Goods,Enterprise,432.22,21
2026-05-12,North America,Wholesale,Grocery,Consumer,1014.7,35
2026-05-12,North America,Wholesale,Grocery,SMB,1198.27,38
2026-05-12,North America,Wholesale,Grocery,Enterprise,982.16,53
2026-05-12,Europe,Retail,Electronics,Consumer,1430.94,36
2026-05-12,Europe,Retail,Electronics,SMB,739.61,28
2026-05-12,Europe,Retail,Electronics,Enterprise,615.26,16
2026-05-12,Europe,Retail,Apparel,Consumer,840.03,26
2026-05-12,Europe,Retail,Apparel,SMB,1182.31,29
2026-05-12,Europe,Retail,Apparel,Enterprise,1068.44,28
2026-05-12,Europe,Retail,Home Goods,Consumer,984.45,34
2026-05-12,Europe,Retail,Home Goods,SMB,599.35,23
2026-05-12,Europe,Retail,Home Goods,Enterprise,1340.35,29
2026-05-12,Europe,Retail,Grocery,Consumer,810.85,21
2026-05-12,Europe,Retail,Grocery,SMB,1175.9,36
2026-05-12,Europe,Retail,Grocery,Enterprise,1252.0,49
2026-05-12,Europe,Online,Electronics,Consumer,388.94,19
2026-05-12,Europe,Online,Electronics,SMB,607.11,31
2026-05-12,Europe,Online,Electronics,Enterprise,621.99,37
2026-05-12,Europe,Online,Apparel,Consumer,907.23,35
2026-05-12,Europe,Online,Apparel,SMB,1121.9,45
2026-05-12,Europe,Online,Apparel,Enterprise,1179.96,32
2026-05-12,Europe,Online,Home Goods,Consumer,1069.24,26
2026-05-12,Europe,Online,Home Goods,SMB,496.63,11
2026-05-12,Europe,Online,Home Goods,Enterprise,1279.02,29
2026-05-12,Europe,Online,Grocery,Consumer,855.43,22
2026-05-12,Europe,Online,Grocery,SMB,1420.56,34
2026-05-12,Europe,Online,Grocery,Enterprise,962.91,51
2026-05-12,Europe,Wholesale,Electronics,Consumer,748.05,20
2026-05-12,Europe,Wholesale,Electronics,SMB,955.74,23
2026-05-12,Europe,Wholesale,Electronics,Enterprise,940.07,31
2026-05-12,Europe,Wholesale,Apparel,Consumer,1039.48,32
2026-05-12,Europe,Wholesale,Apparel,SMB,557.53,19
2026-05-12,Europe,Wholesale,Apparel,Enterprise,534.59,15
2026-05-12,Europe,Wholesale,Home Goods,Consumer,518.03,17
2026-05-12,Europe,Wholesale,Home Goods,SMB,767.96,32
2026-05-12,Europe,Wholesale,Home Goods,Enterprise,768.78,17
2026-05-12,Europe,Wholesale,Grocery,Consumer,1167.03,47
2026-05-12,Europe,Wholesale,Grocery,SMB,665.72,18
2026-05-12,Europe,Wholesale,Grocery,Enterprise,517.11,14
2026-05-12,APAC,Retail,Electronics,Consumer,840.65,32
2026-05-12,APAC,Retail,Electronics,SMB,1268.55,75
2026-05-12,APAC,Retail,Electronics,Enterprise,1098.36,39
2026-05-12,APAC,Retail,Apparel,Consumer,504.85,23
2026-05-12,APAC,Retail,Apparel,SMB,779.16,31
2026-05-12,APAC,Retail,Apparel,Enterprise,832.0,25
2026-05-12,APAC,Retail,Home Goods,Consumer,673.0,26
2026-05-12,APAC,Retail,Home Goods,SMB,979.14,27
2026-05-12,APAC,Retail,Home Goods,Enterprise,981.14,25
2026-05-12,APAC,Retail,Grocery,Consumer,538.85,18
2026-05-12,APAC,Retail,Grocery,SMB,906.47,32
2026-05-12,APAC,Retail,Grocery,Enterprise,828.93,55
2026-05-12,APAC,Online,Electronics,Consumer,1002.49,28
2026-05-12,APAC,Online,Electronics,SMB,1217.68,64
2026-05-12,APAC,Online,Electronics,Enterprise,1133.74,26
2026-05-12,APAC,Online,Apparel,Consumer,495.39,21
2026-05-12,APAC,Online,Apparel,SMB,769.69,29
2026-05-12,APAC,Online,Apparel,Enterprise,691.49,16
2026-05-12,APAC,Online,Home Goods,Consumer,769.07,31
2026-05-12,APAC,Online,Home Goods,SMB,1091.78,30
2026-05-12,APAC,Online,Home Goods,Enterprise,963.06,26
2026-05-12,APAC,Online,Grocery,Consumer,599.41,39
2026-05-12,APAC,Online,Grocery,SMB,784.41,36
2026-05-12,APAC,Online,Grocery,Enterprise,754.65,21
2026-05-12,APAC,Wholesale,Electronics,Consumer,1428.68,36
2026-05-12,APAC,Wholesale,Electronics,SMB,658.71,14
2026-05-12,APAC,Wholesale,Electronics,Enterprise,562.99,32
2026-05-12,APAC,Wholesale,Apparel,Consumer,850.66,32
2026-05-12,APAC,Wholesale,Apparel,SMB,1111.0,45
2026-05-12,APAC,Wholesale,Apparel,Enterprise,1008.34,24
2026-05-12,APAC,Wholesale,Home Goods,Consumer,1152.99,30
2026-05-12,APAC,Wholesale,Home Goods,SMB,486.03,25
2026-05-12,APAC,Wholesale,Home Goods,Enterprise,1327.4,42
2026-05-12,APAC,Wholesale,Grocery,Consumer,854.31,56
2026-05-12,APAC,Wholesale,Grocery,SMB,1080.38,29
2026-05-12,APAC,Wholesale,Grocery,Enterprise,994.48,29
2026-05-13,North America,Retail,Electronics,Consumer,1065.67,29
2026-05-13,North America,Retail,Electronics,SMB,1386.14,33
2026-05-13,North America,Retail,Electronics,Enterprise,1268.73,33
2026-05-13,North America,Retail,Apparel,Consumer,590.04,18
2026-05-13,North America,Retail,Apparel,SMB,728.91,29
2026-05-13,North America,Retail,Apparel,Enterprise,900.44,46
2026-05-13,North America,Retail,Home Goods,Consumer,798.46,25
2026-05-13,North America,Retail,Home Goods,SMB,1120.9,33
2026-05-13,North America,Retail,Home Goods,Enterprise,905.84,25
2026-05-13,North America,Retail,Grocery,Consumer,548.73,13
2026-05-13,North America,Retail,Grocery,SMB,850.42,27
2026-05-13,North America,Retail,Grocery,Enterprise,767.71,25
2026-05-13,North America,Online,Electronics,Consumer,1020.07,61
2026-05-13,North America,Online,Electronics,SMB,376.02,8
2026-05-13,North America,Online,Electronics,Enterprise,1344.73,73
2026-05-13,North America,Online,Apparel,Consumer,567.68,18
2026-05-13,North America,Online,Apparel,SMB,794.52,17
2026-05-13,North America,Online,Apparel,Enterprise,752.56,16
2026-05-13,North America,Online,Home Goods,Consumer,838.43,20
2026-05-13,North America,Online,Home Goods,SMB,1070.3,33
2026-05-13,North America,Online,Home Goods,Enterprise,937.97,24
2026-05-13,North America,Online,Grocery,Consumer,659.9,15
2026-05-13,North America,Online,Grocery,SMB,888.66,52
2026-05-13,North America,Online,Grocery,Enterprise,806.09,35
2026-05-13,North America,Wholesale,Electronics,Consumer,452.05,11
2026-05-13,North America,Wholesale,Electronics,SMB,727.05,24
2026-05-13,North America,Wholesale,Electronics,Enterprise,610.43,22
2026-05-13,North America,Wholesale,Apparel,Consumer,840.5,23
2026-05-13,North America,Wholesale,Apparel,SMB,1286.07,38
2026-05-13,North America,Wholesale,Apparel,Enterprise,1169.77,50
2026-05-13,North America,Wholesale,Home Goods,Consumer,1086.38,51
2026-05-13,North America,Wholesale,Home Goods,SMB,553.23,14
2026-05-13,North America,Wholesale,Home Goods,Enterprise,404.95,11
2026-05-13,North America,Wholesale,Grocery,Consumer,907.32,22
2026-05-13,North America,Wholesale,Grocery,SMB,1191.02,33
2026-05-13,North America,Wholesale,Grocery,Enterprise,1106.46,29
2026-05-13,Europe,Retail,Electronics,Consumer,1316.4,74
2026-05-13,Europe,Retail,Electronics,SMB,662.6,23
2026-05-13,Europe,Retail,Electronics,Enterprise,545.09,22
2026-05-13,Europe,Retail,Apparel,Consumer,885.16,23
2026-05-13,Europe,Retail,Apparel,SMB,1137.3,31
2026-05-13,Europe,Retail,Apparel,Enterprise,1027.86,28
2026-05-13,Europe,Retail,Home Goods,Consumer,1192.32,38
2026-05-13,Europe,Retail,Home Goods,SMB,542.67,14
2026-05-13,Europe,Retail,Home Goods,Enterprise,1283.56,68
2026-05-13,Europe,Retail,Grocery,Consumer,838.16,21
2026-05-13,Europe,Retail,Grocery,SMB,1139.19,29
2026-05-13,Europe,Retail,Grocery,Enterprise,1274.11,80
2026-05-13,Europe,Online,Electronics,Consumer,408.95,24
2026-05-13,Europe,Online,Electronics,SMB,641.3,17
2026-05-13,Europe,Online,Electronics,Enterprise,595.59,20
2026-05-13,Europe,Online,Apparel,Consumer,849.21,32
2026-05-13,Europe,Online,Apparel,SMB,1025.61,39
2026-05-13,Europe,Online,Apparel,Enterprise,1075.27,47
2026-05-13,Europe,Online,Home Goods,Consumer,1176.58,32
2026-05-13,Europe,Online,Home Goods,SMB,497.46,22
2026-05-13,Europe,Online,Home Goods,Enterprise,1267.86,31
2026-05-13,Europe,Online,Grocery,Consumer,882.82,39
2026-05-13,Europe,Online,Grocery,SMB,1075.77,55
2026-05-13,Europe,Online,Grocery,Enterprise,1112.22,25
2026-05-13,Europe,Wholesale,Electronics,Consumer,764.62,18
2026-05-13,Europe,Wholesale,Electronics,SMB,921.7,24
2026-05-13,Europe,Wholesale,Electronics,Enterprise,874.55,31
2026-05-13,Europe,Wholesale,Apparel,Consumer,1221.4,33
2026-05-13,Europe,Wholesale,Apparel,SMB,560.58,21
2026-05-13,Europe,Wholesale,Apparel,Enterprise,509.77,16
2026-05-13,Europe,Wholesale,Home Goods,Consumer,525.73,13
2026-05-13,Europe,Wholesale,Home Goods,SMB,764.12,17
2026-05-13,Europe,Wholesale,Home Goods,Enterprise,738.81,25
2026-05-13,Europe,Wholesale,Grocery,Consumer,1192.65,50
2026-05-13,Europe,Wholesale,Grocery,SMB,608.39,19
2026-05-13,Europe,Wholesale,Grocery,Enterprise,485.58,31
2026-05-13,APAC,Retail,Electronics,Consumer,978.83,40
2026-05-13,APAC,Retail,Electronics,SMB,1351.81,40
2026-05-13,APAC,Retail,Electronics,Enterprise,1040.76,34
2026-05-13,APAC,Retail,Apparel,Consumer,523.3,13
2026-05-13,APAC,Retail,Apparel,SMB,838.82,22
2026-05-13,APAC,Retail,Apparel,Enterprise,841.17,37
2026-05-13,APAC,Retail,Home Goods,Consumer,795.36,36
2026-05-13,APAC,Retail,Home Goods,SMB,1020.35,40
2026-05-13,APAC,Retail,Home Goods,Enterprise,1030.87,23
2026-05-13,APAC,Retail,Grocery,Consumer,459.14,30
2026-05-13,APAC,Retail,Grocery,SMB,745.26,20
2026-05-13,APAC,Retail,Grocery,Enterprise,649.09,35
2026-05-13,APAC,Online,Electronics,Consumer,897.75,30
2026-05-13,APAC,Online,Electronics,SMB,1221.43,72
2026-05-13,APAC,Online,Electronics,Enterprise,1313.08,73
2026-05-13,APAC,Online,Apparel,Consumer,513.76,12
2026-05-13,APAC,Online,Apparel,SMB,858.69,23
2026-05-13,APAC,Online,Apparel,Enterprise,685.57,26
2026-05-13,APAC,Online,Home Goods,Consumer,763.59,42
2026-05-13,APAC,Online,Home Goods,SMB,1015.52,53
2026-05-13,APAC,Online,Home Goods,Enterprise,964.78,30
2026-05-13,APAC,Online,Grocery,Consumer,521.67,18
2026-05-13,APAC,Online,Grocery,SMB,865.95,37
2026-05-13,APAC,Online,Grocery,Enterprise,740.17,30
2026-05-13,APAC,Wholesale,Electronics,Consumer,1321.62,35
2026-05-13,APAC,Wholesale,Electronics,SMB,576.84,23
2026-05-13,APAC,Wholesale,Electronics,Enterprise,582.46,27
2026-05-13,APAC,Wholesale,Apparel,Consumer,860.04,22
2026-05-13,APAC,Wholesale,Apparel,SMB,1071.29,53
2026-05-13,APAC,Wholesale,Apparel,Enterprise,1022.3,35
2026-05-13,APAC,Wholesale,Home Goods,Consumer,970.7,22
2026-05-13,APAC,Wholesale,Home Goods,SMB,464.17,21
2026-05-13,APAC,Wholesale,Home Goods,Enterprise,1242.42,66
2026-05-13,APAC,Wholesale,Grocery,Consumer,906.17,45
2026-05-13,APAC,Wholesale,Grocery,SMB,1071.38,29
2026-05-13,APAC,Wholesale,Grocery,Enterprise,921.71,56
2026-05-14,North America,Retail,Electronics,Consumer,1054.27,59
2026-05-14,North America,Retail,Electronics,SMB,1219.55,54
2026-05-14,North America,Retail,Electronics,Enterprise,1157.17,32
2026-05-14,North America,Retail,Apparel,Consumer,622.77,27
2026-05-14,North America,Retail,Apparel,SMB,878.28,32
2026-05-14,North America,Retail,Apparel,Enterprise,791.07,27
2026-05-14,North America,Retail,Home Goods,Consumer,802.41,27
2026-05-14,North America,Retail,Home Goods,SMB,1019.19,26
2026-05-14,North America,Retail,Home Goods,Enterprise,1024.05,25
2026-05-14,North America,Retail,Grocery,Consumer,606.74,13
2026-05-14,North America,Retail,Grocery,SMB,972.66,37
2026-05-14,North America,Retail,Grocery,Enterprise,902.81,26
2026-05-14,North America,Online,Electronics,Consumer,954.68,41
2026-05-14,North America,Online,Electronics,SMB,369.39,9
2026-05-14,North America,Online,Electronics,Enterprise,1269.7,30
2026-05-14,North America,Online,Apparel,Consumer,585.33,20
2026-05-14,North America,Online,Apparel,SMB,968.63,24
2026-05-14,North America,Online,Apparel,Enterprise,896.02,35
2026-05-14,North America,Online,Home Goods,Consumer,876.21,43
2026-05-14,North America,Online,Home Goods,SMB,1114.67,34
2026-05-14,North America,Online,Home Goods,Enterprise,1055.61,66
2026-05-14,North America,Online,Grocery,Consumer,561.32,15
2026-05-14,North America,Online,Grocery,SMB,910.0,44
2026-05-14,North America,Online,Grocery,Enterprise,858.25,36
2026-05-14,North America,Wholesale,Electronics,Consumer,446.95,13
2026-05-14,North America,Wholesale,Electronics,SMB,711.74,31
2026-05-14,North America,Wholesale,Electronics,Enterprise,637.95,20
2026-05-14,North America,Wholesale,Apparel,Consumer,973.4,57
2026-05-14,North America,Wholesale,Apparel,SMB,1174.43,55
2026-05-14,North America,Wholesale,Apparel,Enterprise,1162.62,27
2026-05-14,North America,Wholesale,Home Goods,Consumer,1000.51,25
2026-05-14,North America,Wholesale,Home Goods,SMB,498.74,12
2026-05-14,North America,Wholesale,Home Goods,Enterprise,500.16,19
2026-05-14,North America,Wholesale,Grocery,Consumer,915.42,29
2026-05-14,North America,Wholesale,Grocery,SMB,993.94,33
2026-05-14,North America,Wholesale,Grocery,Enterprise,1156.31,43
2026-05-14,Europe,Retail,Electronics,Consumer,1334.78,61
2026-05-14,Europe,Retail,Electronics,SMB,720.99,17
2026-05-14,Europe,Retail,Electronics,Enterprise,612.02,13
2026-05-14,Europe,Retail,Apparel,Consumer,834.53,27
2026-05-14,Europe,Retail,Apparel,SMB,1178.14,26
2026-05-14,Europe,Retail,Apparel,Enterprise,733.65,40
2026-05-14,Europe,Retail,Home Goods,Consumer,1044.35,26
2026-05-14,Europe,Retail,Home Goods,SMB,439.64,10
2026-05-14,Europe,Retail,Home Goods,Enterprise,1621.25,75
2026-05-14,Europe,Retail,Grocery,Consumer,961.25,23
2026-05-14,Europe,Retail,Grocery,SMB,1187.53,29
2026-05-14,Europe,Retail,Grocery,Enterprise,1014.74,25
2026-05-14,Europe,Online,Electronics,Consumer,419.2,10
2026-05-14,Europe,Online,Electronics,SMB,747.37,20
2026-05-14,Europe,Online,Electronics,Enterprise,623.06,17
2026-05-14,Europe,Online,Apparel,Consumer,853.51,19
2026-05-14,Europe,Online,Apparel,SMB,1035.5,50
2026-05-14,Europe,Online,Apparel,Enterprise,1031.94,23
2026-05-14,Europe,Online,Home Goods,Consumer,1160.44,47
2026-05-14,Europe,Online,Home Goods,SMB,438.49,14
2026-05-14,Europe,Online,Home Goods,Enterprise,1362.79,63
2026-05-14,Europe,Online,Grocery,Consumer,911.65,29
2026-05-14,Europe,Online,Grocery,SMB,1374.57,65
2026-05-14,Europe,Online,Grocery,Enterprise,1097.84,58
2026-05-14,Europe,Wholesale,Electronics,Consumer,692.42,17
2026-05-14,Europe,Wholesale,Electronics,SMB,825.41,33
2026-05-14,Europe,Wholesale,Electronics,Enterprise,1030.17,24
2026-05-14,Europe,Wholesale,Apparel,Consumer,1198.24,31
2026-05-14,Europe,Wholesale,Apparel,SMB,613.95,14
2026-05-14,Europe,Wholesale,Apparel,Enterprise,429.52,16
2026-05-14,Europe,Wholesale,Home Goods,Consumer,542.87,30
2026-05-14,Europe,Wholesale,Home Goods,SMB,764.45,31
2026-05-14,Europe,Wholesale,Home Goods,Enterprise,740.01,17
2026-05-14,Europe,Wholesale,Grocery,Consumer,1245.6,32
2026-05-14,Europe,Wholesale,Grocery,SMB,650.68,32
2026-05-14,Europe,Wholesale,Grocery,Enterprise,501.38,11
2026-05-14,APAC,Retail,Electronics,Consumer,888.39,23
2026-05-14,APAC,Retail,Electronics,SMB,1018.67,46
2026-05-14,APAC,Retail,Electronics,Enterprise,1113.06,45
2026-05-14,APAC,Retail,Apparel,Consumer,497.54,13
2026-05-14,APAC,Retail,Apparel,SMB,864.39,19
2026-05-14,APAC,Retail,Apparel,Enterprise,791.14,18
2026-05-14,APAC,Retail,Home Goods,Consumer,588.19,13
2026-05-14,APAC,Retail,Home Goods,SMB,1181.64,73
2026-05-14,APAC,Retail,Home Goods,Enterprise,811.27,18
2026-05-14,APAC,Retail,Grocery,Consumer,475.36,21
2026-05-14,APAC,Retail,Grocery,SMB,674.63,35
2026-05-14,APAC,Retail,Grocery,Enterprise,689.87,18
2026-05-14,APAC,Online,Electronics,Consumer,969.33,48
2026-05-14,APAC,Online,Electronics,SMB,1515.0,36
2026-05-14,APAC,Online,Electronics,Enterprise,1290.37,37
2026-05-14,APAC,Online,Apparel,Consumer,549.25,13
2026-05-14,APAC,Online,Apparel,SMB,749.73,33
2026-05-14,APAC,Online,Apparel,Enterprise,743.05,43
2026-05-14,APAC,Online,Home Goods,Consumer,737.82,49
2026-05-14,APAC,Online,Home Goods,SMB,1060.02,39
2026-05-14,APAC,Online,Home Goods,Enterprise,930.07,22
2026-05-14,APAC,Online,Grocery,Consumer,424.39,14
2026-05-14,APAC,Online,Grocery,SMB,759.43,42
2026-05-14,APAC,Online,Grocery,Enterprise,802.06,27
2026-05-14,APAC,Wholesale,Electronics,Consumer,1368.98,38
2026-05-14,APAC,Wholesale,Electronics,SMB,596.76,30
2026-05-14,APAC,Wholesale,Electronics,Enterprise,665.96,27
2026-05-14,APAC,Wholesale,Apparel,Consumer,891.63,36
2026-05-14,APAC,Wholesale,Apparel,SMB,1149.45,57
2026-05-14,APAC,Wholesale,Apparel,Enterprise,1037.16,39
2026-05-14,APAC,Wholesale,Home Goods,Consumer,1045.97,24
2026-05-14,APAC,Wholesale,Home Goods,SMB,395.98,22
2026-05-14,APAC,Wholesale,Home Goods,Enterprise,1154.54,39
2026-05-14,APAC,Wholesale,Grocery,Consumer,803.39,50
2026-05-14,APAC,Wholesale,Grocery,SMB,1189.14,28
2026-05-14,APAC,Wholesale,Grocery,Enterprise,1050.83,53
2026-05-15,North America,Retail,Electronics,Consumer,1061.39,51
2026-05-15,North America,Retail,Electronics,SMB,1340.89,37
2026-05-15,North America,Retail,Electronics,Enterprise,1202.17,52
2026-05-15,North America,Retail,Apparel,Consumer,505.2,21
2026-05-15,North America,Retail,Apparel,SMB,862.72,26
2026-05-15,North America,Retail,Apparel,Enterprise,812.16,20
2026-05-15,North America,Retail,Home Goods,Consumer,837.61,30
2026-05-15,North America,Retail,Home Goods,SMB,1152.51,48
2026-05-15,North America,Retail,Home Goods,Enterprise,958.21,45
2026-05-15,North America,Retail,Grocery,Consumer,545.59,34
2026-05-15,North America,Retail,Grocery,SMB,911.0,52
2026-05-15,North America,Retail,Grocery,Enterprise,861.54,21
2026-05-15,North America,Online,Electronics,Consumer,991.53,33
2026-05-15,North America,Online,Electronics,SMB,433.3,12
2026-05-15,North America,Online,Electronics,Enterprise,1338.0,65
2026-05-15,North America,Online,Apparel,Consumer,614.68,14
2026-05-15,North America,Online,Apparel,SMB,813.74,35
2026-05-15,North America,Online,Apparel,Enterprise,846.61,29
2026-05-15,North America,Online,Home Goods,Consumer,814.59,48
2026-05-15,North America,Online,Home Goods,SMB,1157.13,30
2026-05-15,North America,Online,Home Goods,Enterprise,1002.88,39
2026-05-15,North America,Online,Grocery,Consumer,587.2,18
2026-05-15,North America,Online,Grocery,SMB,980.12,31
2026-05-15,North America,Online,Grocery,Enterprise,802.01,19
2026-05-15,North America,Wholesale,Electronics,Consumer,455.28,14
2026-05-15,North America,Wholesale,Electronics,SMB,667.31,16
2026-05-15,North America,Wholesale,Electronics,Enterprise,546.42,18
2026-05-15,North America,Wholesale,Apparel,Consumer,925.48,53
2026-05-15,North America,Wholesale,Apparel,SMB,1306.82,43
2026-05-15,North America,Wholesale,Apparel,Enterprise,1034.01,24
2026-05-15,North America,Wholesale,Home Goods,Consumer,1168.24,34
2026-05-15,North America,Wholesale,Home Goods,SMB,449.9,24
2026-05-15,North America,Wholesale,Home Goods,Enterprise,439.98,9
2026-05-15,North America,Wholesale,Grocery,Consumer,878.5,19
2026-05-15,North America,Wholesale,Grocery,SMB,1224.0,44
2026-05-15,North America,Wholesale,Grocery,Enterprise,1092.91,24
2026-05-15,Europe,Retail,Electronics,Consumer,968.7,28
2026-05-15,Europe,Retail,Electronics,SMB,751.59,18
2026-05-15,Europe,Retail,Electronics,Enterprise,603.69,14
2026-05-15,Europe,Retail,Apparel,Consumer,1008.73,59
2026-05-15,Europe,Retail,Apparel,SMB,1069.98,43
2026-05-15,Europe,Retail,Apparel,Enterprise,1126.75,48
2026-05-15,Europe,Retail,Home Goods,Consumer,912.04,23
2026-05-15,Europe,Retail,Home Goods,SMB,483.62,14
2026-05-15,Europe,Retail,Home Goods,Enterprise,1188.02,43
2026-05-15,Europe,Retail,Grocery,Consumer,869.62,44
2026-05-15,Europe,Retail,Grocery,SMB,1028.63,23
2026-05-15,Europe,Retail,Grocery,Enterprise,1015.65,23
2026-05-15,Europe,Online,Electronics,Consumer,386.36,16
2026-05-15,Europe,Online,Electronics,SMB,672.34,21
2026-05-15,Europe,Online,Electronics,Enterprise,584.94,22
2026-05-15,Europe,Online,Apparel,Consumer,920.96,31
2026-05-15,Europe,Online,Apparel,SMB,1124.41,48
2026-05-15,Europe,Online,Apparel,Enterprise,1059.97,54
2026-05-15,Europe,Online,Home Goods,Consumer,982.31,60
2026-05-15,Europe,Online,Home Goods,SMB,431.67,10
2026-05-15,Europe,Online,Home Goods,Enterprise,1261.5,33
2026-05-15,Europe,Online,Grocery,Consumer,929.41,21
2026-05-15,Europe,Online,Grocery,SMB,1181.05,29
2026-05-15,Europe,Online,Grocery,Enterprise,1086.3,45
2026-05-15,Europe,Wholesale,Electronics,Consumer,706.32,19
2026-05-15,Europe,Wholesale,Electronics,SMB,1092.46,60
2026-05-15,Europe,Wholesale,Electronics,Enterprise,959.22,21
2026-05-15,Europe,Wholesale,Apparel,Consumer,1143.76,40
2026-05-15,Europe,Wholesale,Apparel,SMB,579.37,21
2026-05-15,Europe,Wholesale,Apparel,Enterprise,466.17,13
2026-05-15,Europe,Wholesale,Home Goods,Consumer,515.58,12
2026-05-15,Europe,Wholesale,Home Goods,SMB,827.13,22
2026-05-15,Europe,Wholesale,Home Goods,Enterprise,724.88,18
2026-05-15,Europe,Wholesale,Grocery,Consumer,1009.96,33
2026-05-15,Europe,Wholesale,Grocery,SMB,606.87,20
2026-05-15,Europe,Wholesale,Grocery,Enterprise,545.97,28
2026-05-15,APAC,Retail,Electronics,Consumer,1041.8,65
2026-05-15,APAC,Retail,Electronics,SMB,1068.12,51
2026-05-15,APAC,Retail,Electronics,Enterprise,1250.14,55
2026-05-15,APAC,Retail,Apparel,Consumer,443.47,15
2026-05-15,APAC,Retail,Apparel,SMB,879.23,37
2026-05-15,APAC,Retail,Apparel,Enterprise,679.44,17
2026-05-15,APAC,Retail,Home Goods,Consumer,651.51,34
2026-05-15,APAC,Retail,Home Goods,SMB,1013.28,63
2026-05-15,APAC,Retail,Home Goods,Enterprise,877.15,43
2026-05-15,APAC,Retail,Grocery,Consumer,574.13,13
2026-05-15,APAC,Retail,Grocery,SMB,763.3,38
2026-05-15,APAC,Retail,Grocery,Enterprise,717.25,17
2026-05-15,APAC,Online,Electronics,Consumer,952.24,40
2026-05-15,APAC,Online,Electronics,SMB,1084.03,40
2026-05-15,APAC,Online,Electronics,Enterprise,1229.25,27
2026-05-15,APAC,Online,Apparel,Consumer,560.85,13
2026-05-15,APAC,Online,Apparel,SMB,739.33,32
2026-05-15,APAC,Online,Apparel,Enterprise,657.95,24
2026-05-15,APAC,Online,Home Goods,Consumer,841.11,22
2026-05-15,APAC,Online,Home Goods,SMB,1038.87,68
2026-05-15,APAC,Online,Home Goods,Enterprise,1045.4,31
2026-05-15,APAC,Online,Grocery,Consumer,504.26,33
2026-05-15,APAC,Online,Grocery,SMB,817.22,33
2026-05-15,APAC,Online,Grocery,Enterprise,858.49,19
2026-05-15,APAC,Wholesale,Electronics,Consumer,1205.32,45
2026-05-15,APAC,Wholesale,Electronics,SMB,611.07,23
2026-05-15,APAC,Wholesale,Electronics,Enterprise,584.34,16
2026-05-15,APAC,Wholesale,Apparel,Consumer,908.81,22
2026-05-15,APAC,Wholesale,Apparel,SMB,1082.88,35
2026-05-15,APAC,Wholesale,Apparel,Enterprise,1070.43,30
2026-05-15,APAC,Wholesale,Home Goods,Consumer,1103.33,32
2026-05-15,APAC,Wholesale,Home Goods,SMB,411.61,12
2026-05-15,APAC,Wholesale,Home Goods,Enterprise,1256.41,74
2026-05-15,APAC,Wholesale,Grocery,Consumer,887.25,19
2026-05-15,APAC,Wholesale,Grocery,SMB,1023.13,44
2026-05-15,APAC,Wholesale,Grocery,Enterprise,937.57,25
2026-05-16,North America,Retail,Electronics,Consumer,1070.46,54
2026-05-16,North America,Retail,Electronics,SMB,1244.2,32
2026-05-16,North America,Retail,Electronics,Enterprise,1373.84,35
2026-05-16,North America,Retail,Apparel,Consumer,529.6,16
2026-05-16,North America,Retail,Apparel,SMB,805.52,21
2026-05-16,North America,Retail,Apparel,Enterprise,710.99,20
2026-05-16,North America,Retail,Home Goods,Consumer,852.78,30
2026-05-16,North America,Retail,Home Goods,SMB,1083.93,40
2026-05-16,North America,Retail,Home Goods,Enterprise,1140.42,35
2026-05-16,North America,Retail,Grocery,Consumer,617.61,29
2026-05-16,North America,Retail,Grocery,SMB,875.64,28
2026-05-16,North America,Retail,Grocery,Enterprise,768.32,19
2026-05-16,North America,Online,Electronics,Consumer,1122.51,37
2026-05-16,North America,Online,Electronics,SMB,376.33,9
2026-05-16,North America,Online,Electronics,Enterprise,1342.87,65
2026-05-16,North America,Online,Apparel,Consumer,502.67,28
2026-05-16,North America,Online,Apparel,SMB,902.15,22
2026-05-16,North America,Online,Apparel,Enterprise,831.48,21
2026-05-16,North America,Online,Home Goods,Consumer,846.77,33
2026-05-16,North America,Online,Home Goods,SMB,1209.01,68
2026-05-16,North America,Online,Home Goods,Enterprise,937.22,38
2026-05-16,North America,Online,Grocery,Consumer,668.06,17
2026-05-16,North America,Online,Grocery,SMB,860.04,36
2026-05-16,North America,Online,Grocery,Enterprise,862.35,21
2026-05-16,North America,Wholesale,Electronics,Consumer,370.58,11
2026-05-16,North America,Wholesale,Electronics,SMB,743.33,17
2026-05-16,North America,Wholesale,Electronics,Enterprise,751.84,25
2026-05-16,North America,Wholesale,Apparel,Consumer,967.52,23
2026-05-16,North America,Wholesale,Apparel,SMB,1125.3,67
2026-05-16,North America,Wholesale,Apparel,Enterprise,1165.83,28
2026-05-16,North America,Wholesale,Home Goods,Consumer,1165.15,42
2026-05-16,North America,Wholesale,Home Goods,SMB,528.65,16
2026-05-16,North America,Wholesale,Home Goods,Enterprise,471.35,19
2026-05-16,North America,Wholesale,Grocery,Consumer,878.73,24
2026-05-16,North America,Wholesale,Grocery,SMB,1226.18,36
2026-05-16,North America,Wholesale,Grocery,Enterprise,1033.55,50
2026-05-16,Europe,Retail,Electronics,Consumer,1289.31,55
2026-05-16,Europe,Retail,Electronics,SMB,674.06,17
2026-05-16,Europe,Retail,Electronics,Enterprise,649.55,21
2026-05-16,Europe,Retail,Apparel,Consumer,959.79,25
2026-05-16,Europe,Retail,Apparel,SMB,1247.14,36
2026-05-16,Europe,Retail,Apparel,Enterprise,1133.15,41
2026-05-16,Europe,Retail,Home Goods,Consumer,1165.1,72
2026-05-16,Europe,Retail,Home Goods,SMB,456.11,21
2026-05-16,Europe,Retail,Home Goods,Enterprise,1282.81,52
2026-05-16,Europe,Retail,Grocery,Consumer,888.48,22
2026-05-16,Europe,Retail,Grocery,SMB,1212.96,35
2026-05-16,Europe,Retail,Grocery,Enterprise,1215.36,54
2026-05-16,Europe,Online,Electronics,Consumer,389.78,20
2026-05-16,Europe,Online,Electronics,SMB,634.99,23
2026-05-16,Europe,Online,Electronics,Enterprise,587.84,14
2026-05-16,Europe,Online,Apparel,Consumer,839.96,35
2026-05-16,Europe,Online,Apparel,SMB,1106.54,33
2026-05-16,Europe,Online,Apparel,Enterprise,1209.2,48
2026-05-16,Europe,Online,Home Goods,Consumer,1303.61,51
2026-05-16,Europe,Online,Home Goods,SMB,388.39,9
2026-05-16,Europe,Online,Home Goods,Enterprise,1256.44,28
2026-05-16,Europe,Online,Grocery,Consumer,919.35,21
2026-05-16,Europe,Online,Grocery,SMB,1110.82,30
2026-05-16,Europe,Online,Grocery,Enterprise,1133.05,59
2026-05-16,Europe,Wholesale,Electronics,Consumer,711.33,35
2026-05-16,Europe,Wholesale,Electronics,SMB,894.64,34
2026-05-16,Europe,Wholesale,Electronics,Enterprise,919.96,22
2026-05-16,Europe,Wholesale,Apparel,Consumer,1159.85,51
2026-05-16,Europe,Wholesale,Apparel,SMB,549.12,12
2026-05-16,Europe,Wholesale,Apparel,Enterprise,491.3,14
2026-05-16,Europe,Wholesale,Home Goods,Consumer,500.41,14
2026-05-16,Europe,Wholesale,Home Goods,SMB,776.67,28
2026-05-16,Europe,Wholesale,Home Goods,Enterprise,665.21,22
2026-05-16,Europe,Wholesale,Grocery,Consumer,1285.8,65
2026-05-16,Europe,Wholesale,Grocery,SMB,562.71,23
2026-05-16,Europe,Wholesale,Grocery,Enterprise,461.18,13
2026-05-16,APAC,Retail,Electronics,Consumer,917.52,27
2026-05-16,APAC,Retail,Electronics,SMB,1164.39,60
2026-05-16,APAC,Retail,Electronics,Enterprise,1183.24,32
2026-05-16,APAC,Retail,Apparel,Consumer,494.17,26
2026-05-16,APAC,Retail,Apparel,SMB,815.68,38
2026-05-16,APAC,Retail,Apparel,Enterprise,742.03,35
2026-05-16,APAC,Retail,Home Goods,Consumer,729.16,34
2026-05-16,APAC,Retail,Home Goods,SMB,1115.69,30
2026-05-16,APAC,Retail,Home Goods,Enterprise,941.95,31
2026-05-16,APAC,Retail,Grocery,Consumer,544.6,25
2026-05-16,APAC,Retail,Grocery,SMB,868.34,57
2026-05-16,APAC,Retail,Grocery,Enterprise,724.19,20
2026-05-16,APAC,Online,Electronics,Consumer,1073.7,30
2026-05-16,APAC,Online,Electronics,SMB,1131.38,58
2026-05-16,APAC,Online,Electronics,Enterprise,1260.27,34
2026-05-16,APAC,Online,Apparel,Consumer,541.45,30
2026-05-16,APAC,Online,Apparel,SMB,795.29,17
2026-05-16,APAC,Online,Apparel,Enterprise,770.2,32
2026-05-16,APAC,Online,Home Goods,Consumer,712.57,35
2026-05-16,APAC,Online,Home Goods,SMB,1029.34,63
2026-05-16,APAC,Online,Home Goods,Enterprise,917.46,37
2026-05-16,APAC,Online,Grocery,Consumer,611.77,16
2026-05-16,APAC,Online,Grocery,SMB,910.31,55
2026-05-16,APAC,Online,Grocery,Enterprise,806.83,19
2026-05-16,APAC,Wholesale,Electronics,Consumer,1239.77,48
2026-05-16,APAC,Wholesale,Electronics,SMB,626.63,22
2026-05-16,APAC,Wholesale,Electronics,Enterprise,515.71,28
2026-05-16,APAC,Wholesale,Apparel,Consumer,739.1,18
2026-05-16,APAC,Wholesale,Apparel,SMB,1152.99,26
2026-05-16,APAC,Wholesale,Apparel,Enterprise,1124.34,48
2026-05-16,APAC,Wholesale,Home Goods,Consumer,933.69,23
2026-05-16,APAC,Wholesale,Home Goods,SMB,485.16,14
2026-05-16,APAC,Wholesale,Home Goods,Enterprise,1285.47,35
2026-05-16,APAC,Wholesale,Grocery,Consumer,823.9,49
2026-05-16,APAC,Wholesale,Grocery,SMB,1188.18,43
2026-05-16,APAC,Wholesale,Grocery,Enterprise,1051.18,32
2026-05-17,North America,Retail,Electronics,Consumer,1056.52,51
2026-05-17,North America,Retail,Electronics,SMB,1150.83,43
2026-05-17,North America,Retail,Electronics,Enterprise,1214.99,34
2026-05-17,North America,Retail,Apparel,Consumer,587.69,14
2026-05-17,North America,Retail,Apparel,SMB,896.94,21
2026-05-17,North America,Retail,Apparel,Enterprise,786.43,42
2026-05-17,North America,Retail,Home Goods,Consumer,786.27,34
2026-05-17,North America,Retail,Home Goods,SMB,1099.09,44
2026-05-17,North America,Retail,Home Goods,Enterprise,981.55,25
2026-05-17,North America,Retail,Grocery,Consumer,531.55,16
2026-05-17,North America,Retail,Grocery,SMB,704.0,20
2026-05-17,North America,Retail,Grocery,Enterprise,742.58,29
2026-05-17,North America,Online,Electronics,Consumer,895.48,50
2026-05-17,North America,Online,Electronics,SMB,395.76,11
2026-05-17,North America,Online,Electronics,Enterprise,1234.81,34
2026-05-17,North America,Online,Apparel,Consumer,625.96,23
2026-05-17,North America,Online,Apparel,SMB,911.95,20
2026-05-17,North America,Online,Apparel,Enterprise,727.0,43
2026-05-17,North America,Online,Home Goods,Consumer,783.58,19
2026-05-17,North America,Online,Home Goods,SMB,1049.09,25
2026-05-17,North America,Online,Home Goods,Enterprise,1041.95,35
2026-05-17,North America,Online,Grocery,Consumer,591.03,26
2026-05-17,North America,Online,Grocery,SMB,909.41,41
2026-05-17,North America,Online,Grocery,Enterprise,814.08,23
2026-05-17,North America,Wholesale,Electronics,Consumer,418.85,14
2026-05-17,North America,Wholesale,Electronics,SMB,746.14,19
2026-05-17,North America,Wholesale,Electronics,Enterprise,555.47,19
2026-05-17,North America,Wholesale,Apparel,Consumer,947.56,51
2026-05-17,North America,Wholesale,Apparel,SMB,1046.14,57
2026-05-17,North America,Wholesale,Apparel,Enterprise,1117.14,40
2026-05-17,North America,Wholesale,Home Goods,Consumer,1124.45,63
2026-05-17,North America,Wholesale,Home Goods,SMB,507.74,15
2026-05-17,North America,Wholesale,Home Goods,Enterprise,417.06,13
2026-05-17,North America,Wholesale,Grocery,Consumer,881.14,41
2026-05-17,North America,Wholesale,Grocery,SMB,1094.02,42
2026-05-17,North America,Wholesale,Grocery,Enterprise,940.67,56
2026-05-17,Europe,Retail,Electronics,Consumer,1315.33,41
2026-05-17,Europe,Retail,Electronics,SMB,736.85,21
2026-05-17,Europe,Retail,Electronics,Enterprise,538.73,14
2026-05-17,Europe,Retail,Apparel,Consumer,874.87,47
2026-05-17,Europe,Retail,Apparel,SMB,1143.78,45
2026-05-17,Europe,Retail,Apparel,Enterprise,1010.43,25
2026-05-17,Europe,Retail,Home Goods,Consumer,1152.14,37
2026-05-17,Europe,Retail,Home Goods,SMB,457.16,12
2026-05-17,Europe,Retail,Home Goods,Enterprise,1354.49,70
2026-05-17,Europe,Retail,Grocery,Consumer,891.96,24
2026-05-17,Europe,Retail,Grocery,SMB,1154.14,34
2026-05-17,Europe,Retail,Grocery,Enterprise,1052.07,51
2026-05-17,Europe,Online,Electronics,Consumer,428.95,14
2026-05-17,Europe,Online,Electronics,SMB,658.86,17
2026-05-17,Europe,Online,Electronics,Enterprise,608.15,22
2026-05-17,Europe,Online,Apparel,Consumer,829.78,19
2026-05-17,Europe,Online,Apparel,SMB,1207.73,31
2026-05-17,Europe,Online,Apparel,Enterprise,977.23,34
2026-05-17,Europe,Online,Home Goods,Consumer,967.79,50
2026-05-17,Europe,Online,Home Goods,SMB,389.42,12
2026-05-17,Europe,Online,Home Goods,Enterprise,1266.8,29
2026-05-17,Europe,Online,Grocery,Consumer,879.77,21
2026-05-17,Europe,Online,Grocery,SMB,1055.49,24
2026-05-17,Europe,Online,Grocery,Enterprise,1108.19,54
2026-05-17,Europe,Wholesale,Electronics,Consumer,636.97,33
2026-05-17,Europe,Wholesale,Electronics,SMB,939.56,35
2026-05-17,Europe,Wholesale,Electronics,Enterprise,807.43,26
2026-05-17,Europe,Wholesale,Apparel,Consumer,1065.49,40
2026-05-17,Europe,Wholesale,Apparel,SMB,662.4,17
2026-05-17,Europe,Wholesale,Apparel,Enterprise,482.7,20
2026-05-17,Europe,Wholesale,Home Goods,Consumer,609.45,21
2026-05-17,Europe,Wholesale,Home Goods,SMB,749.1,39
2026-05-17,Europe,Wholesale,Home Goods,Enterprise,641.93,17
2026-05-17,Europe,Wholesale,Grocery,Consumer,1280.84,53
2026-05-17,Europe,Wholesale,Grocery,SMB,557.12,15
2026-05-17,Europe,Wholesale,Grocery,Enterprise,437.81,10
2026-05-17,APAC,Retail,Electronics,Consumer,914.8,27
2026-05-17,APAC,Retail,Electronics,SMB,1182.2,49
2026-05-17,APAC,Retail,Electronics,Enterprise,1083.73,24
2026-05-17,APAC,Retail,Apparel,Consumer,561.45,16
2026-05-17,APAC,Retail,Apparel,SMB,865.55,24
2026-05-17,APAC,Retail,Apparel,Enterprise,706.25,28
2026-05-17,APAC,Retail,Home Goods,Consumer,776.01,26
2026-05-17,APAC,Retail,Home Goods,SMB,1067.29,33
2026-05-17,APAC,Retail,Home Goods,Enterprise,908.79,24
2026-05-17,APAC,Retail,Grocery,Consumer,494.54,12
2026-05-17,APAC,Retail,Grocery,SMB,786.71,20
2026-05-17,APAC,Retail,Grocery,Enterprise,858.77,27
2026-05-17,APAC,Online,Electronics,Consumer,995.19,28
2026-05-17,APAC,Online,Electronics,SMB,1243.76,59
2026-05-17,APAC,Online,Electronics,Enterprise,1166.06,49
2026-05-17,APAC,Online,Apparel,Consumer,490.59,21
2026-05-17,APAC,Online,Apparel,SMB,849.01,35
2026-05-17,APAC,Online,Apparel,Enterprise,652.49,17
2026-05-17,APAC,Online,Home Goods,Consumer,845.21,46
2026-05-17,APAC,Online,Home Goods,SMB,1051.2,25
2026-05-17,APAC,Online,Home Goods,Enterprise,941.95,25
2026-05-17,APAC,Online,Grocery,Consumer,451.24,14
2026-05-17,APAC,Online,Grocery,SMB,827.94,21
2026-05-17,APAC,Online,Grocery,Enterprise,854.77,36
2026-05-17,APAC,Wholesale,Electronics,Consumer,1153.01,43
2026-05-17,APAC,Wholesale,Electronics,SMB,551.3,12
2026-05-17,APAC,Wholesale,Electronics,Enterprise,625.06,19
2026-05-17,APAC,Wholesale,Apparel,Consumer,825.26,53
2026-05-17,APAC,Wholesale,Apparel,SMB,1114.95,29
2026-05-17,APAC,Wholesale,Apparel,Enterprise,1163.6,28
2026-05-17,APAC,Wholesale,Home Goods,Consumer,1147.77,31
2026-05-17,APAC,Wholesale,Home Goods,SMB,372.07,10
2026-05-17,APAC,Wholesale,Home Goods,Enterprise,1275.1,38
2026-05-17,APAC,Wholesale,Grocery,Consumer,769.91,20
2026-05-17,APAC,Wholesale,Grocery,SMB,1212.09,59
2026-05-17,APAC,Wholesale,Grocery,Enterprise,1053.12,29
2026-05-18,North America,Retail,Electronics,Consumer,1036.39,34
2026-05-18,North America,Retail,Electronics,SMB,1358.25,51
2026-05-18,North America,Retail,Electronics,Enterprise,1116.95,59
2026-05-18,North America,Retail,Apparel,Consumer,604.65,18
2026-05-18,North America,Retail,Apparel,SMB,859.06,23
2026-05-18,North America,Retail,Apparel,Enterprise,848.74,43
2026-05-18,North America,Retail,Home Goods,Consumer,835.25,50
2026-05-18,North America,Retail,Home Goods,SMB,1148.01,26
2026-05-18,North America,Retail,Home Goods,Enterprise,926.52,31
2026-05-18,North America,Retail,Grocery,Consumer,553.97,17
2026-05-18,North America,Retail,Grocery,SMB,805.32,32
2026-05-18,North America,Retail,Grocery,Enterprise,902.71,41
2026-05-18,North America,Online,Electronics,Consumer,1033.39,34
2026-05-18,North America,Online,Electronics,SMB,414.08,15
2026-05-18,North America,Online,Electronics,Enterprise,1191.81,55
2026-05-18,North America,Online,Apparel,Consumer,578.28,27
2026-05-18,North America,Online,Apparel,SMB,832.78,38
2026-05-18,North America,Online,Apparel,Enterprise,848.45,22
2026-05-18,North America,Online,Home Goods,Consumer,593.14,14
2026-05-18,North America,Online,Home Goods,SMB,1033.01,23
2026-05-18,North America,Online,Home Goods,Enterprise,1141.15,40
2026-05-18,North America,Online,Grocery,Consumer,608.98,14
2026-05-18,North America,Online,Grocery,SMB,812.31,18
2026-05-18,North America,Online,Grocery,Enterprise,758.27,21
2026-05-18,North America,Wholesale,Electronics,Consumer,406.23,9
2026-05-18,North America,Wholesale,Electronics,SMB,837.98,31
2026-05-18,North America,Wholesale,Electronics,Enterprise,611.76,14
2026-05-18,North America,Wholesale,Apparel,Consumer,887.28,22
2026-05-18,North America,Wholesale,Apparel,SMB,1063.34,37
2026-05-18,North America,Wholesale,Apparel,Enterprise,1228.69,75
2026-05-18,North America,Wholesale,Home Goods,Consumer,1173.28,38
2026-05-18,North America,Wholesale,Home Goods,SMB,492.15,11
2026-05-18,North America,Wholesale,Home Goods,Enterprise,482.59,15
2026-05-18,North America,Wholesale,Grocery,Consumer,1084.59,71
2026-05-18,North America,Wholesale,Grocery,SMB,1337.74,35
2026-05-18,North America,Wholesale,Grocery,Enterprise,1191.19,29
2026-05-18,Europe,Retail,Electronics,Consumer,1252.83,40
2026-05-18,Europe,Retail,Electronics,SMB,689.65,19
2026-05-18,Europe,Retail,Electronics,Enterprise,692.24,20
2026-05-18,Europe,Retail,Apparel,Consumer,840.35,19
2026-05-18,Europe,Retail,Apparel,SMB,1138.97,39
2026-05-18,Europe,Retail,Apparel,Enterprise,1021.5,40
2026-05-18,Europe,Retail,Home Goods,Consumer,1106.65,28
2026-05-18,Europe,Retail,Home Goods,SMB,470.48,14
2026-05-18,Europe,Retail,Home Goods,Enterprise,1228.64,53
2026-05-18,Europe,Retail,Grocery,Consumer,857.04,32
2026-05-18,Europe,Retail,Grocery,SMB,1094.31,70
2026-05-18,Europe,Retail,Grocery,Enterprise,1025.01,29
2026-05-18,Europe,Online,Electronics,Consumer,355.26,10
2026-05-18,Europe,Online,Electronics,SMB,665.03,17
2026-05-18,Europe,Online,Electronics,Enterprise,547.57,31
2026-05-18,Europe,Online,Apparel,Consumer,807.11,18
2026-05-18,Europe,Online,Apparel,SMB,1270.45,52
2026-05-18,Europe,Online,Apparel,Enterprise,1168.53,66
2026-05-18,Europe,Online,Home Goods,Consumer,1094.93,40
2026-05-18,Europe,Online,Home Goods,SMB,428.01,12
2026-05-18,Europe,Online,Home Goods,Enterprise,1172.38,61
2026-05-18,Europe,Online,Grocery,Consumer,898.21,33
2026-05-18,Europe,Online,Grocery,SMB,1200.45,27
2026-05-18,Europe,Online,Grocery,Enterprise,991.62,51
2026-05-18,Europe,Wholesale,Electronics,Consumer,662.77,17
2026-05-18,Europe,Wholesale,Electronics,SMB,841.74,22
2026-05-18,Europe,Wholesale,Electronics,Enterprise,804.7,25
2026-05-18,Europe,Wholesale,Apparel,Consumer,1346.14,42
2026-05-18,Europe,Wholesale,Apparel,SMB,566.23,17
2026-05-18,Europe,Wholesale,Apparel,Enterprise,496.78,15
2026-05-18,Europe,Wholesale,Home Goods,Consumer,537.55,14
2026-05-18,Europe,Wholesale,Home Goods,SMB,769.45,18
2026-05-18,Europe,Wholesale,Home Goods,Enterprise,685.05,19
2026-05-18,Europe,Wholesale,Grocery,Consumer,1285.52,42
2026-05-18,Europe,Wholesale,Grocery,SMB,602.55,15
2026-05-18,Europe,Wholesale,Grocery,Enterprise,540.71,25
2026-05-18,APAC,Retail,Electronics,Consumer,1005.91,24
2026-05-18,APAC,Retail,Electronics,SMB,1391.42,34
2026-05-18,APAC,Retail,Electronics,Enterprise,1434.33,49
2026-05-18,APAC,Retail,Apparel,Consumer,456.81,14
2026-05-18,APAC,Retail,Apparel,SMB,787.01,43
2026-05-18,APAC,Retail,Apparel,Enterprise,744.93,20
2026-05-18,APAC,Retail,Home Goods,Consumer,682.46,36
2026-05-18,APAC,Retail,Home Goods,SMB,1022.86,29
2026-05-18,APAC,Retail,Home Goods,Enterprise,1033.28,24
2026-05-18,APAC,Retail,Grocery,Consumer,567.86,23
2026-05-18,APAC,Retail,Grocery,SMB,729.05,30
2026-05-18,APAC,Retail,Grocery,Enterprise,771.21,23
2026-05-18,APAC,Online,Electronics,Consumer,886.48,36
2026-05-18,APAC,Online,Electronics,SMB,1197.34,42
2026-05-18,APAC,Online,Electronics,Enterprise,1236.09,57
2026-05-18,APAC,Online,Apparel,Consumer,515.94,13
2026-05-18,APAC,Online,Apparel,SMB,684.61,35
2026-05-18,APAC,Online,Apparel,Enterprise,771.57,20
2026-05-18,APAC,Online,Home Goods,Consumer,786.44,30
2026-05-18,APAC,Online,Home Goods,SMB,957.79,39
2026-05-18,APAC,Online,Home Goods,Enterprise,907.12,27
2026-05-18,APAC,Online,Grocery,Consumer,528.48,13
2026-05-18,APAC,Online,Grocery,SMB,841.71,27
2026-05-18,APAC,Online,Grocery,Enterprise,724.44,31
2026-05-18,APAC,Wholesale,Electronics,Consumer,1302.67,75
2026-05-18,APAC,Wholesale,Electronics,SMB,640.33,41
2026-05-18,APAC,Wholesale,Electronics,Enterprise,573.23,17
2026-05-18,APAC,Wholesale,Apparel,Consumer,833.24,30
2026-05-18,APAC,Wholesale,Apparel,SMB,951.99,30
2026-05-18,APAC,Wholesale,Apparel,Enterprise,949.3,30
2026-05-18,APAC,Wholesale,Home Goods,Consumer,1153.67,30
2026-05-18,APAC,Wholesale,Home Goods,SMB,439.68,16
2026-05-18,APAC,Wholesale,Home Goods,Enterprise,1300.19,35
2026-05-18,APAC,Wholesale,Grocery,Consumer,972.13,40
2026-05-18,APAC,Wholesale,Grocery,SMB,1031.86,38
2026-05-18,APAC,Wholesale,Grocery,Enterprise,1091.48,36
2026-05-19,North America,Retail,Electronics,Consumer,934.64,23
2026-05-19,North America,Retail,Electronics,SMB,1126.9,33
2026-05-19,North America,Retail,Electronics,Enterprise,1289.64,45
2026-05-19,North America,Retail,Apparel,Consumer,627.05,30
2026-05-19,North America,Retail,Apparel,SMB,956.89,21
2026-05-19,North America,Retail,Apparel,Enterprise,762.55,20
2026-05-19,North America,Retail,Home Goods,Consumer,742.76,34
2026-05-19,North America,Retail,Home Goods,SMB,1093.47,36
2026-05-19,North America,Retail,Home Goods,Enterprise,1088.05,66
2026-05-19,North America,Retail,Grocery,Consumer,618.77,29
2026-05-19,North America,Retail,Grocery,SMB,938.95,32
2026-05-19,North America,Retail,Grocery,Enterprise,780.22,27
2026-05-19,North America,Online,Electronics,Consumer,1240.65,50
2026-05-19,North America,Online,Electronics,SMB,429.04,11
2026-05-19,North America,Online,Electronics,Enterprise,1049.94,26
2026-05-19,North America,Online,Apparel,Consumer,571.25,24
2026-05-19,North America,Online,Apparel,SMB,823.88,23
2026-05-19,North America,Online,Apparel,Enterprise,785.17,30
2026-05-19,North America,Online,Home Goods,Consumer,737.0,24
2026-05-19,North America,Online,Home Goods,SMB,953.09,36
2026-05-19,North America,Online,Home Goods,Enterprise,1102.12,43
2026-05-19,North America,Online,Grocery,Consumer,572.89,13
2026-05-19,North America,Online,Grocery,SMB,805.87,24
2026-05-19,North America,Online,Grocery,Enterprise,824.19,27
2026-05-19,North America,Wholesale,Electronics,Consumer,453.61,26
2026-05-19,North America,Wholesale,Electronics,SMB,748.64,21
2026-05-19,North America,Wholesale,Electronics,Enterprise,661.05,25
2026-05-19,North America,Wholesale,Apparel,Consumer,947.07,25
2026-05-19,North America,Wholesale,Apparel,SMB,1234.45,31
2026-05-19,North America,Wholesale,Apparel,Enterprise,1158.69,31
2026-05-19,North America,Wholesale,Home Goods,Consumer,1023.86,48
2026-05-19,North America,Wholesale,Home Goods,SMB,513.38,25
2026-05-19,North America,Wholesale,Home Goods,Enterprise,442.74,27
2026-05-19,North America,Wholesale,Grocery,Consumer,910.36,28
2026-05-19,North America,Wholesale,Grocery,SMB,1278.04,79
2026-05-19,North America,Wholesale,Grocery,Enterprise,1245.72,38
2026-05-19,Europe,Retail,Electronics,Consumer,1371.25,67
2026-05-19,Europe,Retail,Electronics,SMB,692.43,15
2026-05-19,Europe,Retail,Electronics,Enterprise,558.09,35
2026-05-19,Europe,Retail,Apparel,Consumer,806.33,22
2026-05-19,Europe,Retail,Apparel,SMB,1100.79,62
2026-05-19,Europe,Retail,Apparel,Enterprise,1011.53,35
2026-05-19,Europe,Retail,Home Goods,Consumer,1255.79,62
2026-05-19,Europe,Retail,Home Goods,SMB,460.61,11
2026-05-19,Europe,Retail,Home Goods,Enterprise,1146.45,28
2026-05-19,Europe,Retail,Grocery,Consumer,805.84,39
2026-05-19,Europe,Retail,Grocery,SMB,1122.82,30
2026-05-19,Europe,Retail,Grocery,Enterprise,1035.21,40
2026-05-19,Europe,Online,Electronics,Consumer,359.05,16
2026-05-19,Europe,Online,Electronics,SMB,703.02,26
2026-05-19,Europe,Online,Electronics,Enterprise,638.6,15
2026-05-19,Europe,Online,Apparel,Consumer,891.24,29
2026-05-19,Europe,Online,Apparel,SMB,1098.38,61
2026-05-19,Europe,Online,Apparel,Enterprise,1098.64,37
2026-05-19,Europe,Online,Home Goods,Consumer,1067.58,27
2026-05-19,Europe,Online,Home Goods,SMB,461.03,15
2026-05-19,Europe,Online,Home Goods,Enterprise,1387.18,73
2026-05-19,Europe,Online,Grocery,Consumer,938.62,28
2026-05-19,Europe,Online,Grocery,SMB,1259.08,32
2026-05-19,Europe,Online,Grocery,Enterprise,931.66,27
2026-05-19,Europe,Wholesale,Electronics,Consumer,664.2,40
2026-05-19,Europe,Wholesale,Electronics,SMB,990.36,32
2026-05-19,Europe,Wholesale,Electronics,Enterprise,949.26,24
2026-05-19,Europe,Wholesale,Apparel,Consumer,1349.71,51
2026-05-19,Europe,Wholesale,Apparel,SMB,500.22,13
2026-05-19,Europe,Wholesale,Apparel,Enterprise,459.5,12
2026-05-19,Europe,Wholesale,Home Goods,Consumer,522.7,17
2026-05-19,Europe,Wholesale,Home Goods,SMB,806.45,36
2026-05-19,Europe,Wholesale,Home Goods,Enterprise,747.67,18
2026-05-19,Europe,Wholesale,Grocery,Consumer,1142.18,41
2026-05-19,Europe,Wholesale,Grocery,SMB,612.5,15
2026-05-19,Europe,Wholesale,Grocery,Enterprise,576.17,17
2026-05-19,APAC,Retail,Electronics,Consumer,955.74,27
2026-05-19,APAC,Retail,Electronics,SMB,1238.98,34
2026-05-19,APAC,Retail,Electronics,Enterprise,1126.52,57
2026-05-19,APAC,Retail,Apparel,Consumer,546.5,15
2026-05-19,APAC,Retail,Apparel,SMB,790.15,28
2026-05-19,APAC,Retail,Apparel,Enterprise,837.79,32
2026-05-19,APAC,Retail,Home Goods,Consumer,720.79,19
2026-05-19,APAC,Retail,Home Goods,SMB,1138.34,41
2026-05-19,APAC,Retail,Home Goods,Enterprise,966.34,37
2026-05-19,APAC,Retail,Grocery,Consumer,485.16,15
2026-05-19,APAC,Retail,Grocery,SMB,813.68,32
2026-05-19,APAC,Retail,Grocery,Enterprise,797.06,22
2026-05-19,APAC,Online,Electronics,Consumer,939.63,27
2026-05-19,APAC,Online,Electronics,SMB,1041.61,27
2026-05-19,APAC,Online,Electronics,Enterprise,1029.46,51
2026-05-19,APAC,Online,Apparel,Consumer,536.03,25
2026-05-19,APAC,Online,Apparel,SMB,749.99,23
2026-05-19,APAC,Online,Apparel,Enterprise,758.97,21
2026-05-19,APAC,Online,Home Goods,Consumer,729.61,16
2026-05-19,APAC,Online,Home Goods,SMB,974.42,64
2026-05-19,APAC,Online,Home Goods,Enterprise,987.88,23
2026-05-19,APAC,Online,Grocery,Consumer,550.04,19
2026-05-19,APAC,Online,Grocery,SMB,861.69,49
2026-05-19,APAC,Online,Grocery,Enterprise,766.65,47
2026-05-19,APAC,Wholesale,Electronics,Consumer,1052.56,31
2026-05-19,APAC,Wholesale,Electronics,SMB,754.32,24
2026-05-19,APAC,Wholesale,Electronics,Enterprise,569.92,13
2026-05-19,APAC,Wholesale,Apparel,Consumer,746.6,18
2026-05-19,APAC,Wholesale,Apparel,SMB,1054.95,50
2026-05-19,APAC,Wholesale,Apparel,Enterprise,977.51,28
2026-05-19,APAC,Wholesale,Home Goods,Consumer,1081.09,67
2026-05-19,APAC,Wholesale,Home Goods,SMB,412.75,12
2026-05-19,APAC,Wholesale,Home Goods,Enterprise,1197.54,59
2026-05-19,APAC,Wholesale,Grocery,Consumer,851.07,52
2026-05-19,APAC,Wholesale,Grocery,SMB,1138.15,57
2026-05-19,APAC,Wholesale,Grocery,Enterprise,1071.05,23
2026-05-20,North America,Retail,Electronics,Consumer,1031.08,38
2026-05-20,North America,Retail,Electronics,SMB,1203.68,36
2026-05-20,North America,Retail,Electronics,Enterprise,1070.19,62
2026-05-20,North America,Retail,Apparel,Consumer,570.58,32
2026-05-20,North America,Retail,Apparel,SMB,833.13,19
2026-05-20,North America,Retail,Apparel,Enterprise,908.44,35
2026-05-20,North America,Retail,Home Goods,Consumer,853.32,25
2026-05-20,North America,Retail,Home Goods,SMB,1069.03,51
2026-05-20,North America,Retail,Home Goods,Enterprise,1112.12,48
2026-05-20,North America,Retail,Grocery,Consumer,574.12,21
2026-05-20,North America,Retail,Grocery,SMB,904.48,37
2026-05-20,North America,Retail,Grocery,Enterprise,829.66,19
2026-05-20,North America,Online,Electronics,Consumer,1087.84,26
2026-05-20,North America,Online,Electronics,SMB,326.64,8
2026-05-20,North America,Online,Electronics,Enterprise,1098.55,24
2026-05-20,North America,Online,Apparel,Consumer,550.45,17
2026-05-20,North America,Online,Apparel,SMB,879.57,20
2026-05-20,North America,Online,Apparel,Enterprise,689.65,23
2026-05-20,North America,Online,Home Goods,Consumer,723.76,45
2026-05-20,North America,Online,Home Goods,SMB,1117.3,60
2026-05-20,North America,Online,Home Goods,Enterprise,1125.38,25
2026-05-20,North America,Online,Grocery,Consumer,633.25,17
2026-05-20,North America,Online,Grocery,SMB,894.77,20
2026-05-20,North America,Online,Grocery,Enterprise,874.55,28
2026-05-20,North America,Wholesale,Electronics,Consumer,506.38,22
2026-05-20,North America,Wholesale,Electronics,SMB,728.66,40
2026-05-20,North America,Wholesale,Electronics,Enterprise,608.3,35
2026-05-20,North America,Wholesale,Apparel,Consumer,783.22,18
2026-05-20,North America,Wholesale,Apparel,SMB,1096.48,26
2026-05-20,North America,Wholesale,Apparel,Enterprise,1127.23,48
2026-05-20,North America,Wholesale,Home Goods,Consumer,1255.1,29
2026-05-20,North America,Wholesale,Home Goods,SMB,487.9,16
2026-05-20,North America,Wholesale,Home Goods,Enterprise,456.81,11
2026-05-20,North America,Wholesale,Grocery,Consumer,1038.57,48
2026-05-20,North America,Wholesale,Grocery,SMB,1227.39,36
2026-05-20,North America,Wholesale,Grocery,Enterprise,1202.93,61
2026-05-20,Europe,Retail,Electronics,Consumer,1478.69,41
2026-05-20,Europe,Retail,Electronics,SMB,753.77,21
2026-05-20,Europe,Retail,Electronics,Enterprise,546.47,17
2026-05-20,Europe,Retail,Apparel,Consumer,781.48,48
2026-05-20,Europe,Retail,Apparel,SMB,1013.8,34
2026-05-20,Europe,Retail,Apparel,Enterprise,1084.25,24
2026-05-20,Europe,Retail,Home Goods,Consumer,1221.17,41
2026-05-20,Europe,Retail,Home Goods,SMB,418.9,9
2026-05-20,Europe,Retail,Home Goods,Enterprise,1367.59,63
2026-05-20,Europe,Retail,Grocery,Consumer,851.25,26
2026-05-20,Europe,Retail,Grocery,SMB,1319.04,44
2026-05-20,Europe,Retail,Grocery,Enterprise,1145.29,36
2026-05-20,Europe,Online,Electronics,Consumer,367.99,10
2026-05-20,Europe,Online,Electronics,SMB,681.15,33
2026-05-20,Europe,Online,Electronics,Enterprise,688.09,23
2026-05-20,Europe,Online,Apparel,Consumer,846.3,23
2026-05-20,Europe,Online,Apparel,SMB,1206.79,37
2026-05-20,Europe,Online,Apparel,Enterprise,1079.39,43
2026-05-20,Europe,Online,Home Goods,Consumer,1034.84,32
2026-05-20,Europe,Online,Home Goods,SMB,449.1,20
2026-05-20,Europe,Online,Home Goods,Enterprise,1158.11,44
2026-05-20,Europe,Online,Grocery,Consumer,901.45,30
2026-05-20,Europe,Online,Grocery,SMB,1201.56,45
2026-05-20,Europe,Online,Grocery,Enterprise,1229.15,30
2026-05-20,Europe,Wholesale,Electronics,Consumer,712.29,37
2026-05-20,Europe,Wholesale,Electronics,SMB,1050.56,32
2026-05-20,Europe,Wholesale,Electronics,Enterprise,936.59,40
2026-05-20,Europe,Wholesale,Apparel,Consumer,1223.95,55
2026-05-20,Europe,Wholesale,Apparel,SMB,522.83,26
2026-05-20,Europe,Wholesale,Apparel,Enterprise,509.99,11
2026-05-20,Europe,Wholesale,Home Goods,Consumer,548.15,27
2026-05-20,Europe,Wholesale,Home Goods,SMB,879.01,29
2026-05-20,Europe,Wholesale,Home Goods,Enterprise,829.72,27
2026-05-20,Europe,Wholesale,Grocery,Consumer,1197.78,32
2026-05-20,Europe,Wholesale,Grocery,SMB,593.7,18
2026-05-20,Europe,Wholesale,Grocery,Enterprise,481.99,15
2026-05-20,APAC,Retail,Electronics,Consumer,855.62,50
2026-05-20,APAC,Retail,Electronics,SMB,1320.88,33
2026-05-20,APAC,Retail,Electronics,Enterprise,1032.36,36
2026-05-20,APAC,Retail,Apparel,Consumer,519.47,20
2026-05-20,APAC,Retail,Apparel,SMB,740.78,17
2026-05-20,APAC,Retail,Apparel,Enterprise,780.93,34
2026-05-20,APAC,Retail,Home Goods,Consumer,764.66,18
2026-05-20,APAC,Retail,Home Goods,SMB,1022.14,23
2026-05-20,APAC,Retail,Home Goods,Enterprise,979.31,28
2026-05-20,APAC,Retail,Grocery,Consumer,586.0,28
2026-05-20,APAC,Retail,Grocery,SMB,826.56,23
2026-05-20,APAC,Retail,Grocery,Enterprise,691.11,23
2026-05-20,APAC,Online,Electronics,Consumer,939.47,35
2026-05-20,APAC,Online,Electronics,SMB,1028.31,43
2026-05-20,APAC,Online,Electronics,Enterprise,1130.69,56
2026-05-20,APAC,Online,Apparel,Consumer,498.03,12
2026-05-20,APAC,Online,Apparel,SMB,749.99,23
2026-05-20,APAC,Online,Apparel,Enterprise,798.18,19
2026-05-20,APAC,Online,Home Goods,Consumer,770.68,35
2026-05-20,APAC,Online,Home Goods,SMB,1042.05,42
2026-05-20,APAC,Online,Home Goods,Enterprise,936.56,27
2026-05-20,APAC,Online,Grocery,Consumer,569.76,24
2026-05-20,APAC,Online,Grocery,SMB,696.16,26
2026-05-20,APAC,Online,Grocery,Enterprise,790.58,24
2026-05-20,APAC,Wholesale,Electronics,Consumer,1374.75,67
2026-05-20,APAC,Wholesale,Electronics,SMB,642.38,40
2026-05-20,APAC,Wholesale,Electronics,Enterprise,575.4,13
2026-05-20,APAC,Wholesale,Apparel,Consumer,736.68,20
2026-05-20,APAC,Wholesale,Apparel,SMB,1163.27,64
2026-05-20,APAC,Wholesale,Apparel,Enterprise,1071.4,63
2026-05-20,APAC,Wholesale,Home Goods,Consumer,1135.2,71
2026-05-20,APAC,Wholesale,Home Goods,SMB,409.35,15
2026-05-20,APAC,Wholesale,Home Goods,Enterprise,1274.99,55
2026-05-20,APAC,Wholesale,Grocery,Consumer,827.57,42
2026-05-20,APAC,Wholesale,Grocery,SMB,1031.31,42
2026-05-20,APAC,Wholesale,Grocery,Enterprise,921.86,41
2026-05-21,North America,Retail,Electronics,Consumer,992.67,52
2026-05-21,North America,Retail,Electronics,SMB,1441.49,35
2026-05-21,North America,Retail,Electronics,Enterprise,1372.91,33
2026-05-21,North America,Retail,Apparel,Consumer,591.21,23
2026-05-21,North America,Retail,Apparel,SMB,676.02,21
2026-05-21,North America,Retail,Apparel,Enterprise,817.69,35
2026-05-21,North America,Retail,Home Goods,Consumer,643.34,17
2026-05-21,North America,Retail,Home Goods,SMB,1162.91,57
2026-05-21,North America,Retail,Home Goods,Enterprise,922.13,27
2026-05-21,North America,Retail,Grocery,Consumer,561.93,17
2026-05-21,North America,Retail,Grocery,SMB,783.18,32
2026-05-21,North America,Retail,Grocery,Enterprise,800.34,31
2026-05-21,North America,Online,Electronics,Consumer,877.94,31
2026-05-21,North America,Online,Electronics,SMB,388.63,14
2026-05-21,North America,Online,Electronics,Enterprise,1228.83,81
2026-05-21,North America,Online,Apparel,Consumer,622.6,15
2026-05-21,North America,Online,Apparel,SMB,901.68,31
2026-05-21,North America,Online,Apparel,Enterprise,748.26,49
2026-05-21,North America,Online,Home Goods,Consumer,945.08,32
2026-05-21,North America,Online,Home Goods,SMB,989.72,64
2026-05-21,North America,Online,Home Goods,Enterprise,958.45,43
2026-05-21,North America,Online,Grocery,Consumer,622.06,40
2026-05-21,North America,Online,Grocery,SMB,835.75,26
2026-05-21,North America,Online,Grocery,Enterprise,866.07,32
2026-05-21,North America,Wholesale,Electronics,Consumer,469.83,17
2026-05-21,North America,Wholesale,Electronics,SMB,802.74,30
2026-05-21,North America,Wholesale,Electronics,Enterprise,648.54,29
2026-05-21,North America,Wholesale,Apparel,Consumer,977.33,25
2026-05-21,North America,Wholesale,Apparel,SMB,1329.17,37
2026-05-21,North America,Wholesale,Apparel,Enterprise,1028.19,43
2026-05-21,North America,Wholesale,Home Goods,Consumer,1118.72,40
2026-05-21,North America,Wholesale,Home Goods,SMB,434.15,10
2026-05-21,North America,Wholesale,Home Goods,Enterprise,450.97,13
2026-05-21,North America,Wholesale,Grocery,Consumer,979.7,29
2026-05-21,North America,Wholesale,Grocery,SMB,1187.32,57
2026-05-21,North America,Wholesale,Grocery,Enterprise,1262.78,81
2026-05-21,Europe,Retail,Electronics,Consumer,1418.11,68
2026-05-21,Europe,Retail,Electronics,SMB,698.59,38
2026-05-21,Europe,Retail,Electronics,Enterprise,599.71,16
2026-05-21,Europe,Retail,Apparel,Consumer,966.0,43
2026-05-21,Europe,Retail,Apparel,SMB,1202.16,47
2026-05-21,Europe,Retail,Apparel,Enterprise,1152.11,47
2026-05-21,Europe,Retail,Home Goods,Consumer,1175.19,40
2026-05-21,Europe,Retail,Home Goods,SMB,339.58,8
2026-05-21,Europe,Retail,Home Goods,Enterprise,1198.59,27
2026-05-21,Europe,Retail,Grocery,Consumer,998.72,59
2026-05-21,Europe,Retail,Grocery,SMB,1167.74,40
2026-05-21,Europe,Retail,Grocery,Enterprise,1059.78,51
2026-05-21,Europe,Online,Electronics,Consumer,432.09,10
2026-05-21,Europe,Online,Electronics,SMB,597.59,32
2026-05-21,Europe,Online,Electronics,Enterprise,617.22,16
2026-05-21,Europe,Online,Apparel,Consumer,810.16,28
2026-05-21,Europe,Online,Apparel,SMB,1142.14,39
2026-05-21,Europe,Online,Apparel,Enterprise,1052.61,27
2026-05-21,Europe,Online,Home Goods,Consumer,841.71,28
2026-05-21,Europe,Online,Home Goods,SMB,453.93,12
2026-05-21,Europe,Online,Home Goods,Enterprise,1264.08,37
2026-05-21,Europe,Online,Grocery,Consumer,941.78,57
2026-05-21,Europe,Online,Grocery,SMB,1270.53,56
2026-05-21,Europe,Online,Grocery,Enterprise,1056.21,30
2026-05-21,Europe,Wholesale,Electronics,Consumer,757.07,18
2026-05-21,Europe,Wholesale,Electronics,SMB,1159.79,53
2026-05-21,Europe,Wholesale,Electronics,Enterprise,1012.08,40
2026-05-21,Europe,Wholesale,Apparel,Consumer,1268.14,63
2026-05-21,Europe,Wholesale,Apparel,SMB,559.29,14
2026-05-21,Europe,Wholesale,Apparel,Enterprise,513.68,33
2026-05-21,Europe,Wholesale,Home Goods,Consumer,573.23,19
2026-05-21,Europe,Wholesale,Home Goods,SMB,815.72,24
2026-05-21,Europe,Wholesale,Home Goods,Enterprise,700.82,35
2026-05-21,Europe,Wholesale,Grocery,Consumer,1233.12,69
2026-05-21,Europe,Wholesale,Grocery,SMB,505.51,11
2026-05-21,Europe,Wholesale,Grocery,Enterprise,451.28,13
2026-05-21,APAC,Retail,Electronics,Consumer,1050.59,29
2026-05-21,APAC,Retail,Electronics,SMB,1282.96,33
2026-05-21,APAC,Retail,Electronics,Enterprise,1209.59,27
2026-05-21,APAC,Retail,Apparel,Consumer,532.15,13
2026-05-21,APAC,Retail,Apparel,SMB,797.83,28
2026-05-21,APAC,Retail,Apparel,Enterprise,619.28,29
2026-05-21,APAC,Retail,Home Goods,Consumer,714.37,37
2026-05-21,APAC,Retail,Home Goods,SMB,945.9,22
2026-05-21,APAC,Retail,Home Goods,Enterprise,866.99,36
2026-05-21,APAC,Retail,Grocery,Consumer,537.22,14
2026-05-21,APAC,Retail,Grocery,SMB,830.48,32
2026-05-21,APAC,Retail,Grocery,Enterprise,781.65,21
2026-05-21,APAC,Online,Electronics,Consumer,930.21,21
2026-05-21,APAC,Online,Electronics,SMB,1419.06,44
2026-05-21,APAC,Online,Electronics,Enterprise,1215.15,50
2026-05-21,APAC,Online,Apparel,Consumer,525.03,22
2026-05-21,APAC,Online,Apparel,SMB,795.38,23
2026-05-21,APAC,Online,Apparel,Enterprise,729.64,27
2026-05-21,APAC,Online,Home Goods,Consumer,743.53,18
2026-05-21,APAC,Online,Home Goods,SMB,1035.59,27
2026-05-21,APAC,Online,Home Goods,Enterprise,960.57,27
2026-05-21,APAC,Online,Grocery,Consumer,605.47,19
2026-05-21,APAC,Online,Grocery,SMB,758.29,25
2026-05-21,APAC,Online,Grocery,Enterprise,797.49,25
2026-05-21,APAC,Wholesale,Electronics,Consumer,1203.9,35
2026-05-21,APAC,Wholesale,Electronics,SMB,623.89,34
2026-05-21,APAC,Wholesale,Electronics,Enterprise,567.8,14
2026-05-21,APAC,Wholesale,Apparel,Consumer,830.4,43
2026-05-21,APAC,Wholesale,Apparel,SMB,1158.02,39
2026-05-21,APAC,Wholesale,Apparel,Enterprise,1006.83,56
2026-05-21,APAC,Wholesale,Home Goods,Consumer,912.74,26
2026-05-21,APAC,Wholesale,Home Goods,SMB,411.1,13
2026-05-21,APAC,Wholesale,Home Goods,Enterprise,1247.45,47
2026-05-21,APAC,Wholesale,Grocery,Consumer,805.79,24
2026-05-21,APAC,Wholesale,Grocery,SMB,1327.59,62
2026-05-21,APAC,Wholesale,Grocery,Enterprise,1154.0,38
2026-05-22,North America,Retail,Electronics,Consumer,1042.56,26
2026-05-22,North America,Retail,Electronics,SMB,1271.91,75
2026-05-22,North America,Retail,Electronics,Enterprise,1013.05,36
2026-05-22,North America,Retail,Apparel,Consumer,540.03,20
2026-05-22,North America,Retail,Apparel,SMB,827.87,36
2026-05-22,North America,Retail,Apparel,Enterprise,677.97,41
2026-05-22,North America,Retail,Home Goods,Consumer,852.42,19
2026-05-22,North America,Retail,Home Goods,SMB,1116.62,25
2026-05-22,North America,Retail,Home Goods,Enterprise,1123.06,36
2026-05-22,North America,Retail,Grocery,Consumer,645.28,31
2026-05-22,North America,Retail,Grocery,SMB,830.29,24
2026-05-22,North America,Retail,Grocery,Enterprise,805.93,39
2026-05-22,North America,Online,Electronics,Consumer,1020.57,56
2026-05-22,North America,Online,Electronics,SMB,369.61,10
2026-05-22,North America,Online,Electronics,Enterprise,1165.36,33
2026-05-22,North America,Online,Apparel,Consumer,623.24,15
2026-05-22,North America,Online,Apparel,SMB,886.79,32
2026-05-22,North America,Online,Apparel,Enterprise,830.8,33
2026-05-22,North America,Online,Home Goods,Consumer,933.57,32
2026-05-22,North America,Online,Home Goods,SMB,1351.44,52
2026-05-22,North America,Online,Home Goods,Enterprise,919.75,37
2026-05-22,North America,Online,Grocery,Consumer,742.04,28
2026-05-22,North America,Online,Grocery,SMB,893.7,24
2026-05-22,North America,Online,Grocery,Enterprise,748.83,22
2026-05-22,North America,Wholesale,Electronics,Consumer,417.47,10
2026-05-22,North America,Wholesale,Electronics,SMB,706.51,16
2026-05-22,North America,Wholesale,Electronics,Enterprise,649.57,22
2026-05-22,North America,Wholesale,Apparel,Consumer,1086.22,40
2026-05-22,North America,Wholesale,Apparel,SMB,1143.92,34
2026-05-22,North America,Wholesale,Apparel,Enterprise,863.26,28
2026-05-22,North America,Wholesale,Home Goods,Consumer,1202.3,50
2026-05-22,North America,Wholesale,Home Goods,SMB,506.57,23
2026-05-22,North America,Wholesale,Home Goods,Enterprise,443.54,11
2026-05-22,North America,Wholesale,Grocery,Consumer,911.81,25
2026-05-22,North America,Wholesale,Grocery,SMB,1186.1,37
2026-05-22,North America,Wholesale,Grocery,Enterprise,1251.0,29
2026-05-22,Europe,Retail,Electronics,Consumer,1312.21,51
2026-05-22,Europe,Retail,Electronics,SMB,690.43,36
2026-05-22,Europe,Retail,Electronics,Enterprise,565.81,25
2026-05-22,Europe,Retail,Apparel,Consumer,925.23,23
2026-05-22,Europe,Retail,Apparel,SMB,1217.21,28
2026-05-22,Europe,Retail,Apparel,Enterprise,1118.26,30
2026-05-22,Europe,Retail,Home Goods,Consumer,1056.62,52
2026-05-22,Europe,Retail,Home Goods,SMB,399.03,10
2026-05-22,Europe,Retail,Home Goods,Enterprise,1244.7,29
2026-05-22,Europe,Retail,Grocery,Consumer,794.31,24
2026-05-22,Europe,Retail,Grocery,SMB,1115.11,34
2026-05-22,Europe,Retail,Grocery,Enterprise,1227.61,70
2026-05-22,Europe,Online,Electronics,Consumer,451.58,17
2026-05-22,Europe,Online,Electronics,SMB,714.24,18
2026-05-22,Europe,Online,Electronics,Enterprise,527.6,12
2026-05-22,Europe,Online,Apparel,Consumer,931.48,42
2026-05-22,Europe,Online,Apparel,SMB,1072.72,69
2026-05-22,Europe,Online,Apparel,Enterprise,979.33,25
2026-05-22,Europe,Online,Home Goods,Consumer,1031.21,63
2026-05-22,Europe,Online,Home Goods,SMB,489.49,15
2026-05-22,Europe,Online,Home Goods,Enterprise,1371.43,63
2026-05-22,Europe,Online,Grocery,Consumer,951.47,57
2026-05-22,Europe,Online,Grocery,SMB,1155.24,40
2026-05-22,Europe,Online,Grocery,Enterprise,1009.91,30
2026-05-22,Europe,Wholesale,Electronics,Consumer,678.25,28
2026-05-22,Europe,Wholesale,Electronics,SMB,999.31,37
2026-05-22,Europe,Wholesale,Electronics,Enterprise,952.87,29
2026-05-22,Europe,Wholesale,Apparel,Consumer,1209.96,73
2026-05-22,Europe,Wholesale,Apparel,SMB,547.69,18
2026-05-22,Europe,Wholesale,Apparel,Enterprise,503.86,13
2026-05-22,Europe,Wholesale,Home Goods,Consumer,519.85,16
2026-05-22,Europe,Wholesale,Home Goods,SMB,811.76,27
2026-05-22,Europe,Wholesale,Home Goods,Enterprise,696.13,20
2026-05-22,Europe,Wholesale,Grocery,Consumer,1151.03,31
2026-05-22,Europe,Wholesale,Grocery,SMB,585.43,15
2026-05-22,Europe,Wholesale,Grocery,Enterprise,531.91,21
2026-05-22,APAC,Retail,Electronics,Consumer,978.23,27
2026-05-22,APAC,Retail,Electronics,SMB,1211.42,43
2026-05-22,APAC,Retail,Electronics,Enterprise,1114.65,33
2026-05-22,APAC,Retail,Apparel,Consumer,540.31,34
2026-05-22,APAC,Retail,Apparel,SMB,729.49,21
2026-05-22,APAC,Retail,Apparel,Enterprise,885.62,19
2026-05-22,APAC,Retail,Home Goods,Consumer,704.14,43
2026-05-22,APAC,Retail,Home Goods,SMB,1033.22,26
2026-05-22,APAC,Retail,Home Goods,Enterprise,970.81,25
2026-05-22,APAC,Retail,Grocery,Consumer,572.21,14
2026-05-22,APAC,Retail,Grocery,SMB,831.62,19
2026-05-22,APAC,Retail,Grocery,Enterprise,758.97,17
2026-05-22,APAC,Online,Electronics,Consumer,1048.86,68
2026-05-22,APAC,Online,Electronics,SMB,1100.61,30
2026-05-22,APAC,Online,Electronics,Enterprise,1244.07,79
2026-05-22,APAC,Online,Apparel,Consumer,544.0,25
2026-05-22,APAC,Online,Apparel,SMB,755.17,24
2026-05-22,APAC,Online,Apparel,Enterprise,718.7,31
2026-05-22,APAC,Online,Home Goods,Consumer,643.88,33
2026-05-22,APAC,Online,Home Goods,SMB,1035.07,28
2026-05-22,APAC,Online,Home Goods,Enterprise,1052.06,30
2026-05-22,APAC,Online,Grocery,Consumer,543.55,33
2026-05-22,APAC,Online,Grocery,SMB,844.71,21
2026-05-22,APAC,Online,Grocery,Enterprise,793.03,23
2026-05-22,APAC,Wholesale,Electronics,Consumer,1412.23,92
2026-05-22,APAC,Wholesale,Electronics,SMB,678.98,25
2026-05-22,APAC,Wholesale,Electronics,Enterprise,572.79,16
2026-05-22,APAC,Wholesale,Apparel,Consumer,963.27,23
2026-05-22,APAC,Wholesale,Apparel,SMB,1294.18,37
2026-05-22,APAC,Wholesale,Apparel,Enterprise,1067.14,48
2026-05-22,APAC,Wholesale,Home Goods,Consumer,888.21,49
2026-05-22,APAC,Wholesale,Home Goods,SMB,505.73,20
2026-05-22,APAC,Wholesale,Home Goods,Enterprise,1354.85,65
2026-05-22,APAC,Wholesale,Grocery,Consumer,793.36,26
2026-05-22,APAC,Wholesale,Grocery,SMB,937.26,59
2026-05-22,APAC,Wholesale,Grocery,Enterprise,1119.97,49
2026-05-23,North America,Retail,Electronics,Consumer,944.95,35
2026-05-23,North America,Retail,Electronics,SMB,1281.79,65
2026-05-23,North America,Retail,Electronics,Enterprise,1177.64,34
2026-05-23,North America,Retail,Apparel,Consumer,614.41,27
2026-05-23,North America,Retail,Apparel,SMB,941.49,23
2026-05-23,North America,Retail,Apparel,Enterprise,781.82,23
2026-05-23,North America,Retail,Home Goods,Consumer,900.7,22
2026-05-23,North America,Retail,Home Goods,SMB,958.95,60
2026-05-23,North America,Retail,Home Goods,Enterprise,953.98,48
2026-05-23,North America,Retail,Grocery,Consumer,587.81,14
2026-05-23,North America,Retail,Grocery,SMB,866.28,32
2026-05-23,North America,Retail,Grocery,Enterprise,790.72,18
2026-05-23,North America,Online,Electronics,Consumer,933.92,42
2026-05-23,North America,Online,Electronics,SMB,373.66,16
2026-05-23,North America,Online,Electronics,Enterprise,1384.38,32
2026-05-23,North America,Online,Apparel,Consumer,684.42,27
2026-05-23,North America,Online,Apparel,SMB,819.55,42
2026-05-23,North America,Online,Apparel,Enterprise,784.63,25
2026-05-23,North America,Online,Home Goods,Consumer,846.83,34
2026-05-23,North America,Online,Home Goods,SMB,923.96,25
2026-05-23,North America,Online,Home Goods,Enterprise,976.5,21
2026-05-23,North America,Online,Grocery,Consumer,601.11,13
2026-05-23,North America,Online,Grocery,SMB,988.01,23
2026-05-23,North America,Online,Grocery,Enterprise,938.33,38
2026-05-23,North America,Wholesale,Electronics,Consumer,359.74,19
2026-05-23,North America,Wholesale,Electronics,SMB,672.39,27
2026-05-23,North America,Wholesale,Electronics,Enterprise,714.24,18
2026-05-23,North America,Wholesale,Apparel,Consumer,822.2,19
2026-05-23,North America,Wholesale,Apparel,SMB,1100.38,38
2026-05-23,North America,Wholesale,Apparel,Enterprise,1162.21,27
2026-05-23,North America,Wholesale,Home Goods,Consumer,1290.9,55
2026-05-23,North America,Wholesale,Home Goods,SMB,449.64,11
2026-05-23,North America,Wholesale,Home Goods,Enterprise,456.58,12
2026-05-23,North America,Wholesale,Grocery,Consumer,953.37,28
2026-05-23,North America,Wholesale,Grocery,SMB,1192.8,54
2026-05-23,North America,Wholesale,Grocery,Enterprise,1254.04,57
2026-05-23,Europe,Retail,Electronics,Consumer,1258.49,35
2026-05-23,Europe,Retail,Electronics,SMB,630.73,21
2026-05-23,Europe,Retail,Electronics,Enterprise,542.63,14
2026-05-23,Europe,Retail,Apparel,Consumer,856.63,32
2026-05-23,Europe,Retail,Apparel,SMB,1203.48,62
2026-05-23,Europe,Retail,Apparel,Enterprise,991.18,47
2026-05-23,Europe,Retail,Home Goods,Consumer,1226.21,79
2026-05-23,Europe,Retail,Home Goods,SMB,476.7,20
2026-05-23,Europe,Retail,Home Goods,Enterprise,1149.22,25
2026-05-23,Europe,Retail,Grocery,Consumer,940.24,24
2026-05-23,Europe,Retail,Grocery,SMB,1356.64,30
2026-05-23,Europe,Retail,Grocery,Enterprise,1173.78,28
2026-05-23,Europe,Online,Electronics,Consumer,371.69,12
2026-05-23,Europe,Online,Electronics,SMB,685.05,30
2026-05-23,Europe,Online,Electronics,Enterprise,601.15,16
2026-05-23,Europe,Online,Apparel,Consumer,873.34,33
2026-05-23,Europe,Online,Apparel,SMB,1095.55,29
2026-05-23,Europe,Online,Apparel,Enterprise,1184.14,36
2026-05-23,Europe,Online,Home Goods,Consumer,910.78,23
2026-05-23,Europe,Online,Home Goods,SMB,455.93,14
2026-05-23,Europe,Online,Home Goods,Enterprise,1113.26,68
2026-05-23,Europe,Online,Grocery,Consumer,923.66,20
2026-05-23,Europe,Online,Grocery,SMB,1073.04,28
2026-05-23,Europe,Online,Grocery,Enterprise,1086.67,34
2026-05-23,Europe,Wholesale,Electronics,Consumer,638.23,38
2026-05-23,Europe,Wholesale,Electronics,SMB,989.57,41
2026-05-23,Europe,Wholesale,Electronics,Enterprise,881.05,22
2026-05-23,Europe,Wholesale,Apparel,Consumer,1229.13,42
2026-05-23,Europe,Wholesale,Apparel,SMB,508.15,30
2026-05-23,Europe,Wholesale,Apparel,Enterprise,519.5,17
2026-05-23,Europe,Wholesale,Home Goods,Consumer,552.64,19
2026-05-23,Europe,Wholesale,Home Goods,SMB,879.36,23
2026-05-23,Europe,Wholesale,Home Goods,Enterprise,793.59,18
2026-05-23,Europe,Wholesale,Grocery,Consumer,1312.1,36
2026-05-23,Europe,Wholesale,Grocery,SMB,616.9,21
2026-05-23,Europe,Wholesale,Grocery,Enterprise,548.04,26
2026-05-23,APAC,Retail,Electronics,Consumer,847.9,40
2026-05-23,APAC,Retail,Electronics,SMB,1147.41,40
2026-05-23,APAC,Retail,Electronics,Enterprise,1161.93,27
2026-05-23,APAC,Retail,Apparel,Consumer,573.71,14
2026-05-23,APAC,Retail,Apparel,SMB,786.57,42
2026-05-23,APAC,Retail,Apparel,Enterprise,694.84,24
2026-05-23,APAC,Retail,Home Goods,Consumer,688.33,25
2026-05-23,APAC,Retail,Home Goods,SMB,1092.18,28
2026-05-23,APAC,Retail,Home Goods,Enterprise,763.01,28
2026-05-23,APAC,Retail,Grocery,Consumer,525.36,19
2026-05-23,APAC,Retail,Grocery,SMB,831.47,26
2026-05-23,APAC,Retail,Grocery,Enterprise,615.21,17
2026-05-23,APAC,Online,Electronics,Consumer,1043.25,51
2026-05-23,APAC,Online,Electronics,SMB,1396.17,38
2026-05-23,APAC,Online,Electronics,Enterprise,1095.75,28
2026-05-23,APAC,Online,Apparel,Consumer,532.16,18
2026-05-23,APAC,Online,Apparel,SMB,774.66,40
2026-05-23,APAC,Online,Apparel,Enterprise,707.22,33
2026-05-23,APAC,Online,Home Goods,Consumer,706.58,24
2026-05-23,APAC,Online,Home Goods,SMB,977.56,24
2026-05-23,APAC,Online,Home Goods,Enterprise,944.12,22
2026-05-23,APAC,Online,Grocery,Consumer,535.75,24
2026-05-23,APAC,Online,Grocery,SMB,755.85,27
2026-05-23,APAC,Online,Grocery,Enterprise,713.88,41
2026-05-23,APAC,Wholesale,Electronics,Consumer,1210.35,38
2026-05-23,APAC,Wholesale,Electronics,SMB,630.94,18
2026-05-23,APAC,Wholesale,Electronics,Enterprise,503.24,30
2026-05-23,APAC,Wholesale,Apparel,Consumer,789.91,40
2026-05-23,APAC,Wholesale,Apparel,SMB,1102.06,27
2026-05-23,APAC,Wholesale,Apparel,Enterprise,1028.19,29
2026-05-23,APAC,Wholesale,Home Goods,Consumer,1095.43,25
2026-05-23,APAC,Wholesale,Home Goods,SMB,414.78,25
2026-05-23,APAC,Wholesale,Home Goods,Enterprise,1215.76,34
2026-05-23,APAC,Wholesale,Grocery,Consumer,877.39,26
2026-05-23,APAC,Wholesale,Grocery,SMB,1094.03,28
2026-05-23,APAC,Wholesale,Grocery,Enterprise,961.7,47
2026-05-24,North America,Retail,Electronics,Consumer,914.17,21
2026-05-24,North America,Retail,Electronics,SMB,1336.86,75
2026-05-24,North America,Retail,Electronics,Enterprise,1201.24,45
2026-05-24,North America,Retail,Apparel,Consumer,621.3,36
2026-05-24,North America,Retail,Apparel,SMB,782.82,32
2026-05-24,North America,Retail,Apparel,Enterprise,827.33,43
2026-05-24,North America,Retail,Home Goods,Consumer,785.45,25
2026-05-24,North America,Retail,Home Goods,SMB,1019.64,33
2026-05-24,North America,Retail,Home Goods,Enterprise,978.66,53
2026-05-24,North America,Retail,Grocery,Consumer,538.63,14
2026-05-24,North America,Retail,Grocery,SMB,739.27,25
2026-05-24,North America,Retail,Grocery,Enterprise,674.71,18
2026-05-24,North America,Online,Electronics,Consumer,1239.88,52
2026-05-24,North America,Online,Electronics,SMB,364.9,10
2026-05-24,North America,Online,Electronics,Enterprise,1185.1,26
2026-05-24,North America,Online,Apparel,Consumer,635.04,24
2026-05-24,North America,Online,Apparel,SMB,926.04,30
2026-05-24,North America,Online,Apparel,Enterprise,855.6,25
2026-05-24,North America,Online,Home Goods,Consumer,766.38,23
2026-05-24,North America,Online,Home Goods,SMB,1091.58,30
2026-05-24,North America,Online,Home Goods,Enterprise,1024.55,65
2026-05-24,North America,Online,Grocery,Consumer,604.65,17
2026-05-24,North America,Online,Grocery,SMB,988.64,25
2026-05-24,North America,Online,Grocery,Enterprise,903.75,20
2026-05-24,North America,Wholesale,Electronics,Consumer,412.79,12
2026-05-24,North America,Wholesale,Electronics,SMB,748.77,21
2026-05-24,North America,Wholesale,Electronics,Enterprise,687.93,29
2026-05-24,North America,Wholesale,Apparel,Consumer,905.43,23
2026-05-24,North America,Wholesale,Apparel,SMB,1144.02,46
2026-05-24,North America,Wholesale,Apparel,Enterprise,1214.13,79
2026-05-24,North America,Wholesale,Home Goods,Consumer,1093.7,29
2026-05-24,North America,Wholesale,Home Goods,SMB,473.84,14
2026-05-24,North America,Wholesale,Home Goods,Enterprise,460.46,18
2026-05-24,North America,Wholesale,Grocery,Consumer,932.36,37
2026-05-24,North America,Wholesale,Grocery,SMB,1105.45,28
2026-05-24,North America,Wholesale,Grocery,Enterprise,958.03,27
2026-05-24,Europe,Retail,Electronics,Consumer,1151.33,27
2026-05-24,Europe,Retail,Electronics,SMB,686.84,22
2026-05-24,Europe,Retail,Electronics,Enterprise,565.53,20
2026-05-24,Europe,Retail,Apparel,Consumer,961.39,25
2026-05-24,Europe,Retail,Apparel,SMB,1179.2,32
2026-05-24,Europe,Retail,Apparel,Enterprise,1008.82,41
2026-05-24,Europe,Retail,Home Goods,Consumer,1024.34,28
2026-05-24,Europe,Retail,Home Goods,SMB,458.33,11
2026-05-24,Europe,Retail,Home Goods,Enterprise,1368.8,31
2026-05-24,Europe,Retail,Grocery,Consumer,837.46,35
2026-05-24,Europe,Retail,Grocery,SMB,1423.48,42
2026-05-24,Europe,Retail,Grocery,Enterprise,1141.8,28
2026-05-24,Europe,Online,Electronics,Consumer,371.32,11
2026-05-24,Europe,Online,Electronics,SMB,658.62,16
2026-05-24,Europe,Online,Electronics,Enterprise,613.74,25
2026-05-24,Europe,Online,Apparel,Consumer,754.21,47
2026-05-24,Europe,Online,Apparel,SMB,1052.03,47
2026-05-24,Europe,Online,Apparel,Enterprise,1126.94,39
2026-05-24,Europe,Online,Home Goods,Consumer,1143.75,47
2026-05-24,Europe,Online,Home Goods,SMB,460.04,25
2026-05-24,Europe,Online,Home Goods,Enterprise,1338.26,31
2026-05-24,Europe,Online,Grocery,Consumer,764.29,26
2026-05-24,Europe,Online,Grocery,SMB,1271.78,42
2026-05-24,Europe,Online,Grocery,Enterprise,1112.72,53
2026-05-24,Europe,Wholesale,Electronics,Consumer,801.86,26
2026-05-24,Europe,Wholesale,Electronics,SMB,940.97,24
2026-05-24,Europe,Wholesale,Electronics,Enterprise,1025.9,25
2026-05-24,Europe,Wholesale,Apparel,Consumer,1331.05,30
2026-05-24,Europe,Wholesale,Apparel,SMB,552.32,15
2026-05-24,Europe,Wholesale,Apparel,Enterprise,475.11,16
2026-05-24,Europe,Wholesale,Home Goods,Consumer,493.89,32
2026-05-24,Europe,Wholesale,Home Goods,SMB,712.45,16
2026-05-24,Europe,Wholesale,Home Goods,Enterprise,688.27,39
2026-05-24,Europe,Wholesale,Grocery,Consumer,1083.71,37
2026-05-24,Europe,Wholesale,Grocery,SMB,639.38,18
2026-05-24,Europe,Wholesale,Grocery,Enterprise,530.31,21
2026-05-24,APAC,Retail,Electronics,Consumer,890.97,21
2026-05-24,APAC,Retail,Electronics,SMB,1191.11,48
2026-05-24,APAC,Retail,Electronics,Enterprise,1188.43,48
2026-05-24,APAC,Retail,Apparel,Consumer,541.78,19
2026-05-24,APAC,Retail,Apparel,SMB,819.66,35
2026-05-24,APAC,Retail,Apparel,Enterprise,746.19,48
2026-05-24,APAC,Retail,Home Goods,Consumer,684.41,32
2026-05-24,APAC,Retail,Home Goods,SMB,948.78,37
2026-05-24,APAC,Retail,Home Goods,Enterprise,930.52,25
2026-05-24,APAC,Retail,Grocery,Consumer,554.41,23
2026-05-24,APAC,Retail,Grocery,SMB,815.81,24
2026-05-24,APAC,Retail,Grocery,Enterprise,768.93,30
2026-05-24,APAC,Online,Electronics,Consumer,915.25,31
2026-05-24,APAC,Online,Electronics,SMB,1253.08,35
2026-05-24,APAC,Online,Electronics,Enterprise,1190.4,42
2026-05-24,APAC,Online,Apparel,Consumer,523.46,25
2026-05-24,APAC,Online,Apparel,SMB,726.65,18
2026-05-24,APAC,Online,Apparel,Enterprise,683.67,19
2026-05-24,APAC,Online,Home Goods,Consumer,700.9,17
2026-05-24,APAC,Online,Home Goods,SMB,973.81,26
2026-05-24,APAC,Online,Home Goods,Enterprise,907.14,20
2026-05-24,APAC,Online,Grocery,Consumer,490.37,13
2026-05-24,APAC,Online,Grocery,SMB,784.97,19
2026-05-24,APAC,Online,Grocery,Enterprise,756.82,17
2026-05-24,APAC,Wholesale,Electronics,Consumer,1162.0,32
2026-05-24,APAC,Wholesale,Electronics,SMB,665.42,18
2026-05-24,APAC,Wholesale,Electronics,Enterprise,551.82,25
2026-05-24,APAC,Wholesale,Apparel,Consumer,844.45,20
2026-05-24,APAC,Wholesale,Apparel,SMB,969.65,36
2026-05-24,APAC,Wholesale,Apparel,Enterprise,922.95,25
2026-05-24,APAC,Wholesale,Home Goods,Consumer,982.17,23
2026-05-24,APAC,Wholesale,Home Goods,SMB,386.54,13
2026-05-24,APAC,Wholesale,Home Goods,Enterprise,1384.4,54
2026-05-24,APAC,Wholesale,Grocery,Consumer,870.7,30
2026-05-24,APAC,Wholesale,Grocery,SMB,1212.28,36
2026-05-24,APAC,Wholesale,Grocery,Enterprise,1197.45,63
2026-05-25,North America,Retail,Electronics,Consumer,1136.77,29
2026-05-25,North America,Retail,Electronics,SMB,1414.51,57
2026-05-25,North America,Retail,Electronics,Enterprise,1126.95,36
2026-05-25,North America,Retail,Apparel,Consumer,512.71,18
2026-05-25,North America,Retail,Apparel,SMB,778.91,24
2026-05-25,North America,Retail,Apparel,Enterprise,837.66,18
2026-05-25,North America,Retail,Home Goods,Consumer,759.3,19
2026-05-25,North America,Retail,Home Goods,SMB,1137.84,34
2026-05-25,North America,Retail,Home Goods,Enterprise,1034.59,26
2026-05-25,North America,Retail,Grocery,Consumer,550.78,17
2026-05-25,North America,Retail,Grocery,SMB,892.05,51
2026-05-25,North America,Retail,Grocery,Enterprise,909.63,21
2026-05-25,North America,Online,Electronics,Consumer,936.74,28
2026-05-25,North America,Online,Electronics,SMB,386.27,13
2026-05-25,North America,Online,Electronics,Enterprise,1061.46,52
2026-05-25,North America,Online,Apparel,Consumer,553.6,12
2026-05-25,North America,Online,Apparel,SMB,895.08,22
2026-05-25,North America,Online,Apparel,Enterprise,808.94,21
2026-05-25,North America,Online,Home Goods,Consumer,752.4,21
2026-05-25,North America,Online,Home Goods,SMB,1159.15,65
2026-05-25,North America,Online,Home Goods,Enterprise,1089.7,25
2026-05-25,North America,Online,Grocery,Consumer,512.71,15
2026-05-25,North America,Online,Grocery,SMB,926.97,47
2026-05-25,North America,Online,Grocery,Enterprise,818.04,26
2026-05-25,North America,Wholesale,Electronics,Consumer,404.38,19
2026-05-25,North America,Wholesale,Electronics,SMB,770.36,21
2026-05-25,North America,Wholesale,Electronics,Enterprise,625.41,14
2026-05-25,North America,Wholesale,Apparel,Consumer,987.69,40
2026-05-25,North America,Wholesale,Apparel,SMB,1278.83,28
2026-05-25,North America,Wholesale,Apparel,Enterprise,1081.79,42
2026-05-25,North America,Wholesale,Home Goods,Consumer,1135.74,25
2026-05-25,North America,Wholesale,Home Goods,SMB,510.76,18
2026-05-25,North America,Wholesale,Home Goods,Enterprise,459.39,17
2026-05-25,North America,Wholesale,Grocery,Consumer,968.33,30
2026-05-25,North America,Wholesale,Grocery,SMB,1348.11,34
2026-05-25,North America,Wholesale,Grocery,Enterprise,1183.46,45
2026-05-25,Europe,Retail,Electronics,Consumer,1429.68,64
2026-05-25,Europe,Retail,Electronics,SMB,594.8,16
2026-05-25,Europe,Retail,Electronics,Enterprise,575.43,21
2026-05-25,Europe,Retail,Apparel,Consumer,895.03,33
2026-05-25,Europe,Retail,Apparel,SMB,1010.95,34
2026-05-25,Europe,Retail,Apparel,Enterprise,1035.68,50
2026-05-25,Europe,Retail,Home Goods,Consumer,934.74,23
2026-05-25,Europe,Retail,Home Goods,SMB,519.96,26
2026-05-25,Europe,Retail,Home Goods,Enterprise,1449.26,76
2026-05-25,Europe,Retail,Grocery,Consumer,878.32,51
2026-05-25,Europe,Retail,Grocery,SMB,1309.88,44
2026-05-25,Europe,Retail,Grocery,Enterprise,1106.77,39
2026-05-25,Europe,Online,Electronics,Consumer,413.43,12
2026-05-25,Europe,Online,Electronics,SMB,680.59,24
2026-05-25,Europe,Online,Electronics,Enterprise,529.78,15
2026-05-25,Europe,Online,Apparel,Consumer,895.18,32
2026-05-25,Europe,Online,Apparel,SMB,1190.63,37
2026-05-25,Europe,Online,Apparel,Enterprise,1167.81,40
2026-05-25,Europe,Online,Home Goods,Consumer,1051.77,31
2026-05-25,Europe,Online,Home Goods,SMB,486.94,15
2026-05-25,Europe,Online,Home Goods,Enterprise,1342.65,44
2026-05-25,Europe,Online,Grocery,Consumer,841.34,30
2026-05-25,Europe,Online,Grocery,SMB,1080.52,24
2026-05-25,Europe,Online,Grocery,Enterprise,1073.0,33
2026-05-25,Europe,Wholesale,Electronics,Consumer,711.12,24
2026-05-25,Europe,Wholesale,Electronics,SMB,963.32,26
2026-05-25,Europe,Wholesale,Electronics,Enterprise,1007.82,22
2026-05-25,Europe,Wholesale,Apparel,Consumer,1300.29,29
2026-05-25,Europe,Wholesale,Apparel,SMB,572.09,32
2026-05-25,Europe,Wholesale,Apparel,Enterprise,450.53,10
2026-05-25,Europe,Wholesale,Home Goods,Consumer,543.81,14
2026-05-25,Europe,Wholesale,Home Goods,SMB,824.56,18
2026-05-25,Europe,Wholesale,Home Goods,Enterprise,789.8,20
2026-05-25,Europe,Wholesale,Grocery,Consumer,1267.26,51
2026-05-25,Europe,Wholesale,Grocery,SMB,625.6,16
2026-05-25,Europe,Wholesale,Grocery,Enterprise,528.33,18
2026-05-25,APAC,Retail,Electronics,Consumer,863.82,23
2026-05-25,APAC,Retail,Electronics,SMB,1222.19,44
2026-05-25,APAC,Retail,Electronics,Enterprise,1323.25,55
2026-05-25,APAC,Retail,Apparel,Consumer,493.07,30
2026-05-25,APAC,Retail,Apparel,SMB,886.39,24
2026-05-25,APAC,Retail,Apparel,Enterprise,679.1,21
2026-05-25,APAC,Retail,Home Goods,Consumer,796.67,39
2026-05-25,APAC,Retail,Home Goods,SMB,1051.67,63
2026-05-25,APAC,Retail,Home Goods,Enterprise,1085.72,32
2026-05-25,APAC,Retail,Grocery,Consumer,528.31,22
2026-05-25,APAC,Retail,Grocery,SMB,882.22,21
2026-05-25,APAC,Retail,Grocery,Enterprise,781.1,33
2026-05-25,APAC,Online,Electronics,Consumer,994.66,24
2026-05-25,APAC,Online,Electronics,SMB,1294.37,83
2026-05-25,APAC,Online,Electronics,Enterprise,1210.17,36
2026-05-25,APAC,Online,Apparel,Consumer,531.46,27
2026-05-25,APAC,Online,Apparel,SMB,687.64,30
2026-05-25,APAC,Online,Apparel,Enterprise,762.8,21
2026-05-25,APAC,Online,Home Goods,Consumer,633.51,15
2026-05-25,APAC,Online,Home Goods,SMB,1034.85,40
2026-05-25,APAC,Online,Home Goods,Enterprise,988.78,22
2026-05-25,APAC,Online,Grocery,Consumer,549.17,27
2026-05-25,APAC,Online,Grocery,SMB,610.86,16
2026-05-25,APAC,Online,Grocery,Enterprise,754.85,34
2026-05-25,APAC,Wholesale,Electronics,Consumer,1137.14,53
2026-05-25,APAC,Wholesale,Electronics,SMB,681.36,18
2026-05-25,APAC,Wholesale,Electronics,Enterprise,547.26,14
2026-05-25,APAC,Wholesale,Apparel,Consumer,913.1,49
2026-05-25,APAC,Wholesale,Apparel,SMB,1160.57,48
2026-05-25,APAC,Wholesale,Apparel,Enterprise,1120.42,29
2026-05-25,APAC,Wholesale,Home Goods,Consumer,1059.59,40
2026-05-25,APAC,Wholesale,Home Goods,SMB,396.6,10
2026-05-25,APAC,Wholesale,Home Goods,Enterprise,1214.78,29
2026-05-25,APAC,Wholesale,Grocery,Consumer,862.1,56
2026-05-25,APAC,Wholesale,Grocery,SMB,1227.16,34
2026-05-25,APAC,Wholesale,Grocery,Enterprise,1027.79,23
2026-05-26,North America,Retail,Electronics,Consumer,1007.36,23
2026-05-26,North America,Retail,Electronics,SMB,1271.56,37
2026-05-26,North America,Retail,Electronics,Enterprise,1330.68,31
2026-05-26,North America,Retail,Apparel,Consumer,565.61,13
2026-05-26,North America,Retail,Apparel,SMB,833.37,46
2026-05-26,North America,Retail,Apparel,Enterprise,835.0,24
2026-05-26,North America,Retail,Home Goods,Consumer,717.23,19
2026-05-26,North America,Retail,Home Goods,SMB,1179.46,31
2026-05-26,North America,Retail,Home Goods,Enterprise,970.58,38
2026-05-26,North America,Retail,Grocery,Consumer,584.25,16
2026-05-26,North America,Retail,Grocery,SMB,920.93,26
2026-05-26,North America,Retail,Grocery,Enterprise,888.2,22
2026-05-26,North America,Online,Electronics,Consumer,1057.93,58
2026-05-26,North America,Online,Electronics,SMB,404.1,14
2026-05-26,North America,Online,Electronics,Enterprise,1249.39,60
2026-05-26,North America,Online,Apparel,Consumer,620.37,39
2026-05-26,North America,Online,Apparel,SMB,1001.91,28
2026-05-26,North America,Online,Apparel,Enterprise,878.13,21
2026-05-26,North America,Online,Home Goods,Consumer,894.63,24
2026-05-26,North America,Online,Home Goods,SMB,1050.98,56
2026-05-26,North America,Online,Home Goods,Enterprise,1046.69,30
2026-05-26,North America,Online,Grocery,Consumer,584.97,13
2026-05-26,North America,Online,Grocery,SMB,717.27,17
2026-05-26,North America,Online,Grocery,Enterprise,749.01,20
2026-05-26,North America,Wholesale,Electronics,Consumer,439.17,10
2026-05-26,North America,Wholesale,Electronics,SMB,786.78,23
2026-05-26,North America,Wholesale,Electronics,Enterprise,690.16,24
2026-05-26,North America,Wholesale,Apparel,Consumer,874.9,20
2026-05-26,North America,Wholesale,Apparel,SMB,1194.43,60
2026-05-26,North America,Wholesale,Apparel,Enterprise,1036.77,60
2026-05-26,North America,Wholesale,Home Goods,Consumer,1141.0,45
2026-05-26,North America,Wholesale,Home Goods,SMB,468.65,27
2026-05-26,North America,Wholesale,Home Goods,Enterprise,465.47,16
2026-05-26,North America,Wholesale,Grocery,Consumer,908.04,30
2026-05-26,North America,Wholesale,Grocery,SMB,1325.34,65
2026-05-26,North America,Wholesale,Grocery,Enterprise,1082.83,36
2026-05-26,Europe,Retail,Electronics,Consumer,1405.73,65
2026-05-26,Europe,Retail,Electronics,SMB,750.93,21
2026-05-26,Europe,Retail,Electronics,Enterprise,674.88,37
2026-05-26,Europe,Retail,Apparel,Consumer,801.21,46
2026-05-26,Europe,Retail,Apparel,SMB,1077.57,37
2026-05-26,Europe,Retail,Apparel,Enterprise,1042.79,24
2026-05-26,Europe,Retail,Home Goods,Consumer,1155.48,26
2026-05-26,Europe,Retail,Home Goods,SMB,506.72,14
2026-05-26,Europe,Retail,Home Goods,Enterprise,1278.43,30
2026-05-26,Europe,Retail,Grocery,Consumer,988.67,30
2026-05-26,Europe,Retail,Grocery,SMB,942.58,31
2026-05-26,Europe,Retail,Grocery,Enterprise,1072.99,38
2026-05-26,Europe,Online,Electronics,Consumer,431.07,11
2026-05-26,Europe,Online,Electronics,SMB,603.04,19
2026-05-26,Europe,Online,Electronics,Enterprise,734.74,18
2026-05-26,Europe,Online,Apparel,Consumer,865.56,29
2026-05-26,Europe,Online,Apparel,SMB,948.81,36
2026-05-26,Europe,Online,Apparel,Enterprise,992.54,27
2026-05-26,Europe,Online,Home Goods,Consumer,986.3,22
2026-05-26,Europe,Online,Home Goods,SMB,498.96,28
2026-05-26,Europe,Online,Home Goods,Enterprise,1040.61,59
2026-05-26,Europe,Online,Grocery,Consumer,845.13,29
2026-05-26,Europe,Online,Grocery,SMB,1179.95,58
2026-05-26,Europe,Online,Grocery,Enterprise,970.9,60
2026-05-26,Europe,Wholesale,Electronics,Consumer,691.04,19
2026-05-26,Europe,Wholesale,Electronics,SMB,1035.69,24
2026-05-26,Europe,Wholesale,Electronics,Enterprise,884.04,50
2026-05-26,Europe,Wholesale,Apparel,Consumer,1115.78,32
2026-05-26,Europe,Wholesale,Apparel,SMB,560.72,26
2026-05-26,Europe,Wholesale,Apparel,Enterprise,472.39,12
2026-05-26,Europe,Wholesale,Home Goods,Consumer,465.93,27
2026-05-26,Europe,Wholesale,Home Goods,SMB,746.76,23
2026-05-26,Europe,Wholesale,Home Goods,Enterprise,692.82,17
2026-05-26,Europe,Wholesale,Grocery,Consumer,1314.18,46
2026-05-26,Europe,Wholesale,Grocery,SMB,597.85,35
2026-05-26,Europe,Wholesale,Grocery,Enterprise,515.7,13
2026-05-26,APAC,Retail,Electronics,Consumer,985.71,25
2026-05-26,APAC,Retail,Electronics,SMB,1244.13,35
2026-05-26,APAC,Retail,Electronics,Enterprise,1026.8,24
2026-05-26,APAC,Retail,Apparel,Consumer,526.92,27
2026-05-26,APAC,Retail,Apparel,SMB,666.24,41
2026-05-26,APAC,Retail,Apparel,Enterprise,661.0,34
2026-05-26,APAC,Retail,Home Goods,Consumer,697.29,16
2026-05-26,APAC,Retail,Home Goods,SMB,941.42,57
2026-05-26,APAC,Retail,Home Goods,Enterprise,935.92,46
2026-05-26,APAC,Retail,Grocery,Consumer,511.49,31
2026-05-26,APAC,Retail,Grocery,SMB,774.16,26
2026-05-26,APAC,Retail,Grocery,Enterprise,845.23,42
2026-05-26,APAC,Online,Electronics,Consumer,834.71,45
2026-05-26,APAC,Online,Electronics,SMB,1136.3,37
2026-05-26,APAC,Online,Electronics,Enterprise,1186.02,30
2026-05-26,APAC,Online,Apparel,Consumer,487.29,17
2026-05-26,APAC,Online,Apparel,SMB,865.23,24
2026-05-26,APAC,Online,Apparel,Enterprise,574.89,23
2026-05-26,APAC,Online,Home Goods,Consumer,815.55,42
2026-05-26,APAC,Online,Home Goods,SMB,1004.83,25
2026-05-26,APAC,Online,Home Goods,Enterprise,986.63,30
2026-05-26,APAC,Online,Grocery,Consumer,466.63,18
2026-05-26,APAC,Online,Grocery,SMB,845.24,30
2026-05-26,APAC,Online,Grocery,Enterprise,772.78,21
2026-05-26,APAC,Wholesale,Electronics,Consumer,1168.74,27
2026-05-26,APAC,Wholesale,Electronics,SMB,635.48,39
2026-05-26,APAC,Wholesale,Electronics,Enterprise,658.42,19
2026-05-26,APAC,Wholesale,Apparel,Consumer,910.02,23
2026-05-26,APAC,Wholesale,Apparel,SMB,1218.65,80
2026-05-26,APAC,Wholesale,Apparel,Enterprise,1056.49,51
2026-05-26,APAC,Wholesale,Home Goods,Consumer,1162.15,27
2026-05-26,APAC,Wholesale,Home Goods,SMB,467.16,16
2026-05-26,APAC,Wholesale,Home Goods,Enterprise,1332.76,37
2026-05-26,APAC,Wholesale,Grocery,Consumer,745.73,35
2026-05-26,APAC,Wholesale,Grocery,SMB,1067.29,39
2026-05-26,APAC,Wholesale,Grocery,Enterprise,988.89,22
2026-05-27,North America,Retail,Electronics,Consumer,999.69,49
2026-05-27,North America,Retail,Electronics,SMB,1280.58,42
2026-05-27,North America,Retail,Electronics,Enterprise,1361.54,35
2026-05-27,North America,Retail,Apparel,Consumer,559.01,21
2026-05-27,North America,Retail,Apparel,SMB,911.47,49
2026-05-27,North America,Retail,Apparel,Enterprise,793.33,25
2026-05-27,North America,Retail,Home Goods,Consumer,853.22,22
2026-05-27,North America,Retail,Home Goods,SMB,1131.54,36
2026-05-27,North America,Retail,Home Goods,Enterprise,1042.75,29
2026-05-27,North America,Retail,Grocery,Consumer,681.94,29
2026-05-27,North America,Retail,Grocery,SMB,926.66,26
2026-05-27,North America,Retail,Grocery,Enterprise,923.03,20
2026-05-27,North America,Online,Electronics,Consumer,970.78,27
2026-05-27,North America,Online,Electronics,SMB,406.21,24
2026-05-27,North America,Online,Electronics,Enterprise,1184.38,42
2026-05-27,North America,Online,Apparel,Consumer,552.83,22
2026-05-27,North America,Online,Apparel,SMB,904.62,55
2026-05-27,North America,Online,Apparel,Enterprise,695.05,18
2026-05-27,North America,Online,Home Goods,Consumer,842.76,21
2026-05-27,North America,Online,Home Goods,SMB,1064.36,36
2026-05-27,North America,Online,Home Goods,Enterprise,1149.21,31
2026-05-27,North America,Online,Grocery,Consumer,673.48,20
2026-05-27,North America,Online,Grocery,SMB,865.3,24
2026-05-27,North America,Online,Grocery,Enterprise,856.69,34
2026-05-27,North America,Wholesale,Electronics,Consumer,445.66,24
2026-05-27,North America,Wholesale,Electronics,SMB,671.53,18
2026-05-27,North America,Wholesale,Electronics,Enterprise,687.68,31
2026-05-27,North America,Wholesale,Apparel,Consumer,850.92,29
2026-05-27,North America,Wholesale,Apparel,SMB,985.74,50
2026-05-27,North America,Wholesale,Apparel,Enterprise,1133.35,26
2026-05-27,North America,Wholesale,Home Goods,Consumer,1040.37,54
2026-05-27,North America,Wholesale,Home Goods,SMB,519.23,14
2026-05-27,North America,Wholesale,Home Goods,Enterprise,374.39,17
2026-05-27,North America,Wholesale,Grocery,Consumer,775.45,41
2026-05-27,North America,Wholesale,Grocery,SMB,1193.98,62
2026-05-27,North America,Wholesale,Grocery,Enterprise,1107.18,27
2026-05-27,Europe,Retail,Electronics,Consumer,1234.6,48
2026-05-27,Europe,Retail,Electronics,SMB,686.55,16
2026-05-27,Europe,Retail,Electronics,Enterprise,540.59,15
2026-05-27,Europe,Retail,Apparel,Consumer,784.55,23
2026-05-27,Europe,Retail,Apparel,SMB,1256.51,30
2026-05-27,Europe,Retail,Apparel,Enterprise,1269.92,72
2026-05-27,Europe,Retail,Home Goods,Consumer,1144.47,25
2026-05-27,Europe,Retail,Home Goods,SMB,430.33,13
2026-05-27,Europe,Retail,Home Goods,Enterprise,1338.57,36
2026-05-27,Europe,Retail,Grocery,Consumer,831.34,22
2026-05-27,Europe,Retail,Grocery,SMB,1163.74,35
2026-05-27,Europe,Retail,Grocery,Enterprise,1170.84,28
2026-05-27,Europe,Online,Electronics,Consumer,384.76,11
2026-05-27,Europe,Online,Electronics,SMB,665.1,43
2026-05-27,Europe,Online,Electronics,Enterprise,626.91,21
2026-05-27,Europe,Online,Apparel,Consumer,859.55,22
2026-05-27,Europe,Online,Apparel,SMB,1254.14,42
2026-05-27,Europe,Online,Apparel,Enterprise,1097.19,28
2026-05-27,Europe,Online,Home Goods,Consumer,1127.3,50
2026-05-27,Europe,Online,Home Goods,SMB,430.96,13
2026-05-27,Europe,Online,Home Goods,Enterprise,1467.08,33
2026-05-27,Europe,Online,Grocery,Consumer,892.95,47
2026-05-27,Europe,Online,Grocery,SMB,1127.77,63
2026-05-27,Europe,Online,Grocery,Enterprise,1218.55,41
2026-05-27,Europe,Wholesale,Electronics,Consumer,688.71,16
2026-05-27,Europe,Wholesale,Electronics,SMB,1118.5,29
2026-05-27,Europe,Wholesale,Electronics,Enterprise,1013.17,26
2026-05-27,Europe,Wholesale,Apparel,Consumer,1196.9,29
2026-05-27,Europe,Wholesale,Apparel,SMB,497.1,19
2026-05-27,Europe,Wholesale,Apparel,Enterprise,533.11,18
2026-05-27,Europe,Wholesale,Home Goods,Consumer,451.38,26
2026-05-27,Europe,Wholesale,Home Goods,SMB,694.12,16
2026-05-27,Europe,Wholesale,Home Goods,Enterprise,710.63,25
2026-05-27,Europe,Wholesale,Grocery,Consumer,1224.53,53
2026-05-27,Europe,Wholesale,Grocery,SMB,640.2,16
2026-05-27,Europe,Wholesale,Grocery,Enterprise,498.85,12
2026-05-27,APAC,Retail,Electronics,Consumer,1085.77,29
2026-05-27,APAC,Retail,Electronics,SMB,1329.93,79
2026-05-27,APAC,Retail,Electronics,Enterprise,1293.17,31
2026-05-27,APAC,Retail,Apparel,Consumer,490.37,26
2026-05-27,APAC,Retail,Apparel,SMB,734.46,28
2026-05-27,APAC,Retail,Apparel,Enterprise,784.17,38
2026-05-27,APAC,Retail,Home Goods,Consumer,714.58,19
2026-05-27,APAC,Retail,Home Goods,SMB,1006.06,47
2026-05-27,APAC,Retail,Home Goods,Enterprise,1003.61,54
2026-05-27,APAC,Retail,Grocery,Consumer,529.3,18
2026-05-27,APAC,Retail,Grocery,SMB,894.69,20
2026-05-27,APAC,Retail,Grocery,Enterprise,716.67,33
2026-05-27,APAC,Online,Electronics,Consumer,951.29,37
2026-05-27,APAC,Online,Electronics,SMB,1164.41,50
2026-05-27,APAC,Online,Electronics,Enterprise,1134.1,67
2026-05-27,APAC,Online,Apparel,Consumer,484.95,19
2026-05-27,APAC,Online,Apparel,SMB,719.31,38
2026-05-27,APAC,Online,Apparel,Enterprise,734.16,20
2026-05-27,APAC,Online,Home Goods,Consumer,707.24,29
2026-05-27,APAC,Online,Home Goods,SMB,930.28,27
2026-05-27,APAC,Online,Home Goods,Enterprise,1008.64,25
2026-05-27,APAC,Online,Grocery,Consumer,438.46,10
2026-05-27,APAC,Online,Grocery,SMB,945.62,32
2026-05-27,APAC,Online,Grocery,Enterprise,800.72,46
2026-05-27,APAC,Wholesale,Electronics,Consumer,1339.27,30
2026-05-27,APAC,Wholesale,Electronics,SMB,628.18,34
2026-05-27,APAC,Wholesale,Electronics,Enterprise,573.26,19
2026-05-27,APAC,Wholesale,Apparel,Consumer,935.75,22
2026-05-27,APAC,Wholesale,Apparel,SMB,991.63,41
2026-05-27,APAC,Wholesale,Apparel,Enterprise,1031.75,23
2026-05-27,APAC,Wholesale,Home Goods,Consumer,1014.48,39
2026-05-27,APAC,Wholesale,Home Goods,SMB,435.18,15
2026-05-27,APAC,Wholesale,Home Goods,Enterprise,1219.13,72
2026-05-27,APAC,Wholesale,Grocery,Consumer,811.15,19
2026-05-27,APAC,Wholesale,Grocery,SMB,1162.49,33
2026-05-27,APAC,Wholesale,Grocery,Enterprise,1275.31,46
2026-05-28,North America,Retail,Electronics,Consumer,952.44,38
2026-05-28,North America,Retail,Electronics,SMB,1424.03,43
2026-05-28,North America,Retail,Electronics,Enterprise,1168.07,41
2026-05-28,North America,Retail,Apparel,Consumer,494.94,20
2026-05-28,North America,Retail,Apparel,SMB,943.13,46
2026-05-28,North America,Retail,Apparel,Enterprise,874.45,38
2026-05-28,North America,Retail,Home Goods,Consumer,633.12,16
2026-05-28,North America,Retail,Home Goods,SMB,1107.8,67
2026-05-28,North America,Retail,Home Goods,Enterprise,961.88,48
2026-05-28,North America,Retail,Grocery,Consumer,643.3,15
2026-05-28,North America,Retail,Grocery,SMB,869.24,19
2026-05-28,North America,Retail,Grocery,Enterprise,762.16,18
2026-05-28,North America,Online,Electronics,Consumer,978.48,49
2026-05-28,North America,Online,Electronics,SMB,358.28,16
2026-05-28,North America,Online,Electronics,Enterprise,1317.28,70
2026-05-28,North America,Online,Apparel,Consumer,593.41,26
2026-05-28,North America,Online,Apparel,SMB,900.6,56
2026-05-28,North America,Online,Apparel,Enterprise,871.04,35
2026-05-28,North America,Online,Home Goods,Consumer,772.32,24
2026-05-28,North America,Online,Home Goods,SMB,1158.95,58
2026-05-28,North America,Online,Home Goods,Enterprise,961.56,35
2026-05-28,North America,Online,Grocery,Consumer,708.23,23
2026-05-28,North America,Online,Grocery,SMB,934.99,37
2026-05-28,North America,Online,Grocery,Enterprise,875.34,57
2026-05-28,North America,Wholesale,Electronics,Consumer,433.07,17
2026-05-28,North America,Wholesale,Electronics,SMB,565.01,15
2026-05-28,North America,Wholesale,Electronics,Enterprise,610.36,14
2026-05-28,North America,Wholesale,Apparel,Consumer,911.74,20
2026-05-28,North America,Wholesale,Apparel,SMB,1136.2,35
2026-05-28,North America,Wholesale,Apparel,Enterprise,1092.52,25
2026-05-28,North America,Wholesale,Home Goods,Consumer,997.31,26
2026-05-28,North America,Wholesale,Home Goods,SMB,530.1,12
2026-05-28,North America,Wholesale,Home Goods,Enterprise,467.45,19
2026-05-28,North America,Wholesale,Grocery,Consumer,995.86,36
2026-05-28,North America,Wholesale,Grocery,SMB,1262.67,71
2026-05-28,North America,Wholesale,Grocery,Enterprise,1053.83,63
2026-05-28,Europe,Retail,Electronics,Consumer,1209.41,55
2026-05-28,Europe,Retail,Electronics,SMB,622.32,14
2026-05-28,Europe,Retail,Electronics,Enterprise,607.18,19
2026-05-28,Europe,Retail,Apparel,Consumer,872.43,30
2026-05-28,Europe,Retail,Apparel,SMB,1121.55,36
2026-05-28,Europe,Retail,Apparel,Enterprise,1038.72,49
2026-05-28,Europe,Retail,Home Goods,Consumer,1033.27,23
2026-05-28,Europe,Retail,Home Goods,SMB,510.08,12
2026-05-28,Europe,Retail,Home Goods,Enterprise,1257.33,30
2026-05-28,Europe,Retail,Grocery,Consumer,910.52,34
2026-05-28,Europe,Retail,Grocery,SMB,1108.93,43
2026-05-28,Europe,Retail,Grocery,Enterprise,1144.29,25
2026-05-28,Europe,Online,Electronics,Consumer,409.65,11
2026-05-28,Europe,Online,Electronics,SMB,665.41,23
2026-05-28,Europe,Online,Electronics,Enterprise,701.39,29
2026-05-28,Europe,Online,Apparel,Consumer,856.21,21
2026-05-28,Europe,Online,Apparel,SMB,1238.44,29
2026-05-28,Europe,Online,Apparel,Enterprise,1058.28,55
2026-05-28,Europe,Online,Home Goods,Consumer,1054.53,49
2026-05-28,Europe,Online,Home Goods,SMB,459.73,15
2026-05-28,Europe,Online,Home Goods,Enterprise,1504.51,88
2026-05-28,Europe,Online,Grocery,Consumer,730.36,16
2026-05-28,Europe,Online,Grocery,SMB,1167.54,42
2026-05-28,Europe,Online,Grocery,Enterprise,1059.26,24
2026-05-28,Europe,Wholesale,Electronics,Consumer,656.04,18
2026-05-28,Europe,Wholesale,Electronics,SMB,1053.2,27
2026-05-28,Europe,Wholesale,Electronics,Enterprise,963.2,36
2026-05-28,Europe,Wholesale,Apparel,Consumer,1226.95,38
2026-05-28,Europe,Wholesale,Apparel,SMB,644.32,16
2026-05-28,Europe,Wholesale,Apparel,Enterprise,513.39,21
2026-05-28,Europe,Wholesale,Home Goods,Consumer,463.01,29
2026-05-28,Europe,Wholesale,Home Goods,SMB,761.43,50
2026-05-28,Europe,Wholesale,Home Goods,Enterprise,706.58,17
2026-05-28,Europe,Wholesale,Grocery,Consumer,1442.81,49
2026-05-28,Europe,Wholesale,Grocery,SMB,528.81,19
2026-05-28,Europe,Wholesale,Grocery,Enterprise,444.23,14
2026-05-28,APAC,Retail,Electronics,Consumer,927.34,49
2026-05-28,APAC,Retail,Electronics,SMB,1162.77,49
2026-05-28,APAC,Retail,Electronics,Enterprise,1196.53,32
2026-05-28,APAC,Retail,Apparel,Consumer,510.46,15
2026-05-28,APAC,Retail,Apparel,SMB,675.94,19
2026-05-28,APAC,Retail,Apparel,Enterprise,677.29,23
2026-05-28,APAC,Retail,Home Goods,Consumer,724.82,23
2026-05-28,APAC,Retail,Home Goods,SMB,978.43,30
2026-05-28,APAC,Retail,Home Goods,Enterprise,973.48,58
2026-05-28,APAC,Retail,Grocery,Consumer,512.0,20
2026-05-28,APAC,Retail,Grocery,SMB,840.39,42
2026-05-28,APAC,Retail,Grocery,Enterprise,723.71,31
2026-05-28,APAC,Online,Electronics,Consumer,805.91,31
2026-05-28,APAC,Online,Electronics,SMB,1340.55,56
2026-05-28,APAC,Online,Electronics,Enterprise,950.86,31
2026-05-28,APAC,Online,Apparel,Consumer,497.11,13
2026-05-28,APAC,Online,Apparel,SMB,808.57,21
2026-05-28,APAC,Online,Apparel,Enterprise,751.7,24
2026-05-28,APAC,Online,Home Goods,Consumer,816.02,22
2026-05-28,APAC,Online,Home Goods,SMB,911.12,37
2026-05-28,APAC,Online,Home Goods,Enterprise,906.11,50
2026-05-28,APAC,Online,Grocery,Consumer,476.72,14
2026-05-28,APAC,Online,Grocery,SMB,823.69,26
2026-05-28,APAC,Online,Grocery,Enterprise,741.34,28
2026-05-28,APAC,Wholesale,Electronics,Consumer,1179.6,27
2026-05-28,APAC,Wholesale,Electronics,SMB,658.52,36
2026-05-28,APAC,Wholesale,Electronics,Enterprise,603.67,29
2026-05-28,APAC,Wholesale,Apparel,Consumer,872.94,20
2026-05-28,APAC,Wholesale,Apparel,SMB,988.54,32
2026-05-28,APAC,Wholesale,Apparel,Enterprise,943.65,30
2026-05-28,APAC,Wholesale,Home Goods,Consumer,923.04,50
2026-05-28,APAC,Wholesale,Home Goods,SMB,421.33,14
2026-05-28,APAC,Wholesale,Home Goods,Enterprise,1437.71,33
2026-05-28,APAC,Wholesale,Grocery,Consumer,914.46,31
2026-05-28,APAC,Wholesale,Grocery,SMB,1105.4,27
2026-05-28,APAC,Wholesale,Grocery,Enterprise,1144.16,27
2026-05-29,North America,Retail,Electronics,Consumer,904.02,35
2026-05-29,North America,Retail,Electronics,SMB,1197.38,32
2026-05-29,North America,Retail,Electronics,Enterprise,1407.7,64
2026-05-29,North America,Retail,Apparel,Consumer,594.28,14
2026-05-29,North America,Retail,Apparel,SMB,891.91,47
2026-05-29,North America,Retail,Apparel,Enterprise,827.42,43
2026-05-29,North America,Retail,Home Goods,Consumer,889.67,23
2026-05-29,North America,Retail,Home Goods,SMB,1148.05,66
2026-05-29,North America,Retail,Home Goods,Enterprise,1037.14,63
2026-05-29,North America,Retail,Grocery,Consumer,521.06,28
2026-05-29,North America,Retail,Grocery,SMB,905.66,53
2026-05-29,North America,Retail,Grocery,Enterprise,738.67,39
2026-05-29,North America,Online,Electronics,Consumer,1020.43,29
2026-05-29,North America,Online,Electronics,SMB,414.93,11
2026-05-29,North America,Online,Electronics,Enterprise,1278.83,60
2026-05-29,North America,Online,Apparel,Consumer,480.31,11
2026-05-29,North America,Online,Apparel,SMB,890.66,50
2026-05-29,North America,Online,Apparel,Enterprise,850.36,21
2026-05-29,North America,Online,Home Goods,Consumer,954.0,37
2026-05-29,North America,Online,Home Goods,SMB,1013.11,51
2026-05-29,North America,Online,Home Goods,Enterprise,888.22,39
2026-05-29,North America,Online,Grocery,Consumer,604.69,18
2026-05-29,North America,Online,Grocery,SMB,962.73,62
2026-05-29,North America,Online,Grocery,Enterprise,868.14,40
2026-05-29,North America,Wholesale,Electronics,Consumer,450.28,10
2026-05-29,North America,Wholesale,Electronics,SMB,765.87,24
2026-05-29,North America,Wholesale,Electronics,Enterprise,676.49,31
2026-05-29,North America,Wholesale,Apparel,Consumer,896.56,29
2026-05-29,North America,Wholesale,Apparel,SMB,1160.26,35
2026-05-29,North America,Wholesale,Apparel,Enterprise,1032.76,36
2026-05-29,North America,Wholesale,Home Goods,Consumer,1180.91,46
2026-05-29,North America,Wholesale,Home Goods,SMB,501.26,18
2026-05-29,North America,Wholesale,Home Goods,Enterprise,444.62,24
2026-05-29,North America,Wholesale,Grocery,Consumer,975.79,21
2026-05-29,North America,Wholesale,Grocery,SMB,1239.27,64
2026-05-29,North America,Wholesale,Grocery,Enterprise,1167.83,30
2026-05-29,Europe,Retail,Electronics,Consumer,1258.87,77
2026-05-29,Europe,Retail,Electronics,SMB,611.55,24
2026-05-29,Europe,Retail,Electronics,Enterprise,638.73,19
2026-05-29,Europe,Retail,Apparel,Consumer,895.26,36
2026-05-29,Europe,Retail,Apparel,SMB,1237.7,39
2026-05-29,Europe,Retail,Apparel,Enterprise,1057.16,44
2026-05-29,Europe,Retail,Home Goods,Consumer,1116.42,65
2026-05-29,Europe,Retail,Home Goods,SMB,445.06,11
2026-05-29,Europe,Retail,Home Goods,Enterprise,1140.61,55
2026-05-29,Europe,Retail,Grocery,Consumer,896.16,19
2026-05-29,Europe,Retail,Grocery,SMB,1118.24,39
2026-05-29,Europe,Retail,Grocery,Enterprise,1095.16,31
2026-05-29,Europe,Online,Electronics,Consumer,415.32,15
2026-05-29,Europe,Online,Electronics,SMB,697.45,21
2026-05-29,Europe,Online,Electronics,Enterprise,702.65,15
2026-05-29,Europe,Online,Apparel,Consumer,955.7,56
2026-05-29,Europe,Online,Apparel,SMB,1226.21,37
2026-05-29,Europe,Online,Apparel,Enterprise,1062.87,23
2026-05-29,Europe,Online,Home Goods,Consumer,1204.87,32
2026-05-29,Europe,Online,Home Goods,SMB,517.81,22
2026-05-29,Europe,Online,Home Goods,Enterprise,1267.8,54
2026-05-29,Europe,Online,Grocery,Consumer,793.05,20
2026-05-29,Europe,Online,Grocery,SMB,1107.64,37
2026-05-29,Europe,Online,Grocery,Enterprise,1027.28,31
2026-05-29,Europe,Wholesale,Electronics,Consumer,664.36,28
2026-05-29,Europe,Wholesale,Electronics,SMB,1053.09,27
2026-05-29,Europe,Wholesale,Electronics,Enterprise,976.09,32
2026-05-29,Europe,Wholesale,Apparel,Consumer,1226.07,36
2026-05-29,Europe,Wholesale,Apparel,SMB,576.68,34
2026-05-29,Europe,Wholesale,Apparel,Enterprise,507.55,29
2026-05-29,Europe,Wholesale,Home Goods,Consumer,457.82,17
2026-05-29,Europe,Wholesale,Home Goods,SMB,635.47,17
2026-05-29,Europe,Wholesale,Home Goods,Enterprise,763.97,42
2026-05-29,Europe,Wholesale,Grocery,Consumer,1312.94,75
2026-05-29,Europe,Wholesale,Grocery,SMB,585.81,15
2026-05-29,Europe,Wholesale,Grocery,Enterprise,445.48,21
2026-05-29,APAC,Retail,Electronics,Consumer,902.76,39
2026-05-29,APAC,Retail,Electronics,SMB,1133.68,44
2026-05-29,APAC,Retail,Electronics,Enterprise,1236.34,28
2026-05-29,APAC,Retail,Apparel,Consumer,471.31,29
2026-05-29,APAC,Retail,Apparel,SMB,665.41,25
2026-05-29,APAC,Retail,Apparel,Enterprise,778.45,31
2026-05-29,APAC,Retail,Home Goods,Consumer,688.48,43
2026-05-29,APAC,Retail,Home Goods,SMB,1080.29,34
2026-05-29,APAC,Retail,Home Goods,Enterprise,989.19,27
2026-05-29,APAC,Retail,Grocery,Consumer,505.13,16
2026-05-29,APAC,Retail,Grocery,SMB,883.64,29
2026-05-29,APAC,Retail,Grocery,Enterprise,816.8,44
2026-05-29,APAC,Online,Electronics,Consumer,902.17,25
2026-05-29,APAC,Online,Electronics,SMB,1105.67,34
2026-05-29,APAC,Online,Electronics,Enterprise,984.99,32
2026-05-29,APAC,Online,Apparel,Consumer,527.19,19
2026-05-29,APAC,Online,Apparel,SMB,627.54,18
2026-05-29,APAC,Online,Apparel,Enterprise,733.17,28
2026-05-29,APAC,Online,Home Goods,Consumer,790.46,49
2026-05-29,APAC,Online,Home Goods,SMB,1011.01,61
2026-05-29,APAC,Online,Home Goods,Enterprise,988.65,26
2026-05-29,APAC,Online,Grocery,Consumer,502.99,31
2026-05-29,APAC,Online,Grocery,SMB,865.45,48
2026-05-29,APAC,Online,Grocery,Enterprise,715.41,28
2026-05-29,APAC,Wholesale,Electronics,Consumer,1212.87,34
2026-05-29,APAC,Wholesale,Electronics,SMB,692.01,30
2026-05-29,APAC,Wholesale,Electronics,Enterprise,547.53,12
2026-05-29,APAC,Wholesale,Apparel,Consumer,762.31,44
2026-05-29,APAC,Wholesale,Apparel,SMB,1088.59,69
2026-05-29,APAC,Wholesale,Apparel,Enterprise,1118.54,45
2026-05-29,APAC,Wholesale,Home Goods,Consumer,894.19,27
2026-05-29,APAC,Wholesale,Home Goods,SMB,457.08,10
2026-05-29,APAC,Wholesale,Home Goods,Enterprise,1254.65,38
2026-05-29,APAC,Wholesale,Grocery,Consumer,961.1,21
2026-05-29,APAC,Wholesale,Grocery,SMB,1072.87,33
2026-05-29,APAC,Wholesale,Grocery,Enterprise,1128.11,28
2026-05-30,North America,Retail,Electronics,Consumer,1115.67,44
2026-05-30,North America,Retail,Electronics,SMB,1390.64,46
2026-05-30,North America,Retail,Electronics,Enterprise,1238.38,37
2026-05-30,North America,Retail,Apparel,Consumer,536.99,20
2026-05-30,North America,Retail,Apparel,SMB,786.7,19
2026-05-30,North America,Retail,Apparel,Enterprise,821.07,21
2026-05-30,North America,Retail,Home Goods,Consumer,845.81,35
2026-05-30,North America,Retail,Home Goods,SMB,994.34,60
2026-05-30,North America,Retail,Home Goods,Enterprise,1098.4,50
2026-05-30,North America,Retail,Grocery,Consumer,599.84,16
2026-05-30,North America,Retail,Grocery,SMB,997.1,55
2026-05-30,North America,Retail,Grocery,Enterprise,882.58,35
2026-05-30,North America,Online,Electronics,Consumer,1154.89,39
2026-05-30,North America,Online,Electronics,SMB,426.77,20
2026-05-30,North America,Online,Electronics,Enterprise,1274.56,52
2026-05-30,North America,Online,Apparel,Consumer,518.04,13
2026-05-30,North America,Online,Apparel,SMB,786.32,37
2026-05-30,North America,Online,Apparel,Enterprise,828.47,30
2026-05-30,North America,Online,Home Goods,Consumer,756.83,19
2026-05-30,North America,Online,Home Goods,SMB,1021.32,50
2026-05-30,North America,Online,Home Goods,Enterprise,1146.34,28
2026-05-30,North America,Online,Grocery,Consumer,613.8,18
2026-05-30,North America,Online,Grocery,SMB,928.88,24
2026-05-30,North America,Online,Grocery,Enterprise,980.92,33
2026-05-30,North America,Wholesale,Electronics,Consumer,480.08,14
2026-05-30,North America,Wholesale,Electronics,SMB,694.59,18
2026-05-30,North America,Wholesale,Electronics,Enterprise,591.26,17
2026-05-30,North America,Wholesale,Apparel,Consumer,939.72,30
2026-05-30,North America,Wholesale,Apparel,SMB,1148.76,58
2026-05-30,North America,Wholesale,Apparel,Enterprise,1152.99,32
2026-05-30,North America,Wholesale,Home Goods,Consumer,1096.08,44
2026-05-30,North America,Wholesale,Home Goods,SMB,549.3,13
2026-05-30,North America,Wholesale,Home Goods,Enterprise,460.78,16
2026-05-30,North America,Wholesale,Grocery,Consumer,943.64,23
2026-05-30,North America,Wholesale,Grocery,SMB,1160.86,35
2026-05-30,North America,Wholesale,Grocery,Enterprise,1081.39,39
2026-05-30,Europe,Retail,Electronics,Consumer,1347.17,60
2026-05-30,Europe,Retail,Electronics,SMB,701.17,17
2026-05-30,Europe,Retail,Electronics,Enterprise,548.16,19
2026-05-30,Europe,Retail,Apparel,Consumer,877.63,25
2026-05-30,Europe,Retail,Apparel,SMB,1192.29,62
2026-05-30,Europe,Retail,Apparel,Enterprise,1082.63,47
2026-05-30,Europe,Retail,Home Goods,Consumer,1123.89,55
2026-05-30,Europe,Retail,Home Goods,SMB,412.62,10
2026-05-30,Europe,Retail,Home Goods,Enterprise,1411.42,90
2026-05-30,Europe,Retail,Grocery,Consumer,861.68,21
2026-05-30,Europe,Retail,Grocery,SMB,1270.98,30
2026-05-30,Europe,Retail,Grocery,Enterprise,1152.7,27
2026-05-30,Europe,Online,Electronics,Consumer,374.63,10
2026-05-30,Europe,Online,Electronics,SMB,710.6,40
2026-05-30,Europe,Online,Electronics,Enterprise,686.75,35
2026-05-30,Europe,Online,Apparel,Consumer,823.31,44
2026-05-30,Europe,Online,Apparel,SMB,1123.29,36
2026-05-30,Europe,Online,Apparel,Enterprise,876.03,21
2026-05-30,Europe,Online,Home Goods,Consumer,1277.23,56
2026-05-30,Europe,Online,Home Goods,SMB,441.04,10
2026-05-30,Europe,Online,Home Goods,Enterprise,1302.97,33
2026-05-30,Europe,Online,Grocery,Consumer,920.02,36
2026-05-30,Europe,Online,Grocery,SMB,1085.98,28
2026-05-30,Europe,Online,Grocery,Enterprise,1052.9,47
2026-05-30,Europe,Wholesale,Electronics,Consumer,690.59,34
2026-05-30,Europe,Wholesale,Electronics,SMB,1021.83,23
2026-05-30,Europe,Wholesale,Electronics,Enterprise,878.96,26
2026-05-30,Europe,Wholesale,Apparel,Consumer,1207.87,40
2026-05-30,Europe,Wholesale,Apparel,SMB,485.52,19
2026-05-30,Europe,Wholesale,Apparel,Enterprise,562.24,20
2026-05-30,Europe,Wholesale,Home Goods,Consumer,462.4,11
2026-05-30,Europe,Wholesale,Home Goods,SMB,639.36,14
2026-05-30,Europe,Wholesale,Home Goods,Enterprise,658.62,16
2026-05-30,Europe,Wholesale,Grocery,Consumer,1318.75,84
2026-05-30,Europe,Wholesale,Grocery,SMB,647.47,16
2026-05-30,Europe,Wholesale,Grocery,Enterprise,504.34,14
2026-05-30,APAC,Retail,Electronics,Consumer,1057.36,27
2026-05-30,APAC,Retail,Electronics,SMB,1176.21,53
2026-05-30,APAC,Retail,Electronics,Enterprise,1086.38,24
2026-05-30,APAC,Retail,Apparel,Consumer,499.56,19
2026-05-30,APAC,Retail,Apparel,SMB,805.34,19
2026-05-30,APAC,Retail,Apparel,Enterprise,696.68,17
2026-05-30,APAC,Retail,Home Goods,Consumer,636.42,23
2026-05-30,APAC,Retail,Home Goods,SMB,1132.07,25
2026-05-30,APAC,Retail,Home Goods,Enterprise,946.85,23
2026-05-30,APAC,Retail,Grocery,Consumer,551.53,24
2026-05-30,APAC,Retail,Grocery,SMB,848.76,19
2026-05-30,APAC,Retail,Grocery,Enterprise,867.59,25
2026-05-30,APAC,Online,Electronics,Consumer,1047.53,38
2026-05-30,APAC,Online,Electronics,SMB,1119.19,69
2026-05-30,APAC,Online,Electronics,Enterprise,1282.01,29
2026-05-30,APAC,Online,Apparel,Consumer,457.93,15
2026-05-30,APAC,Online,Apparel,SMB,692.53,18
2026-05-30,APAC,Online,Apparel,Enterprise,786.1,19
2026-05-30,APAC,Online,Home Goods,Consumer,786.1,21
2026-05-30,APAC,Online,Home Goods,SMB,883.25,29
2026-05-30,APAC,Online,Home Goods,Enterprise,890.25,22
2026-05-30,APAC,Online,Grocery,Consumer,583.78,15
2026-05-30,APAC,Online,Grocery,SMB,804.23,48
2026-05-30,APAC,Online,Grocery,Enterprise,754.09,22
2026-05-30,APAC,Wholesale,Electronics,Consumer,1148.87,60
2026-05-30,APAC,Wholesale,Electronics,SMB,586.45,21
2026-05-30,APAC,Wholesale,Electronics,Enterprise,556.89,31
2026-05-30,APAC,Wholesale,Apparel,Consumer,792.22,40
2026-05-30,APAC,Wholesale,Apparel,SMB,881.19,22
2026-05-30,APAC,Wholesale,Apparel,Enterprise,1024.27,27
2026-05-30,APAC,Wholesale,Home Goods,Consumer,1131.69,29
2026-05-30,APAC,Wholesale,Home Goods,SMB,396.08,16
2026-05-30,APAC,Wholesale,Home Goods,Enterprise,1106.78,48
2026-05-30,APAC,Wholesale,Grocery,Consumer,871.13,24
2026-05-30,APAC,Wholesale,Grocery,SMB,1213.71,57
2026-05-30,APAC,Wholesale,Grocery,Enterprise,933.17,34
2026-06-01,North America,Retail,Electronics,Consumer,1086.04,25
2026-06-01,North America,Retail,Electronics,SMB,1492.33,35
2026-06-01,North America,Retail,Electronics,Enterprise,697.51,16
2026-06-01,North America,Retail,Apparel,Consumer,690.23,20
2026-06-01,North America,Retail,Apparel,SMB,755.97,17
2026-06-01,North America,Retail,Apparel,Enterprise,693.39,33
2026-06-01,North America,Retail,Home Goods,Consumer,791.23,29
2026-06-01,North America,Retail,Home Goods,SMB,1034.68,37
2026-06-01,North America,Retail,Home Goods,Enterprise,1013.76,38
2026-06-01,North America,Retail,Grocery,Consumer,621.72,14
2026-06-01,North America,Retail,Grocery,SMB,966.27,34
2026-06-01,North America,Retail,Grocery,Enterprise,883.72,20
2026-06-01,North America,Online,Electronics,Consumer,903.9,48
2026-06-01,North America,Online,Electronics,SMB,416.84,11
2026-06-01,North America,Online,Electronics,Enterprise,1305.69,33
2026-06-01,North America,Online,Apparel,Consumer,669.41,28
2026-06-01,North America,Online,Apparel,SMB,828.47,20
2026-06-01,North America,Online,Apparel,Enterprise,797.23,24
2026-06-01,North America,Online,Home Goods,Consumer,859.63,24
2026-06-01,North America,Online,Home Goods,SMB,1086.86,39
2026-06-01,North America,Online,Home Goods,Enterprise,981.53,41
2026-06-01,North America,Online,Grocery,Consumer,619.78,27
2026-06-01,North America,Online,Grocery,SMB,772.64,29
2026-06-01,North America,Online,Grocery,Enterprise,721.82,20
2026-06-01,North America,Wholesale,Electronics,Consumer,435.1,22
2026-06-01,North America,Wholesale,Electronics,SMB,724.16,29
2026-06-01,North America,Wholesale,Electronics,Enterprise,625.11,17
2026-06-01,North America,Wholesale,Apparel,Consumer,799.01,22
2026-06-01,North America,Wholesale,Apparel,SMB,1177.64,65
2026-06-01,North America,Wholesale,Apparel,Enterprise,1046.63,62
2026-06-01,North America,Wholesale,Home Goods,Consumer,1093.21,25
2026-06-01,North America,Wholesale,Home Goods,SMB,533.8,11
2026-06-01,North America,Wholesale,Home Goods,Enterprise,524.23,15
2026-06-01,North America,Wholesale,Grocery,Consumer,852.09,22
2026-06-01,North America,Wholesale,Grocery,SMB,1276.8,38
2026-06-01,North America,Wholesale,Grocery,Enterprise,1156.63,48
2026-06-01,Europe,Retail,Electronics,Consumer,1217.24,27
2026-06-01,Europe,Retail,Electronics,SMB,710.09,22
2026-06-01,Europe,Retail,Electronics,Enterprise,575.9,19
2026-06-01,Europe,Retail,Apparel,Consumer,832.18,19
2026-06-01,Europe,Retail,Apparel,SMB,1174.92,47
2026-06-01,Europe,Retail,Apparel,Enterprise,1039.37,33
2026-06-01,Europe,Retail,Home Goods,Consumer,1109.13,67
2026-06-01,Europe,Retail,Home Goods,SMB,478.39,25
2026-06-01,Europe,Retail,Home Goods,Enterprise,1431.09,38
2026-06-01,Europe,Retail,Grocery,Consumer,783.58,18
2026-06-01,Europe,Retail,Grocery,SMB,1122.91,33
2026-06-01,Europe,Retail,Grocery,Enterprise,1268.17,33
2026-06-01,Europe,Online,Electronics,Consumer,397.61,9
2026-06-01,Europe,Online,Electronics,SMB,729.1,29
2026-06-01,Europe,Online,Electronics,Enterprise,696.25,35
2026-06-01,Europe,Online,Apparel,Consumer,858.0,21
2026-06-01,Europe,Online,Apparel,SMB,1054.03,63
2026-06-01,Europe,Online,Apparel,Enterprise,946.44,48
2026-06-01,Europe,Online,Home Goods,Consumer,1088.96,47
2026-06-01,Europe,Online,Home Goods,SMB,478.04,13
2026-06-01,Europe,Online,Home Goods,Enterprise,986.13,23
2026-06-01,Europe,Online,Grocery,Consumer,973.87,60
2026-06-01,Europe,Online,Grocery,SMB,1075.06,36
2026-06-01,Europe,Online,Grocery,Enterprise,1205.15,40
2026-06-01,Europe,Wholesale,Electronics,Consumer,784.43,41
2026-06-01,Europe,Wholesale,Electronics,SMB,868.47,48
2026-06-01,Europe,Wholesale,Electronics,Enterprise,963.82,48
2026-06-01,Europe,Wholesale,Apparel,Consumer,1137.06,37
2026-06-01,Europe,Wholesale,Apparel,SMB,549.47,16
2026-06-01,Europe,Wholesale,Apparel,Enterprise,576.34,17
2026-06-01,Europe,Wholesale,Home Goods,Consumer,553.58,17
2026-06-01,Europe,Wholesale,Home Goods,SMB,773.36,28
2026-06-01,Europe,Wholesale,Home Goods,Enterprise,805.0,22
2026-06-01,Europe,Wholesale,Grocery,Consumer,1279.4,30
2026-06-01,Europe,Wholesale,Grocery,SMB,654.84,18
2026-06-01,Europe,Wholesale,Grocery,Enterprise,526.14,19
2026-06-01,APAC,Retail,Electronics,Consumer,791.66,19
2026-06-01,APAC,Retail,Electronics,SMB,1100.87,56
2026-06-01,APAC,Retail,Electronics,Enterprise,1314.96,37
2026-06-01,APAC,Retail,Apparel,Consumer,548.57,19
2026-06-01,APAC,Retail,Apparel,SMB,874.85,57
2026-06-01,APAC,Retail,Apparel,Enterprise,702.39,15
2026-06-01,APAC,Retail,Home Goods,Consumer,654.74,26
2026-06-01,APAC,Retail,Home Goods,SMB,850.97,23
2026-06-01,APAC,Retail,Home Goods,Enterprise,929.26,28
2026-06-01,APAC,Retail,Grocery,Consumer,426.39,19
2026-06-01,APAC,Retail,Grocery,SMB,904.31,36
2026-06-01,APAC,Retail,Grocery,Enterprise,771.82,46
2026-06-01,APAC,Online,Electronics,Consumer,1122.58,42
2026-06-01,APAC,Online,Electronics,SMB,1339.63,49
2026-06-01,APAC,Online,Electronics,Enterprise,1271.59,31
2026-06-01,APAC,Online,Apparel,Consumer,610.97,34
2026-06-01,APAC,Online,Apparel,SMB,819.8,21
2026-06-01,APAC,Online,Apparel,Enterprise,700.2,29
2026-06-01,APAC,Online,Home Goods,Consumer,740.38,39
2026-06-01,APAC,Online,Home Goods,SMB,902.0,30
2026-06-01,APAC,Online,Home Goods,Enterprise,826.27,33
2026-06-01,APAC,Online,Grocery,Consumer,569.1,16
2026-06-01,APAC,Online,Grocery,SMB,884.81,22
2026-06-01,APAC,Online,Grocery,Enterprise,815.22,26
2026-06-01,APAC,Wholesale,Electronics,Consumer,1060.63,36
2026-06-01,APAC,Wholesale,Electronics,SMB,661.1,20
2026-06-01,APAC,Wholesale,Electronics,Enterprise,515.35,13
2026-06-01,APAC,Wholesale,Apparel,Consumer,886.12,26
2026-06-01,APAC,Wholesale,Apparel,SMB,1029.87,63
2026-06-01,APAC,Wholesale,Apparel,Enterprise,1082.51,42
2026-06-01,APAC,Wholesale,Home Goods,Consumer,999.26,28
2026-06-01,APAC,Wholesale,Home Goods,SMB,445.7,22
2026-06-01,APAC,Wholesale,Home Goods,Enterprise,1127.76,36
2026-06-01,APAC,Wholesale,Grocery,Consumer,858.84,36
2026-06-01,APAC,Wholesale,Grocery,SMB,954.66,32
2026-06-01,APAC,Wholesale,Grocery,Enterprise,1140.52,58
2026-06-02,North America,Retail,Electronics,Consumer,1139.05,28
2026-06-02,North America,Retail,Electronics,SMB,1460.45,47
2026-06-02,North America,Retail,Electronics,Enterprise,671.73,38
2026-06-02,North America,Retail,Apparel,Consumer,592.9,36
2026-06-02,North America,Retail,Apparel,SMB,917.51,51
2026-06-02,North America,Retail,Apparel,Enterprise,833.71,23
2026-06-02,North America,Retail,Home Goods,Consumer,758.37,33
2026-06-02,North America,Retail,Home Goods,SMB,1057.32,60
2026-06-02,North America,Retail,Home Goods,Enterprise,976.03,28
2026-06-02,North America,Retail,Grocery,Consumer,600.49,29
2026-06-02,North America,Retail,Grocery,SMB,912.16,52
2026-06-02,North America,Retail,Grocery,Enterprise,873.25,21
2026-06-02,North America,Online,Electronics,Consumer,988.95,34
2026-06-02,North America,Online,Electronics,SMB,443.98,12
2026-06-02,North America,Online,Electronics,Enterprise,1178.81,26
2026-06-02,North America,Online,Apparel,Consumer,557.31,13
2026-06-02,North America,Online,Apparel,SMB,882.02,23
2026-06-02,North America,Online,Apparel,Enterprise,833.61,25
2026-06-02,North America,Online,Home Goods,Consumer,828.18,26
2026-06-02,North America,Online,Home Goods,SMB,1059.18,69
2026-06-02,North America,Online,Home Goods,Enterprise,1057.22,36
2026-06-02,North America,Online,Grocery,Consumer,624.88,17
2026-06-02,North America,Online,Grocery,SMB,1012.18,30
2026-06-02,North America,Online,Grocery,Enterprise,693.16,23
2026-06-02,North America,Wholesale,Electronics,Consumer,370.09,14
2026-06-02,North America,Wholesale,Electronics,SMB,616.3,17
2026-06-02,North America,Wholesale,Electronics,Enterprise,633.81,26
2026-06-02,North America,Wholesale,Apparel,Consumer,834.69,44
2026-06-02,North America,Wholesale,Apparel,SMB,1229.97,79
2026-06-02,North America,Wholesale,Apparel,Enterprise,1118.78,25
2026-06-02,North America,Wholesale,Home Goods,Consumer,1165.05,33
2026-06-02,North America,Wholesale,Home Goods,SMB,486.43,14
2026-06-02,North America,Wholesale,Home Goods,Enterprise,393.7,10
2026-06-02,North America,Wholesale,Grocery,Consumer,964.7,46
2026-06-02,North America,Wholesale,Grocery,SMB,1172.14,40
2026-06-02,North America,Wholesale,Grocery,Enterprise,1233.35,78
2026-06-02,Europe,Retail,Electronics,Consumer,1326.0,36
2026-06-02,Europe,Retail,Electronics,SMB,704.96,16
2026-06-02,Europe,Retail,Electronics,Enterprise,513.97,15
2026-06-02,Europe,Retail,Apparel,Consumer,882.24,41
2026-06-02,Europe,Retail,Apparel,SMB,983.39,59
2026-06-02,Europe,Retail,Apparel,Enterprise,1002.41,65
2026-06-02,Europe,Retail,Home Goods,Consumer,988.62,22
2026-06-02,Europe,Retail,Home Goods,SMB,421.14,10
2026-06-02,Europe,Retail,Home Goods,Enterprise,1283.69,40
2026-06-02,Europe,Retail,Grocery,Consumer,785.55,33
2026-06-02,Europe,Retail,Grocery,SMB,1055.07,32
2026-06-02,Europe,Retail,Grocery,Enterprise,1100.92,33
2026-06-02,Europe,Online,Electronics,Consumer,374.46,12
2026-06-02,Europe,Online,Electronics,SMB,591.42,16
2026-06-02,Europe,Online,Electronics,Enterprise,562.46,22
2026-06-02,Europe,Online,Apparel,Consumer,849.22,50
2026-06-02,Europe,Online,Apparel,SMB,1218.35,41
2026-06-02,Europe,Online,Apparel,Enterprise,1019.3,34
2026-06-02,Europe,Online,Home Goods,Consumer,1160.35,32
2026-06-02,Europe,Online,Home Goods,SMB,455.07,29
2026-06-02,Europe,Online,Home Goods,Enterprise,1282.94,50
2026-06-02,Europe,Online,Grocery,Consumer,928.89,42
2026-06-02,Europe,Online,Grocery,SMB,1204.65,47
2026-06-02,Europe,Online,Grocery,Enterprise,1285.71,38
2026-06-02,Europe,Wholesale,Electronics,Consumer,765.18,40
2026-06-02,Europe,Wholesale,Electronics,SMB,903.08,37
2026-06-02,Europe,Wholesale,Electronics,Enterprise,886.58,22
2026-06-02,Europe,Wholesale,Apparel,Consumer,948.48,26
2026-06-02,Europe,Wholesale,Apparel,SMB,555.23,14
2026-06-02,Europe,Wholesale,Apparel,Enterprise,423.87,10
2026-06-02,Europe,Wholesale,Home Goods,Consumer,481.27,12
2026-06-02,Europe,Wholesale,Home Goods,SMB,751.45,21
2026-06-02,Europe,Wholesale,Home Goods,Enterprise,744.39,22
2026-06-02,Europe,Wholesale,Grocery,Consumer,1249.55,69
2026-06-02,Europe,Wholesale,Grocery,SMB,456.16,18
2026-06-02,Europe,Wholesale,Grocery,Enterprise,582.26,27
2026-06-02,APAC,Retail,Electronics,Consumer,962.89,23
2026-06-02,APAC,Retail,Electronics,SMB,1236.49,48
2026-06-02,APAC,Retail,Electronics,Enterprise,1256.74,30
2026-06-02,APAC,Retail,Apparel,Consumer,575.39,36
2026-06-02,APAC,Retail,Apparel,SMB,855.02,25
2026-06-02,APAC,Retail,Apparel,Enterprise,747.94,40
2026-06-02,APAC,Retail,Home Goods,Consumer,742.36,29
2026-06-02,APAC,Retail,Home Goods,SMB,1079.0,42
2026-06-02,APAC,Retail,Home Goods,Enterprise,1096.84,47
2026-06-02,APAC,Retail,Grocery,Consumer,558.27,28
2026-06-02,APAC,Retail,Grocery,SMB,786.17,22
2026-06-02,APAC,Retail,Grocery,Enterprise,679.19,18
2026-06-02,APAC,Online,Electronics,Consumer,1026.28,35
2026-06-02,APAC,Online,Electronics,SMB,1187.83,29
2026-06-02,APAC,Online,Electronics,Enterprise,1199.84,36
2026-06-02,APAC,Online,Apparel,Consumer,527.51,13
2026-06-02,APAC,Online,Apparel,SMB,909.34,55
2026-06-02,APAC,Online,Apparel,Enterprise,692.78,38
2026-06-02,APAC,Online,Home Goods,Consumer,657.07,15
2026-06-02,APAC,Online,Home Goods,SMB,900.58,45
2026-06-02,APAC,Online,Home Goods,Enterprise,930.5,30
2026-06-02,APAC,Online,Grocery,Consumer,581.76,15
2026-06-02,APAC,Online,Grocery,SMB,895.75,35
2026-06-02,APAC,Online,Grocery,Enterprise,800.59,41
2026-06-02,APAC,Wholesale,Electronics,Consumer,1335.54,48
2026-06-02,APAC,Wholesale,Electronics,SMB,608.19,15
2026-06-02,APAC,Wholesale,Electronics,Enterprise,587.51,23
2026-06-02,APAC,Wholesale,Apparel,Consumer,955.38,31
2026-06-02,APAC,Wholesale,Apparel,SMB,1190.12,31
2026-06-02,APAC,Wholesale,Apparel,Enterprise,1088.26,42
2026-06-02,APAC,Wholesale,Home Goods,Consumer,1033.29,27
2026-06-02,APAC,Wholesale,Home Goods,SMB,422.63,15
2026-06-02,APAC,Wholesale,Home Goods,Enterprise,1296.0,47
2026-06-02,APAC,Wholesale,Grocery,Consumer,978.04,35
2026-06-02,APAC,Wholesale,Grocery,SMB,965.86,24
2026-06-02,APAC,Wholesale,Grocery,Enterprise,1111.87,43
2026-06-03,North America,Retail,Electronics,Consumer,1061.84,69
2026-06-03,North America,Retail,Electronics,SMB,1309.84,33
2026-06-03,North America,Retail,Electronics,Enterprise,697.87,28
2026-06-03,North America,Retail,Apparel,Consumer,572.24,12
2026-06-03,North America,Retail,Apparel,SMB,873.58,23
2026-06-03,North America,Retail,Apparel,Enterprise,811.38,23
2026-06-03,North America,Retail,Home Goods,Consumer,715.63,42
2026-06-03,North America,Retail,Home Goods,SMB,939.59,27
2026-06-03,North America,Retail,Home Goods,Enterprise,988.75,32
2026-06-03,North America,Retail,Grocery,Consumer,532.2,22
2026-06-03,North America,Retail,Grocery,SMB,795.84,25
2026-06-03,North America,Retail,Grocery,Enterprise,870.84,36
2026-06-03,North America,Online,Electronics,Consumer,1012.79,66
2026-06-03,North America,Online,Electronics,SMB,332.45,14
2026-06-03,North America,Online,Electronics,Enterprise,1015.25,28
2026-06-03,North America,Online,Apparel,Consumer,564.77,19
2026-06-03,North America,Online,Apparel,SMB,889.14,23
2026-06-03,North America,Online,Apparel,Enterprise,872.7,25
2026-06-03,North America,Online,Home Goods,Consumer,763.25,19
2026-06-03,North America,Online,Home Goods,SMB,916.66,33
2026-06-03,North America,Online,Home Goods,Enterprise,1042.48,64
2026-06-03,North America,Online,Grocery,Consumer,643.78,25
2026-06-03,North America,Online,Grocery,SMB,868.85,46
2026-06-03,North America,Online,Grocery,Enterprise,711.89,15
2026-06-03,North America,Wholesale,Electronics,Consumer,436.71,13
2026-06-03,North America,Wholesale,Electronics,SMB,746.92,24
2026-06-03,North America,Wholesale,Electronics,Enterprise,654.37,41
2026-06-03,North America,Wholesale,Apparel,Consumer,859.43,22
2026-06-03,North America,Wholesale,Apparel,SMB,1125.16,29
2026-06-03,North America,Wholesale,Apparel,Enterprise,1078.6,29
2026-06-03,North America,Wholesale,Home Goods,Consumer,1169.43,69
2026-06-03,North America,Wholesale,Home Goods,SMB,506.39,19
2026-06-03,North America,Wholesale,Home Goods,Enterprise,416.06,25
2026-06-03,North America,Wholesale,Grocery,Consumer,874.49,25
2026-06-03,North America,Wholesale,Grocery,SMB,1263.47,34
2026-06-03,North America,Wholesale,Grocery,Enterprise,1191.02,41
2026-06-03,Europe,Retail,Electronics,Consumer,1482.51,33
2026-06-03,Europe,Retail,Electronics,SMB,667.51,20
2026-06-03,Europe,Retail,Electronics,Enterprise,662.94,21
2026-06-03,Europe,Retail,Apparel,Consumer,798.54,24
2026-06-03,Europe,Retail,Apparel,SMB,1096.01,28
2026-06-03,Europe,Retail,Apparel,Enterprise,1127.64,30
2026-06-03,Europe,Retail,Home Goods,Consumer,1017.83,33
2026-06-03,Europe,Retail,Home Goods,SMB,412.08,18
2026-06-03,Europe,Retail,Home Goods,Enterprise,1230.67,31
2026-06-03,Europe,Retail,Grocery,Consumer,962.12,37
2026-06-03,Europe,Retail,Grocery,SMB,1281.68,32
2026-06-03,Europe,Retail,Grocery,Enterprise,1172.64,67
2026-06-03,Europe,Online,Electronics,Consumer,461.98,15
2026-06-03,Europe,Online,Electronics,SMB,725.53,25
2026-06-03,Europe,Online,Electronics,Enterprise,572.16,17
2026-06-03,Europe,Online,Apparel,Consumer,923.7,30
2026-06-03,Europe,Online,Apparel,SMB,1087.48,36
2026-06-03,Europe,Online,Apparel,Enterprise,1116.32,40
2026-06-03,Europe,Online,Home Goods,Consumer,899.15,30
2026-06-03,Europe,Online,Home Goods,SMB,499.83,11
2026-06-03,Europe,Online,Home Goods,Enterprise,1324.96,70
2026-06-03,Europe,Online,Grocery,Consumer,848.68,23
2026-06-03,Europe,Online,Grocery,SMB,1266.12,30
2026-06-03,Europe,Online,Grocery,Enterprise,1196.53,64
2026-06-03,Europe,Wholesale,Electronics,Consumer,734.15,19
2026-06-03,Europe,Wholesale,Electronics,SMB,1089.2,25
2026-06-03,Europe,Wholesale,Electronics,Enterprise,806.86,24
2026-06-03,Europe,Wholesale,Apparel,Consumer,1351.29,49
2026-06-03,Europe,Wholesale,Apparel,SMB,605.54,37
2026-06-03,Europe,Wholesale,Apparel,Enterprise,529.44,27
2026-06-03,Europe,Wholesale,Home Goods,Consumer,419.26,17
2026-06-03,Europe,Wholesale,Home Goods,SMB,926.68,31
2026-06-03,Europe,Wholesale,Home Goods,Enterprise,726.14,22
2026-06-03,Europe,Wholesale,Grocery,Consumer,1151.48,69
2026-06-03,Europe,Wholesale,Grocery,SMB,662.26,30
2026-06-03,Europe,Wholesale,Grocery,Enterprise,462.62,11
2026-06-03,APAC,Retail,Electronics,Consumer,910.31,35
2026-06-03,APAC,Retail,Electronics,SMB,1234.54,30
2026-06-03,APAC,Retail,Electronics,Enterprise,1056.62,33
2026-06-03,APAC,Retail,Apparel,Consumer,537.4,12
2026-06-03,APAC,Retail,Apparel,SMB,807.1,22
2026-06-03,APAC,Retail,Apparel,Enterprise,659.5,19
2026-06-03,APAC,Retail,Home Goods,Consumer,740.23,25
2026-06-03,APAC,Retail,Home Goods,SMB,920.82,32
2026-06-03,APAC,Retail,Home Goods,Enterprise,803.57,32
2026-06-03,APAC,Retail,Grocery,Consumer,559.91,14
2026-06-03,APAC,Retail,Grocery,SMB,780.75,35
2026-06-03,APAC,Retail,Grocery,Enterprise,693.36,25
2026-06-03,APAC,Online,Electronics,Consumer,767.31,18
2026-06-03,APAC,Online,Electronics,SMB,1171.61,31
2026-06-03,APAC,Online,Electronics,Enterprise,1052.24,29
2026-06-03,APAC,Online,Apparel,Consumer,449.45,13
2026-06-03,APAC,Online,Apparel,SMB,825.59,25
2026-06-03,APAC,Online,Apparel,Enterprise,640.51,34
2026-06-03,APAC,Online,Home Goods,Consumer,703.0,20
2026-06-03,APAC,Online,Home Goods,SMB,1001.54,31
2026-06-03,APAC,Online,Home Goods,Enterprise,1045.57,50
2026-06-03,APAC,Online,Grocery,Consumer,555.21,18
2026-06-03,APAC,Online,Grocery,SMB,845.45,19
2026-06-03,APAC,Online,Grocery,Enterprise,731.66,35
2026-06-03,APAC,Wholesale,Electronics,Consumer,1449.63,64
2026-06-03,APAC,Wholesale,Electronics,SMB,664.94,18
2026-06-03,APAC,Wholesale,Electronics,Enterprise,623.6,15
2026-06-03,APAC,Wholesale,Apparel,Consumer,787.09,23
2026-06-03,APAC,Wholesale,Apparel,SMB,1093.91,26
2026-06-03,APAC,Wholesale,Apparel,Enterprise,1061.7,67
2026-06-03,APAC,Wholesale,Home Goods,Consumer,977.14,23
2026-06-03,APAC,Wholesale,Home Goods,SMB,454.05,18
2026-06-03,APAC,Wholesale,Home Goods,Enterprise,1268.74,70
2026-06-03,APAC,Wholesale,Grocery,Consumer,889.76,44
2026-06-03,APAC,Wholesale,Grocery,SMB,1181.2,66
2026-06-03,APAC,Wholesale,Grocery,Enterprise,1120.67,46
2026-06-04,North America,Retail,Electronics,Consumer,975.63,29
2026-06-04,North America,Retail,Electronics,SMB,1333.81,53
2026-06-04,North America,Retail,Electronics,Enterprise,695.02,26
2026-06-04,North America,Retail,Apparel,Consumer,581.73,23
2026-06-04,North America,Retail,Apparel,SMB,808.94,30
2026-06-04,North America,Retail,Apparel,Enterprise,821.21,20
2026-06-04,North America,Retail,Home Goods,Consumer,834.33,22
2026-06-04,North America,Retail,Home Goods,SMB,1125.24,34
2026-06-04,North America,Retail,Home Goods,Enterprise,880.32,33
2026-06-04,North America,Retail,Grocery,Consumer,604.54,32
2026-06-04,North America,Retail,Grocery,SMB,956.33,35
2026-06-04,North America,Retail,Grocery,Enterprise,841.07,28
2026-06-04,North America,Online,Electronics,Consumer,971.19,23
2026-06-04,North America,Online,Electronics,SMB,415.92,18
2026-06-04,North America,Online,Electronics,Enterprise,1378.15,61
2026-06-04,North America,Online,Apparel,Consumer,567.09,17
2026-06-04,North America,Online,Apparel,SMB,877.94,32
2026-06-04,North America,Online,Apparel,Enterprise,743.04,42
2026-06-04,North America,Online,Home Goods,Consumer,778.37,17
2026-06-04,North America,Online,Home Goods,SMB,1044.73,39
2026-06-04,North America,Online,Home Goods,Enterprise,1161.83,37
2026-06-04,North America,Online,Grocery,Consumer,597.21,21
2026-06-04,North America,Online,Grocery,SMB,953.08,63
2026-06-04,North America,Online,Grocery,Enterprise,780.13,26
2026-06-04,North America,Wholesale,Electronics,Consumer,453.91,10
2026-06-04,North America,Wholesale,Electronics,SMB,680.08,45
2026-06-04,North America,Wholesale,Electronics,Enterprise,707.78,21
2026-06-04,North America,Wholesale,Apparel,Consumer,868.41,21
2026-06-04,North America,Wholesale,Apparel,SMB,1119.69,32
2026-06-04,North America,Wholesale,Apparel,Enterprise,1171.76,35
2026-06-04,North America,Wholesale,Home Goods,Consumer,1098.57,29
2026-06-04,North America,Wholesale,Home Goods,SMB,507.2,15
2026-06-04,North America,Wholesale,Home Goods,Enterprise,427.98,22
2026-06-04,North America,Wholesale,Grocery,Consumer,994.42,51
2026-06-04,North America,Wholesale,Grocery,SMB,1132.75,40
2026-06-04,North America,Wholesale,Grocery,Enterprise,1111.41,33
2026-06-04,Europe,Retail,Electronics,Consumer,1383.53,39
2026-06-04,Europe,Retail,Electronics,SMB,665.45,26
2026-06-04,Europe,Retail,Electronics,Enterprise,603.19,21
2026-06-04,Europe,Retail,Apparel,Consumer,972.45,43
2026-06-04,Europe,Retail,Apparel,SMB,1222.91,42
2026-06-04,Europe,Retail,Apparel,Enterprise,1062.66,32
2026-06-04,Europe,Retail,Home Goods,Consumer,1214.16,35
2026-06-04,Europe,Retail,Home Goods,SMB,469.67,31
2026-06-04,Europe,Retail,Home Goods,Enterprise,1074.4,30
2026-06-04,Europe,Retail,Grocery,Consumer,902.27,32
2026-06-04,Europe,Retail,Grocery,SMB,1276.65,33
2026-06-04,Europe,Retail,Grocery,Enterprise,1009.64,32
2026-06-04,Europe,Online,Electronics,Consumer,410.76,23
2026-06-04,Europe,Online,Electronics,SMB,605.2,37
2026-06-04,Europe,Online,Electronics,Enterprise,649.09,18
2026-06-04,Europe,Online,Apparel,Consumer,772.47,30
2026-06-04,Europe,Online,Apparel,SMB,1209.94,47
2026-06-04,Europe,Online,Apparel,Enterprise,926.16,45
2026-06-04,Europe,Online,Home Goods,Consumer,1101.12,72
2026-06-04,Europe,Online,Home Goods,SMB,410.51,14
2026-06-04,Europe,Online,Home Goods,Enterprise,1402.78,64
2026-06-04,Europe,Online,Grocery,Consumer,854.09,54
2026-06-04,Europe,Online,Grocery,SMB,1125.11,43
2026-06-04,Europe,Online,Grocery,Enterprise,1291.16,72
2026-06-04,Europe,Wholesale,Electronics,Consumer,682.01,18
2026-06-04,Europe,Wholesale,Electronics,SMB,956.49,43
2026-06-04,Europe,Wholesale,Electronics,Enterprise,861.24,36
2026-06-04,Europe,Wholesale,Apparel,Consumer,1184.49,28
2026-06-04,Europe,Wholesale,Apparel,SMB,554.76,26
2026-06-04,Europe,Wholesale,Apparel,Enterprise,467.91,11
2026-06-04,Europe,Wholesale,Home Goods,Consumer,440.19,13
2026-06-04,Europe,Wholesale,Home Goods,SMB,864.25,28
2026-06-04,Europe,Wholesale,Home Goods,Enterprise,638.07,19
2026-06-04,Europe,Wholesale,Grocery,Consumer,1157.82,32
2026-06-04,Europe,Wholesale,Grocery,SMB,569.21,30
2026-06-04,Europe,Wholesale,Grocery,Enterprise,509.96,30
2026-06-04,APAC,Retail,Electronics,Consumer,943.04,43
2026-06-04,APAC,Retail,Electronics,SMB,1358.7,44
2026-06-04,APAC,Retail,Electronics,Enterprise,1174.21,33
2026-06-04,APAC,Retail,Apparel,Consumer,484.86,10
2026-06-04,APAC,Retail,Apparel,SMB,765.55,33
2026-06-04,APAC,Retail,Apparel,Enterprise,657.07,20
2026-06-04,APAC,Retail,Home Goods,Consumer,602.15,17
2026-06-04,APAC,Retail,Home Goods,SMB,1071.75,24
2026-06-04,APAC,Retail,Home Goods,Enterprise,1117.81,39
2026-06-04,APAC,Retail,Grocery,Consumer,565.26,12
2026-06-04,APAC,Retail,Grocery,SMB,800.19,27
2026-06-04,APAC,Retail,Grocery,Enterprise,835.09,32
2026-06-04,APAC,Online,Electronics,Consumer,961.96,44
2026-06-04,APAC,Online,Electronics,SMB,1030.34,44
2026-06-04,APAC,Online,Electronics,Enterprise,1076.75,71
2026-06-04,APAC,Online,Apparel,Consumer,536.65,25
2026-06-04,APAC,Online,Apparel,SMB,869.31,55
2026-06-04,APAC,Online,Apparel,Enterprise,765.3,20
2026-06-04,APAC,Online,Home Goods,Consumer,800.49,46
2026-06-04,APAC,Online,Home Goods,SMB,1009.23,44
2026-06-04,APAC,Online,Home Goods,Enterprise,985.63,29
2026-06-04,APAC,Online,Grocery,Consumer,568.84,31
2026-06-04,APAC,Online,Grocery,SMB,700.9,21
2026-06-04,APAC,Online,Grocery,Enterprise,763.69,22
2026-06-04,APAC,Wholesale,Electronics,Consumer,1232.96,67
2026-06-04,APAC,Wholesale,Electronics,SMB,688.28,31
2026-06-04,APAC,Wholesale,Electronics,Enterprise,576.54,23
2026-06-04,APAC,Wholesale,Apparel,Consumer,852.79,21
2026-06-04,APAC,Wholesale,Apparel,SMB,1260.77,37
2026-06-04,APAC,Wholesale,Apparel,Enterprise,996.7,26
2026-06-04,APAC,Wholesale,Home Goods,Consumer,979.45,55
2026-06-04,APAC,Wholesale,Home Goods,SMB,407.19,24
2026-06-04,APAC,Wholesale,Home Goods,Enterprise,1357.23,33
2026-06-04,APAC,Wholesale,Grocery,Consumer,868.35,51
2026-06-04,APAC,Wholesale,Grocery,SMB,1280.05,45
2026-06-04,APAC,Wholesale,Grocery,Enterprise,1206.76,50
2026-06-05,North America,Retail,Electronics,Consumer,995.93,28
2026-06-05,North America,Retail,Electronics,SMB,1271.69,40
2026-06-05,North America,Retail,Electronics,Enterprise,661.73,37
2026-06-05,North America,Retail,Apparel,Consumer,622.61,16
2026-06-05,North America,Retail,Apparel,SMB,870.87,25
2026-06-05,North America,Retail,Apparel,Enterprise,877.24,57
2026-06-05,North America,Retail,Home Goods,Consumer,717.71,17
2026-06-05,North America,Retail,Home Goods,SMB,1188.0,35
2026-06-05,North America,Retail,Home Goods,Enterprise,913.81,23
2026-06-05,North America,Retail,Grocery,Consumer,696.76,24
2026-06-05,North America,Retail,Grocery,SMB,861.21,47
2026-06-05,North America,Retail,Grocery,Enterprise,851.54,25
2026-06-05,North America,Online,Electronics,Consumer,1152.39,55
2026-06-05,North America,Online,Electronics,SMB,426.43,13
2026-06-05,North America,Online,Electronics,Enterprise,1184.61,42
2026-06-05,North America,Online,Apparel,Consumer,555.73,15
2026-06-05,North America,Online,Apparel,SMB,816.44,20
2026-06-05,North America,Online,Apparel,Enterprise,812.21,48
2026-06-05,North America,Online,Home Goods,Consumer,780.9,17
2026-06-05,North America,Online,Home Goods,SMB,1175.31,31
2026-06-05,North America,Online,Home Goods,Enterprise,956.32,24
2026-06-05,North America,Online,Grocery,Consumer,698.36,35
2026-06-05,North America,Online,Grocery,SMB,863.57,33
2026-06-05,North America,Online,Grocery,Enterprise,873.94,57
2026-06-05,North America,Wholesale,Electronics,Consumer,394.61,23
2026-06-05,North America,Wholesale,Electronics,SMB,677.04,22
2026-06-05,North America,Wholesale,Electronics,Enterprise,705.71,25
2026-06-05,North America,Wholesale,Apparel,Consumer,779.2,37
2026-06-05,North America,Wholesale,Apparel,SMB,1247.55,32
2026-06-05,North America,Wholesale,Apparel,Enterprise,1300.67,51
2026-06-05,North America,Wholesale,Home Goods,Consumer,1057.51,23
2026-06-05,North America,Wholesale,Home Goods,SMB,453.54,13
2026-06-05,North America,Wholesale,Home Goods,Enterprise,416.47,9
2026-06-05,North America,Wholesale,Grocery,Consumer,1008.8,30
2026-06-05,North America,Wholesale,Grocery,SMB,1155.92,40
2026-06-05,North America,Wholesale,Grocery,Enterprise,1163.47,30
2026-06-05,Europe,Retail,Electronics,Consumer,1366.43,90
2026-06-05,Europe,Retail,Electronics,SMB,688.0,31
2026-06-05,Europe,Retail,Electronics,Enterprise,617.42,27
2026-06-05,Europe,Retail,Apparel,Consumer,953.26,25
2026-06-05,Europe,Retail,Apparel,SMB,1218.25,32
2026-06-05,Europe,Retail,Apparel,Enterprise,1048.43,49
2026-06-05,Europe,Retail,Home Goods,Consumer,1187.33,45
2026-06-05,Europe,Retail,Home Goods,SMB,567.04,32
2026-06-05,Europe,Retail,Home Goods,Enterprise,1345.35,56
2026-06-05,Europe,Retail,Grocery,Consumer,886.53,42
2026-06-05,Europe,Retail,Grocery,SMB,1026.07,62
2026-06-05,Europe,Retail,Grocery,Enterprise,1016.64,63
2026-06-05,Europe,Online,Electronics,Consumer,406.37,9
2026-06-05,Europe,Online,Electronics,SMB,713.95,19
2026-06-05,Europe,Online,Electronics,Enterprise,579.64,28
2026-06-05,Europe,Online,Apparel,Consumer,936.1,59
2026-06-05,Europe,Online,Apparel,SMB,1254.83,80
2026-06-05,Europe,Online,Apparel,Enterprise,917.27,25
2026-06-05,Europe,Online,Home Goods,Consumer,975.26,53
2026-06-05,Europe,Online,Home Goods,SMB,513.43,11
2026-06-05,Europe,Online,Home Goods,Enterprise,1272.88,32
2026-06-05,Europe,Online,Grocery,Consumer,933.31,26
2026-06-05,Europe,Online,Grocery,SMB,1405.05,31
2026-06-05,Europe,Online,Grocery,Enterprise,1009.85,24
2026-06-05,Europe,Wholesale,Electronics,Consumer,734.27,37
2026-06-05,Europe,Wholesale,Electronics,SMB,980.63,22
2026-06-05,Europe,Wholesale,Electronics,Enterprise,945.54,35
2026-06-05,Europe,Wholesale,Apparel,Consumer,1121.8,42
2026-06-05,Europe,Wholesale,Apparel,SMB,462.72,20
2026-06-05,Europe,Wholesale,Apparel,Enterprise,430.45,26
2026-06-05,Europe,Wholesale,Home Goods,Consumer,485.49,15
2026-06-05,Europe,Wholesale,Home Goods,SMB,759.84,19
2026-06-05,Europe,Wholesale,Home Goods,Enterprise,709.09,18
2026-06-05,Europe,Wholesale,Grocery,Consumer,1231.12,29
2026-06-05,Europe,Wholesale,Grocery,SMB,658.24,15
2026-06-05,Europe,Wholesale,Grocery,Enterprise,428.83,20
2026-06-05,APAC,Retail,Electronics,Consumer,1023.67,29
2026-06-05,APAC,Retail,Electronics,SMB,1285.37,75
2026-06-05,APAC,Retail,Electronics,Enterprise,1007.15,29
2026-06-05,APAC,Retail,Apparel,Consumer,507.31,16
2026-06-05,APAC,Retail,Apparel,SMB,722.12,29
2026-06-05,APAC,Retail,Apparel,Enterprise,724.57,27
2026-06-05,APAC,Retail,Home Goods,Consumer,703.14,23
2026-06-05,APAC,Retail,Home Goods,SMB,895.73,38
2026-06-05,APAC,Retail,Home Goods,Enterprise,809.1,24
2026-06-05,APAC,Retail,Grocery,Consumer,589.03,36
2026-06-05,APAC,Retail,Grocery,SMB,823.36,20
2026-06-05,APAC,Retail,Grocery,Enterprise,785.47,29
2026-06-05,APAC,Online,Electronics,Consumer,897.94,27
2026-06-05,APAC,Online,Electronics,SMB,1429.35,33
2026-06-05,APAC,Online,Electronics,Enterprise,1083.05,56
2026-06-05,APAC,Online,Apparel,Consumer,552.05,31
2026-06-05,APAC,Online,Apparel,SMB,741.22,22
2026-06-05,APAC,Online,Apparel,Enterprise,746.52,25
2026-06-05,APAC,Online,Home Goods,Consumer,693.89,23
2026-06-05,APAC,Online,Home Goods,SMB,961.63,35
2026-06-05,APAC,Online,Home Goods,Enterprise,974.33,36
2026-06-05,APAC,Online,Grocery,Consumer,501.66,24
2026-06-05,APAC,Online,Grocery,SMB,828.59,32
2026-06-05,APAC,Online,Grocery,Enterprise,835.95,47
2026-06-05,APAC,Wholesale,Electronics,Consumer,1339.06,39
2026-06-05,APAC,Wholesale,Electronics,SMB,601.58,15
2026-06-05,APAC,Wholesale,Electronics,Enterprise,604.08,35
2026-06-05,APAC,Wholesale,Apparel,Consumer,820.49,50
2026-06-05,APAC,Wholesale,Apparel,SMB,1134.15,45
2026-06-05,APAC,Wholesale,Apparel,Enterprise,1099.75,45
2026-06-05,APAC,Wholesale,Home Goods,Consumer,1109.41,47
2026-06-05,APAC,Wholesale,Home Goods,SMB,391.07,10
2026-06-05,APAC,Wholesale,Home Goods,Enterprise,1635.91,43
2026-06-05,APAC,Wholesale,Grocery,Consumer,852.9,22
2026-06-05,APAC,Wholesale,Grocery,SMB,1148.16,47
2026-06-05,APAC,Wholesale,Grocery,Enterprise,1063.14,26
2026-06-06,North America,Retail,Electronics,Consumer,1034.1,38
2026-06-06,North America,Retail,Electronics,SMB,1195.59,36
2026-06-06,North America,Retail,Electronics,Enterprise,642.22,21
2026-06-06,North America,Retail,Apparel,Consumer,535.64,14
2026-06-06,North America,Retail,Apparel,SMB,902.01,41
2026-06-06,North America,Retail,Apparel,Enterprise,843.43,22
2026-06-06,North America,Retail,Home Goods,Consumer,726.62,18
2026-06-06,North America,Retail,Home Goods,SMB,1101.72,29
2026-06-06,North America,Retail,Home Goods,Enterprise,1000.46,25
2026-06-06,North America,Retail,Grocery,Consumer,548.31,22
2026-06-06,North America,Retail,Grocery,SMB,929.11,25
2026-06-06,North America,Retail,Grocery,Enterprise,917.26,43
2026-06-06,North America,Online,Electronics,Consumer,921.68,35
2026-06-06,North America,Online,Electronics,SMB,415.75,12
2026-06-06,North America,Online,Electronics,Enterprise,1397.72,91
2026-06-06,North America,Online,Apparel,Consumer,663.67,16
2026-06-06,North America,Online,Apparel,SMB,896.86,32
2026-06-06,North America,Online,Apparel,Enterprise,745.92,20
2026-06-06,North America,Online,Home Goods,Consumer,714.92,22
2026-06-06,North America,Online,Home Goods,SMB,1175.32,47
2026-06-06,North America,Online,Home Goods,Enterprise,1161.63,27
2026-06-06,North America,Online,Grocery,Consumer,617.35,31
2026-06-06,North America,Online,Grocery,SMB,947.74,27
2026-06-06,North America,Online,Grocery,Enterprise,800.82,24
2026-06-06,North America,Wholesale,Electronics,Consumer,384.92,8
2026-06-06,North America,Wholesale,Electronics,SMB,649.27,30
2026-06-06,North America,Wholesale,Electronics,Enterprise,603.06,29
2026-06-06,North America,Wholesale,Apparel,Consumer,958.61,52
2026-06-06,North America,Wholesale,Apparel,SMB,1089.93,26
2026-06-06,North America,Wholesale,Apparel,Enterprise,1073.64,60
2026-06-06,North America,Wholesale,Home Goods,Consumer,1216.61,76
2026-06-06,North America,Wholesale,Home Goods,SMB,539.43,15
2026-06-06,North America,Wholesale,Home Goods,Enterprise,416.48,24
2026-06-06,North America,Wholesale,Grocery,Consumer,927.4,21
2026-06-06,North America,Wholesale,Grocery,SMB,1191.18,34
2026-06-06,North America,Wholesale,Grocery,Enterprise,1201.77,70
2026-06-06,Europe,Retail,Electronics,Consumer,1413.28,70
2026-06-06,Europe,Retail,Electronics,SMB,701.16,17
2026-06-06,Europe,Retail,Electronics,Enterprise,584.87,31
2026-06-06,Europe,Retail,Apparel,Consumer,879.31,28
2026-06-06,Europe,Retail,Apparel,SMB,1105.9,25
2026-06-06,Europe,Retail,Apparel,Enterprise,1075.41,26
2026-06-06,Europe,Retail,Home Goods,Consumer,1122.23,40
2026-06-06,Europe,Retail,Home Goods,SMB,482.36,13
2026-06-06,Europe,Retail,Home Goods,Enterprise,1155.81,26
2026-06-06,Europe,Retail,Grocery,Consumer,895.11,27
2026-06-06,Europe,Retail,Grocery,SMB,1020.75,43
2026-06-06,Europe,Retail,Grocery,Enterprise,1090.93,71
2026-06-06,Europe,Online,Electronics,Consumer,407.26,15
2026-06-06,Europe,Online,Electronics,SMB,697.5,17
2026-06-06,Europe,Online,Electronics,Enterprise,506.72,12
2026-06-06,Europe,Online,Apparel,Consumer,837.51,29
2026-06-06,Europe,Online,Apparel,SMB,1011.16,42
2026-06-06,Europe,Online,Apparel,Enterprise,1010.27,24
2026-06-06,Europe,Online,Home Goods,Consumer,956.18,26
2026-06-06,Europe,Online,Home Goods,SMB,483.76,20
2026-06-06,Europe,Online,Home Goods,Enterprise,1155.4,57
2026-06-06,Europe,Online,Grocery,Consumer,799.97,35
2026-06-06,Europe,Online,Grocery,SMB,1288.66,44
2026-06-06,Europe,Online,Grocery,Enterprise,1013.12,23
2026-06-06,Europe,Wholesale,Electronics,Consumer,749.29,27
2026-06-06,Europe,Wholesale,Electronics,SMB,1095.89,25
2026-06-06,Europe,Wholesale,Electronics,Enterprise,941.75,40
2026-06-06,Europe,Wholesale,Apparel,Consumer,1371.64,40
2026-06-06,Europe,Wholesale,Apparel,SMB,536.9,14
2026-06-06,Europe,Wholesale,Apparel,Enterprise,578.99,15
2026-06-06,Europe,Wholesale,Home Goods,Consumer,514.63,11
2026-06-06,Europe,Wholesale,Home Goods,SMB,858.89,27
2026-06-06,Europe,Wholesale,Home Goods,Enterprise,740.91,40
2026-06-06,Europe,Wholesale,Grocery,Consumer,1201.87,31
2026-06-06,Europe,Wholesale,Grocery,SMB,561.44,24
2026-06-06,Europe,Wholesale,Grocery,Enterprise,556.14,18
2026-06-06,APAC,Retail,Electronics,Consumer,920.23,25
2026-06-06,APAC,Retail,Electronics,SMB,1240.04,33
2026-06-06,APAC,Retail,Electronics,Enterprise,1049.06,25
2026-06-06,APAC,Retail,Apparel,Consumer,556.97,20
2026-06-06,APAC,Retail,Apparel,SMB,824.24,19
2026-06-06,APAC,Retail,Apparel,Enterprise,725.93,29
2026-06-06,APAC,Retail,Home Goods,Consumer,734.44,43
2026-06-06,APAC,Retail,Home Goods,SMB,923.31,29
2026-06-06,APAC,Retail,Home Goods,Enterprise,956.99,49
2026-06-06,APAC,Retail,Grocery,Consumer,637.26,16
2026-06-06,APAC,Retail,Grocery,SMB,836.7,53
2026-06-06,APAC,Retail,Grocery,Enterprise,715.37,39
2026-06-06,APAC,Online,Electronics,Consumer,927.18,34
2026-06-06,APAC,Online,Electronics,SMB,1352.54,78
2026-06-06,APAC,Online,Electronics,Enterprise,1177.97,60
2026-06-06,APAC,Online,Apparel,Consumer,453.25,17
2026-06-06,APAC,Online,Apparel,SMB,800.51,22
2026-06-06,APAC,Online,Apparel,Enterprise,743.08,34
2026-06-06,APAC,Online,Home Goods,Consumer,702.05,17
2026-06-06,APAC,Online,Home Goods,SMB,874.17,25
2026-06-06,APAC,Online,Home Goods,Enterprise,917.98,34
2026-06-06,APAC,Online,Grocery,Consumer,447.43,18
2026-06-06,APAC,Online,Grocery,SMB,825.0,21
2026-06-06,APAC,Online,Grocery,Enterprise,751.88,19
2026-06-06,APAC,Wholesale,Electronics,Consumer,1360.9,61
2026-06-06,APAC,Wholesale,Electronics,SMB,632.08,35
2026-06-06,APAC,Wholesale,Electronics,Enterprise,460.76,18
2026-06-06,APAC,Wholesale,Apparel,Consumer,928.95,44
2026-06-06,APAC,Wholesale,Apparel,SMB,1085.27,26
2026-06-06,APAC,Wholesale,Apparel,Enterprise,995.37,25
2026-06-06,APAC,Wholesale,Home Goods,Consumer,1082.85,54
2026-06-06,APAC,Wholesale,Home Goods,SMB,421.33,15
2026-06-06,APAC,Wholesale,Home Goods,Enterprise,1341.57,42
2026-06-06,APAC,Wholesale,Grocery,Consumer,894.17,43
2026-06-06,APAC,Wholesale,Grocery,SMB,1168.27,27
2026-06-06,APAC,Wholesale,Grocery,Enterprise,1171.98,62
2026-06-07,North America,Retail,Electronics,Consumer,1034.24,51
2026-06-07,North America,Retail,Electronics,SMB,1394.07,51
2026-06-07,North America,Retail,Electronics,Enterprise,654.77,22
2026-06-07,North America,Retail,Apparel,Consumer,621.07,36
2026-06-07,North America,Retail,Apparel,SMB,900.68,34
2026-06-07,North America,Retail,Apparel,Enterprise,707.77,41
2026-06-07,North America,Retail,Home Goods,Consumer,813.68,24
2026-06-07,North America,Retail,Home Goods,SMB,1157.11,26
2026-06-07,North America,Retail,Home Goods,Enterprise,1096.83,24
2026-06-07,North America,Retail,Grocery,Consumer,636.58,15
2026-06-07,North America,Retail,Grocery,SMB,967.59,29
2026-06-07,North America,Retail,Grocery,Enterprise,958.97,21
2026-06-07,North America,Online,Electronics,Consumer,980.31,22
2026-06-07,North America,Online,Electronics,SMB,357.21,9
2026-06-07,North America,Online,Electronics,Enterprise,1164.87,28
2026-06-07,North America,Online,Apparel,Consumer,640.64,26
2026-06-07,North America,Online,Apparel,SMB,912.29,36
2026-06-07,North America,Online,Apparel,Enterprise,737.32,22
2026-06-07,North America,Online,Home Goods,Consumer,752.45,21
2026-06-07,North America,Online,Home Goods,SMB,1045.45,47
2026-06-07,North America,Online,Home Goods,Enterprise,812.29,36
2026-06-07,North America,Online,Grocery,Consumer,529.54,15
2026-06-07,North America,Online,Grocery,SMB,935.61,25
2026-06-07,North America,Online,Grocery,Enterprise,784.02,20
2026-06-07,North America,Wholesale,Electronics,Consumer,430.97,16
2026-06-07,North America,Wholesale,Electronics,SMB,708.12,29
2026-06-07,North America,Wholesale,Electronics,Enterprise,673.46,41
2026-06-07,North America,Wholesale,Apparel,Consumer,941.78,22
2026-06-07,North America,Wholesale,Apparel,SMB,997.31,26
2026-06-07,North America,Wholesale,Apparel,Enterprise,990.49,39
2026-06-07,North America,Wholesale,Home Goods,Consumer,1103.25,29
2026-06-07,North America,Wholesale,Home Goods,SMB,565.47,18
2026-06-07,North America,Wholesale,Home Goods,Enterprise,489.25,20
2026-06-07,North America,Wholesale,Grocery,Consumer,908.99,57
2026-06-07,North America,Wholesale,Grocery,SMB,1255.52,56
2026-06-07,North America,Wholesale,Grocery,Enterprise,1070.07,34
2026-06-07,Europe,Retail,Electronics,Consumer,1423.7,63
2026-06-07,Europe,Retail,Electronics,SMB,633.59,17
2026-06-07,Europe,Retail,Electronics,Enterprise,596.3,22
2026-06-07,Europe,Retail,Apparel,Consumer,765.77,31
2026-06-07,Europe,Retail,Apparel,SMB,1130.61,27
2026-06-07,Europe,Retail,Apparel,Enterprise,1074.34,62
2026-06-07,Europe,Retail,Home Goods,Consumer,1125.43,58
2026-06-07,Europe,Retail,Home Goods,SMB,513.25,24
2026-06-07,Europe,Retail,Home Goods,Enterprise,1411.4,35
2026-06-07,Europe,Retail,Grocery,Consumer,931.43,21
2026-06-07,Europe,Retail,Grocery,SMB,1165.22,31
2026-06-07,Europe,Retail,Grocery,Enterprise,1128.15,46
2026-06-07,Europe,Online,Electronics,Consumer,395.75,19
2026-06-07,Europe,Online,Electronics,SMB,641.75,28
2026-06-07,Europe,Online,Electronics,Enterprise,601.22,17
2026-06-07,Europe,Online,Apparel,Consumer,935.36,40
2026-06-07,Europe,Online,Apparel,SMB,1151.3,26
2026-06-07,Europe,Online,Apparel,Enterprise,1040.55,38
2026-06-07,Europe,Online,Home Goods,Consumer,1132.32,37
2026-06-07,Europe,Online,Home Goods,SMB,503.13,13
2026-06-07,Europe,Online,Home Goods,Enterprise,1311.47,33
2026-06-07,Europe,Online,Grocery,Consumer,753.39,48
2026-06-07,Europe,Online,Grocery,SMB,1031.49,27
2026-06-07,Europe,Online,Grocery,Enterprise,1213.74,28
2026-06-07,Europe,Wholesale,Electronics,Consumer,691.62,18
2026-06-07,Europe,Wholesale,Electronics,SMB,975.03,42
2026-06-07,Europe,Wholesale,Electronics,Enterprise,852.15,32
2026-06-07,Europe,Wholesale,Apparel,Consumer,1204.52,36
2026-06-07,Europe,Wholesale,Apparel,SMB,584.96,20
2026-06-07,Europe,Wholesale,Apparel,Enterprise,503.36,25
2026-06-07,Europe,Wholesale,Home Goods,Consumer,507.4,16
2026-06-07,Europe,Wholesale,Home Goods,SMB,796.4,21
2026-06-07,Europe,Wholesale,Home Goods,Enterprise,587.22,13
2026-06-07,Europe,Wholesale,Grocery,Consumer,1214.78,27
2026-06-07,Europe,Wholesale,Grocery,SMB,547.07,15
2026-06-07,Europe,Wholesale,Grocery,Enterprise,550.24,16
2026-06-07,APAC,Retail,Electronics,Consumer,931.05,21
2026-06-07,APAC,Retail,Electronics,SMB,1246.03,46
2026-06-07,APAC,Retail,Electronics,Enterprise,1106.02,39
2026-06-07,APAC,Retail,Apparel,Consumer,500.24,22
2026-06-07,APAC,Retail,Apparel,SMB,879.78,29
2026-06-07,APAC,Retail,Apparel,Enterprise,675.85,22
2026-06-07,APAC,Retail,Home Goods,Consumer,700.78,20
2026-06-07,APAC,Retail,Home Goods,SMB,900.63,21
2026-06-07,APAC,Retail,Home Goods,Enterprise,942.92,58
2026-06-07,APAC,Retail,Grocery,Consumer,501.36,12
2026-06-07,APAC,Retail,Grocery,SMB,748.38,20
2026-06-07,APAC,Retail,Grocery,Enterprise,680.28,19
2026-06-07,APAC,Online,Electronics,Consumer,947.02,26
2026-06-07,APAC,Online,Electronics,SMB,1343.66,59
2026-06-07,APAC,Online,Electronics,Enterprise,982.01,24
2026-06-07,APAC,Online,Apparel,Consumer,454.26,29
2026-06-07,APAC,Online,Apparel,SMB,809.05,19
2026-06-07,APAC,Online,Apparel,Enterprise,644.98,23
2026-06-07,APAC,Online,Home Goods,Consumer,630.04,20
2026-06-07,APAC,Online,Home Goods,SMB,930.48,45
2026-06-07,APAC,Online,Home Goods,Enterprise,825.16,36
2026-06-07,APAC,Online,Grocery,Consumer,574.63,23
2026-06-07,APAC,Online,Grocery,SMB,913.07,34
2026-06-07,APAC,Online,Grocery,Enterprise,732.26,30
2026-06-07,APAC,Wholesale,Electronics,Consumer,1095.19,29
2026-06-07,APAC,Wholesale,Electronics,SMB,710.41,40
2026-06-07,APAC,Wholesale,Electronics,Enterprise,531.86,20
2026-06-07,APAC,Wholesale,Apparel,Consumer,746.77,38
2026-06-07,APAC,Wholesale,Apparel,SMB,1114.36,41
2026-06-07,APAC,Wholesale,Apparel,Enterprise,853.83,35
2026-06-07,APAC,Wholesale,Home Goods,Consumer,1213.32,80
2026-06-07,APAC,Wholesale,Home Goods,SMB,434.72,25
2026-06-07,APAC,Wholesale,Home Goods,Enterprise,1229.94,35
2026-06-07,APAC,Wholesale,Grocery,Consumer,777.15,21
2026-06-07,APAC,Wholesale,Grocery,SMB,1180.19,32
2026-06-07,APAC,Wholesale,Grocery,Enterprise,1141.77,54
2026-06-08,North America,Retail,Electronics,Consumer,1099.13,38
2026-06-08,North America,Retail,Electronics,SMB,1529.34,38
2026-06-08,North America,Retail,Electronics,Enterprise,683.93,33
2026-06-08,North America,Retail,Apparel,Consumer,593.85,15
2026-06-08,North America,Retail,Apparel,SMB,852.28,31
2026-06-08,North America,Retail,Apparel,Enterprise,928.41,27
2026-06-08,North America,Retail,Home Goods,Consumer,711.19,35
2026-06-08,North America,Retail,Home Goods,SMB,961.85,40
2026-06-08,North America,Retail,Home Goods,Enterprise,968.95,38
2026-06-08,North America,Retail,Grocery,Consumer,627.9,19
2026-06-08,North America,Retail,Grocery,SMB,778.42,43
2026-06-08,North America,Retail,Grocery,Enterprise,827.47,49
2026-06-08,North America,Online,Electronics,Consumer,1021.11,31
2026-06-08,North America,Online,Electronics,SMB,399.12,8
2026-06-08,North America,Online,Electronics,Enterprise,1332.47,87
2026-06-08,North America,Online,Apparel,Consumer,615.41,18
2026-06-08,North America,Online,Apparel,SMB,981.75,22
2026-06-08,North America,Online,Apparel,Enterprise,787.14,26
2026-06-08,North America,Online,Home Goods,Consumer,771.44,29
2026-06-08,North America,Online,Home Goods,SMB,1167.84,28
2026-06-08,North America,Online,Home Goods,Enterprise,1170.35,27
2026-06-08,North America,Online,Grocery,Consumer,604.69,17
2026-06-08,North America,Online,Grocery,SMB,869.4,33
2026-06-08,North America,Online,Grocery,Enterprise,833.54,33
2026-06-08,North America,Wholesale,Electronics,Consumer,471.44,13
2026-06-08,North America,Wholesale,Electronics,SMB,759.57,20
2026-06-08,North America,Wholesale,Electronics,Enterprise,674.78,20
2026-06-08,North America,Wholesale,Apparel,Consumer,876.46,21
2026-06-08,North America,Wholesale,Apparel,SMB,1156.97,29
2026-06-08,North America,Wholesale,Apparel,Enterprise,1250.91,48
2026-06-08,North America,Wholesale,Home Goods,Consumer,1028.76,35
2026-06-08,North America,Wholesale,Home Goods,SMB,467.65,17
2026-06-08,North America,Wholesale,Home Goods,Enterprise,478.07,10
2026-06-08,North America,Wholesale,Grocery,Consumer,1124.07,28
2026-06-08,North America,Wholesale,Grocery,SMB,1296.69,79
2026-06-08,North America,Wholesale,Grocery,Enterprise,1145.97,29
2026-06-08,Europe,Retail,Electronics,Consumer,1244.65,37
2026-06-08,Europe,Retail,Electronics,SMB,730.3,27
2026-06-08,Europe,Retail,Electronics,Enterprise,593.74,21
2026-06-08,Europe,Retail,Apparel,Consumer,839.62,19
2026-06-08,Europe,Retail,Apparel,SMB,1383.53,33
2026-06-08,Europe,Retail,Apparel,Enterprise,964.82,22
2026-06-08,Europe,Retail,Home Goods,Consumer,1074.88,51
2026-06-08,Europe,Retail,Home Goods,SMB,433.19,22
2026-06-08,Europe,Retail,Home Goods,Enterprise,1161.12,28
2026-06-08,Europe,Retail,Grocery,Consumer,868.48,28
2026-06-08,Europe,Retail,Grocery,SMB,1277.22,53
2026-06-08,Europe,Retail,Grocery,Enterprise,1205.35,34
2026-06-08,Europe,Online,Electronics,Consumer,337.8,16
2026-06-08,Europe,Online,Electronics,SMB,648.47,22
2026-06-08,Europe,Online,Electronics,Enterprise,667.02,30
2026-06-08,Europe,Online,Apparel,Consumer,929.55,43
2026-06-08,Europe,Online,Apparel,SMB,1146.75,64
2026-06-08,Europe,Online,Apparel,Enterprise,948.75,33
2026-06-08,Europe,Online,Home Goods,Consumer,1075.04,25
2026-06-08,Europe,Online,Home Goods,SMB,446.38,10
2026-06-08,Europe,Online,Home Goods,Enterprise,1306.5,57
2026-06-08,Europe,Online,Grocery,Consumer,834.36,28
2026-06-08,Europe,Online,Grocery,SMB,1204.24,63
2026-06-08,Europe,Online,Grocery,Enterprise,1069.99,34
2026-06-08,Europe,Wholesale,Electronics,Consumer,715.15,20
2026-06-08,Europe,Wholesale,Electronics,SMB,966.55,23
2026-06-08,Europe,Wholesale,Electronics,Enterprise,1047.64,31
2026-06-08,Europe,Wholesale,Apparel,Consumer,1114.04,32
2026-06-08,Europe,Wholesale,Apparel,SMB,511.73,13
2026-06-08,Europe,Wholesale,Apparel,Enterprise,537.86,20
2026-06-08,Europe,Wholesale,Home Goods,Consumer,472.45,11
2026-06-08,Europe,Wholesale,Home Goods,SMB,724.0,18
2026-06-08,Europe,Wholesale,Home Goods,Enterprise,722.71,40
2026-06-08,Europe,Wholesale,Grocery,Consumer,1250.07,70
2026-06-08,Europe,Wholesale,Grocery,SMB,578.49,15
2026-06-08,Europe,Wholesale,Grocery,Enterprise,419.04,22
2026-06-08,APAC,Retail,Electronics,Consumer,848.72,19
2026-06-08,APAC,Retail,Electronics,SMB,1373.52,42
2026-06-08,APAC,Retail,Electronics,Enterprise,1195.23,38
2026-06-08,APAC,Retail,Apparel,Consumer,511.15,12
2026-06-08,APAC,Retail,Apparel,SMB,848.23,32
2026-06-08,APAC,Retail,Apparel,Enterprise,717.58,20
2026-06-08,APAC,Retail,Home Goods,Consumer,755.54,22
2026-06-08,APAC,Retail,Home Goods,SMB,922.65,42
2026-06-08,APAC,Retail,Home Goods,Enterprise,873.39,30
2026-06-08,APAC,Retail,Grocery,Consumer,565.41,29
2026-06-08,APAC,Retail,Grocery,SMB,931.32,31
2026-06-08,APAC,Retail,Grocery,Enterprise,706.06,24
2026-06-08,APAC,Online,Electronics,Consumer,918.6,26
2026-06-08,APAC,Online,Electronics,SMB,1201.98,30
2026-06-08,APAC,Online,Electronics,Enterprise,1129.28,46
2026-06-08,APAC,Online,Apparel,Consumer,461.73,10
2026-06-08,APAC,Online,Apparel,SMB,951.49,26
2026-06-08,APAC,Online,Apparel,Enterprise,866.42,29
2026-06-08,APAC,Online,Home Goods,Consumer,771.79,21
2026-06-08,APAC,Online,Home Goods,SMB,936.95,35
2026-06-08,APAC,Online,Home Goods,Enterprise,1020.08,25
2026-06-08,APAC,Online,Grocery,Consumer,532.43,24
2026-06-08,APAC,Online,Grocery,SMB,806.01,22
2026-06-08,APAC,Online,Grocery,Enterprise,641.23,38
2026-06-08,APAC,Wholesale,Electronics,Consumer,1314.4,44
2026-06-08,APAC,Wholesale,Electronics,SMB,629.41,23
2026-06-08,APAC,Wholesale,Electronics,Enterprise,653.34,16
2026-06-08,APAC,Wholesale,Apparel,Consumer,824.41,18
2026-06-08,APAC,Wholesale,Apparel,SMB,1038.64,29
2026-06-08,APAC,Wholesale,Apparel,Enterprise,1024.45,22
2026-06-08,APAC,Wholesale,Home Goods,Consumer,1062.08,34
2026-06-08,APAC,Wholesale,Home Goods,SMB,404.98,17
2026-06-08,APAC,Wholesale,Home Goods,Enterprise,1248.85,30
2026-06-08,APAC,Wholesale,Grocery,Consumer,813.42,30
2026-06-08,APAC,Wholesale,Grocery,SMB,1241.48,38
2026-06-08,APAC,Wholesale,Grocery,Enterprise,1173.7,29
2026-06-09,North America,Retail,Electronics,Consumer,1092.08,38
2026-06-09,North America,Retail,Electronics,SMB,1166.68,58
2026-06-09,North America,Retail,Electronics,Enterprise,730.71,30
2026-06-09,North America,Retail,Apparel,Consumer,633.37,32
2026-06-09,North America,Retail,Apparel,SMB,883.76,23
2026-06-09,North America,Retail,Apparel,Enterprise,895.15,58
2026-06-09,North America,Retail,Home Goods,Consumer,790.34,22
2026-06-09,North America,Retail,Home Goods,SMB,972.64,21
2026-06-09,North America,Retail,Home Goods,Enterprise,1135.51,40
2026-06-09,North America,Retail,Grocery,Consumer,695.29,17
2026-06-09,North America,Retail,Grocery,SMB,911.37,20
2026-06-09,North America,Retail,Grocery,Enterprise,800.88,39
2026-06-09,North America,Online,Electronics,Consumer,1237.55,35
2026-06-09,North America,Online,Electronics,SMB,432.25,13
2026-06-09,North America,Online,Electronics,Enterprise,1370.14,50
2026-06-09,North America,Online,Apparel,Consumer,570.62,35
2026-06-09,North America,Online,Apparel,SMB,869.6,24
2026-06-09,North America,Online,Apparel,Enterprise,869.63,19
2026-06-09,North America,Online,Home Goods,Consumer,771.08,21
2026-06-09,North America,Online,Home Goods,SMB,1019.76,26
2026-06-09,North America,Online,Home Goods,Enterprise,943.06,23
2026-06-09,North America,Online,Grocery,Consumer,534.55,15
2026-06-09,North America,Online,Grocery,SMB,870.71,33
2026-06-09,North America,Online,Grocery,Enterprise,912.04,49
2026-06-09,North America,Wholesale,Electronics,Consumer,475.42,13
2026-06-09,North America,Wholesale,Electronics,SMB,755.22,24
2026-06-09,North America,Wholesale,Electronics,Enterprise,720.44,22
2026-06-09,North America,Wholesale,Apparel,Consumer,915.57,39
2026-06-09,North America,Wholesale,Apparel,SMB,1179.09,57
2026-06-09,North America,Wholesale,Apparel,Enterprise,956.42,32
2026-06-09,North America,Wholesale,Home Goods,Consumer,1066.93,33
2026-06-09,North America,Wholesale,Home Goods,SMB,473.82,26
2026-06-09,North America,Wholesale,Home Goods,Enterprise,509.84,13
2026-06-09,North America,Wholesale,Grocery,Consumer,986.86,48
2026-06-09,North America,Wholesale,Grocery,SMB,1213.42,38
2026-06-09,North America,Wholesale,Grocery,Enterprise,1120.23,36
2026-06-09,Europe,Retail,Electronics,Consumer,1341.74,43
2026-06-09,Europe,Retail,Electronics,SMB,619.92,19
2026-06-09,Europe,Retail,Electronics,Enterprise,589.56,31
2026-06-09,Europe,Retail,Apparel,Consumer,739.85,19
2026-06-09,Europe,Retail,Apparel,SMB,1330.19,65
2026-06-09,Europe,Retail,Apparel,Enterprise,1031.86,31
2026-06-09,Europe,Retail,Home Goods,Consumer,1128.92,28
2026-06-09,Europe,Retail,Home Goods,SMB,506.72,27
2026-06-09,Europe,Retail,Home Goods,Enterprise,1343.58,67
2026-06-09,Europe,Retail,Grocery,Consumer,914.63,28
2026-06-09,Europe,Retail,Grocery,SMB,1176.77,26
2026-06-09,Europe,Retail,Grocery,Enterprise,1074.24,35
2026-06-09,Europe,Online,Electronics,Consumer,373.74,13
2026-06-09,Europe,Online,Electronics,SMB,733.73,16
2026-06-09,Europe,Online,Electronics,Enterprise,654.47,15
2026-06-09,Europe,Online,Apparel,Consumer,862.03,28
2026-06-09,Europe,Online,Apparel,SMB,1171.48,41
2026-06-09,Europe,Online,Apparel,Enterprise,951.49,29
2026-06-09,Europe,Online,Home Goods,Consumer,1050.27,23
2026-06-09,Europe,Online,Home Goods,SMB,425.15,16
2026-06-09,Europe,Online,Home Goods,Enterprise,1229.72,68
2026-06-09,Europe,Online,Grocery,Consumer,872.46,22
2026-06-09,Europe,Online,Grocery,SMB,1170.88,48
2026-06-09,Europe,Online,Grocery,Enterprise,1153.46,28
2026-06-09,Europe,Wholesale,Electronics,Consumer,794.32,36
2026-06-09,Europe,Wholesale,Electronics,SMB,972.26,37
2026-06-09,Europe,Wholesale,Electronics,Enterprise,1003.94,58
2026-06-09,Europe,Wholesale,Apparel,Consumer,1276.25,56
2026-06-09,Europe,Wholesale,Apparel,SMB,491.23,18
2026-06-09,Europe,Wholesale,Apparel,Enterprise,551.82,31
2026-06-09,Europe,Wholesale,Home Goods,Consumer,503.88,14
2026-06-09,Europe,Wholesale,Home Goods,SMB,853.25,27
2026-06-09,Europe,Wholesale,Home Goods,Enterprise,802.28,17
2026-06-09,Europe,Wholesale,Grocery,Consumer,1270.06,35
2026-06-09,Europe,Wholesale,Grocery,SMB,600.93,17
2026-06-09,Europe,Wholesale,Grocery,Enterprise,553.27,13
2026-06-09,APAC,Retail,Electronics,Consumer,886.4,45
2026-06-09,APAC,Retail,Electronics,SMB,1168.06,26
2026-06-09,APAC,Retail,Electronics,Enterprise,1142.53,34
2026-06-09,APAC,Retail,Apparel,Consumer,514.79,29
2026-06-09,APAC,Retail,Apparel,SMB,814.71,25
2026-06-09,APAC,Retail,Apparel,Enterprise,743.72,43
2026-06-09,APAC,Retail,Home Goods,Consumer,699.46,27
2026-06-09,APAC,Retail,Home Goods,SMB,957.43,41
2026-06-09,APAC,Retail,Home Goods,Enterprise,984.85,64
2026-06-09,APAC,Retail,Grocery,Consumer,510.61,19
2026-06-09,APAC,Retail,Grocery,SMB,877.38,48
2026-06-09,APAC,Retail,Grocery,Enterprise,734.65,17
2026-06-09,APAC,Online,Electronics,Consumer,1008.37,41
2026-06-09,APAC,Online,Electronics,SMB,1377.45,34
2026-06-09,APAC,Online,Electronics,Enterprise,1051.79,29
2026-06-09,APAC,Online,Apparel,Consumer,518.3,12
2026-06-09,APAC,Online,Apparel,SMB,714.34,17
2026-06-09,APAC,Online,Apparel,Enterprise,702.65,34
2026-06-09,APAC,Online,Home Goods,Consumer,794.45,31
2026-06-09,APAC,Online,Home Goods,SMB,994.24,26
2026-06-09,APAC,Online,Home Goods,Enterprise,1043.92,31
2026-06-09,APAC,Online,Grocery,Consumer,526.43,13
2026-06-09,APAC,Online,Grocery,SMB,785.13,51
2026-06-09,APAC,Online,Grocery,Enterprise,754.54,24
2026-06-09,APAC,Wholesale,Electronics,Consumer,1301.6,49
2026-06-09,APAC,Wholesale,Electronics,SMB,676.54,18
2026-06-09,APAC,Wholesale,Electronics,Enterprise,656.13,14
2026-06-09,APAC,Wholesale,Apparel,Consumer,868.98,23
2026-06-09,APAC,Wholesale,Apparel,SMB,1116.68,30
2026-06-09,APAC,Wholesale,Apparel,Enterprise,1161.74,56
2026-06-09,APAC,Wholesale,Home Goods,Consumer,1208.93,40
2026-06-09,APAC,Wholesale,Home Goods,SMB,434.56,18
2026-06-09,APAC,Wholesale,Home Goods,Enterprise,1053.14,25
2026-06-09,APAC,Wholesale,Grocery,Consumer,927.58,23
2026-06-09,APAC,Wholesale,Grocery,SMB,1076.88,24
2026-06-09,APAC,Wholesale,Grocery,Enterprise,1227.89,45
2026-06-10,North America,Retail,Electronics,Consumer,1003.42,57
2026-06-10,North America,Retail,Electronics,SMB,1340.71,36
2026-06-10,North America,Retail,Electronics,Enterprise,707.08,42
2026-06-10,North America,Retail,Apparel,Consumer,569.55,15
2026-06-10,North America,Retail,Apparel,SMB,785.34,19
2026-06-10,North America,Retail,Apparel,Enterprise,767.36,17
2026-06-10,North America,Retail,Home Goods,Consumer,734.98,19
2026-06-10,North America,Retail,Home Goods,SMB,1132.57,38
2026-06-10,North America,Retail,Home Goods,Enterprise,731.24,17
2026-06-10,North America,Retail,Grocery,Consumer,585.06,16
2026-06-10,North America,Retail,Grocery,SMB,801.97,18
2026-06-10,North America,Retail,Grocery,Enterprise,864.44,23
2026-06-10,North America,Online,Electronics,Consumer,992.6,26
2026-06-10,North America,Online,Electronics,SMB,354.06,15
2026-06-10,North America,Online,Electronics,Enterprise,1217.24,30
2026-06-10,North America,Online,Apparel,Consumer,468.78,11
2026-06-10,North America,Online,Apparel,SMB,771.62,23
2026-06-10,North America,Online,Apparel,Enterprise,780.66,17
2026-06-10,North America,Online,Home Goods,Consumer,746.06,24
2026-06-10,North America,Online,Home Goods,SMB,928.79,42
2026-06-10,North America,Online,Home Goods,Enterprise,1159.0,38
2026-06-10,North America,Online,Grocery,Consumer,647.09,14
2026-06-10,North America,Online,Grocery,SMB,825.73,31
2026-06-10,North America,Online,Grocery,Enterprise,847.82,46
2026-06-10,North America,Wholesale,Electronics,Consumer,462.89,14
2026-06-10,North America,Wholesale,Electronics,SMB,699.48,18
2026-06-10,North America,Wholesale,Electronics,Enterprise,685.51,28
2026-06-10,North America,Wholesale,Apparel,Consumer,943.05,44
2026-06-10,North America,Wholesale,Apparel,SMB,1174.76,54
2026-06-10,North America,Wholesale,Apparel,Enterprise,999.62,41
2026-06-10,North America,Wholesale,Home Goods,Consumer,1244.03,31
2026-06-10,North America,Wholesale,Home Goods,SMB,484.2,30
2026-06-10,North America,Wholesale,Home Goods,Enterprise,391.6,13
2026-06-10,North America,Wholesale,Grocery,Consumer,947.58,36
2026-06-10,North America,Wholesale,Grocery,SMB,1141.6,44
2026-06-10,North America,Wholesale,Grocery,Enterprise,1083.11,71
2026-06-10,Europe,Retail,Electronics,Consumer,1347.33,52
2026-06-10,Europe,Retail,Electronics,SMB,655.84,36
2026-06-10,Europe,Retail,Electronics,Enterprise,588.52,19
2026-06-10,Europe,Retail,Apparel,Consumer,859.44,43
2026-06-10,Europe,Retail,Apparel,SMB,1215.09,61
2026-06-10,Europe,Retail,Apparel,Enterprise,1140.53,32
2026-06-10,Europe,Retail,Home Goods,Consumer,1094.99,45
2026-06-10,Europe,Retail,Home Goods,SMB,500.82,17
2026-06-10,Europe,Retail,Home Goods,Enterprise,1373.23,75
2026-06-10,Europe,Retail,Grocery,Consumer,997.12,35
2026-06-10,Europe,Retail,Grocery,SMB,1191.41,46
2026-06-10,Europe,Retail,Grocery,Enterprise,1049.02,37
2026-06-10,Europe,Online,Electronics,Consumer,359.0,17
2026-06-10,Europe,Online,Electronics,SMB,767.34,37
2026-06-10,Europe,Online,Electronics,Enterprise,660.56,17
2026-06-10,Europe,Online,Apparel,Consumer,879.29,20
2026-06-10,Europe,Online,Apparel,SMB,1176.57,40
2026-06-10,Europe,Online,Apparel,Enterprise,1123.43,32
2026-06-10,Europe,Online,Home Goods,Consumer,1077.0,34
2026-06-10,Europe,Online,Home Goods,SMB,506.95,13
2026-06-10,Europe,Online,Home Goods,Enterprise,1278.52,33
2026-06-10,Europe,Online,Grocery,Consumer,822.88,19
2026-06-10,Europe,Online,Grocery,SMB,954.48,23
2026-06-10,Europe,Online,Grocery,Enterprise,1094.68,41
2026-06-10,Europe,Wholesale,Electronics,Consumer,740.21,47
2026-06-10,Europe,Wholesale,Electronics,SMB,1025.34,52
2026-06-10,Europe,Wholesale,Electronics,Enterprise,804.66,36
2026-06-10,Europe,Wholesale,Apparel,Consumer,1181.0,33
2026-06-10,Europe,Wholesale,Apparel,SMB,495.53,13
2026-06-10,Europe,Wholesale,Apparel,Enterprise,584.57,20
2026-06-10,Europe,Wholesale,Home Goods,Consumer,493.56,13
2026-06-10,Europe,Wholesale,Home Goods,SMB,857.41,38
2026-06-10,Europe,Wholesale,Home Goods,Enterprise,757.52,33
2026-06-10,Europe,Wholesale,Grocery,Consumer,1297.21,34
2026-06-10,Europe,Wholesale,Grocery,SMB,683.83,30
2026-06-10,Europe,Wholesale,Grocery,Enterprise,416.07,10
2026-06-10,APAC,Retail,Electronics,Consumer,986.86,25
2026-06-10,APAC,Retail,Electronics,SMB,1377.16,38
2026-06-10,APAC,Retail,Electronics,Enterprise,1103.23,24
2026-06-10,APAC,Retail,Apparel,Consumer,510.62,15
2026-06-10,APAC,Retail,Apparel,SMB,762.6,40
2026-06-10,APAC,Retail,Apparel,Enterprise,692.73,42
2026-06-10,APAC,Retail,Home Goods,Consumer,870.03,31
2026-06-10,APAC,Retail,Home Goods,SMB,1005.72,30
2026-06-10,APAC,Retail,Home Goods,Enterprise,968.63,35
2026-06-10,APAC,Retail,Grocery,Consumer,540.46,22
2026-06-10,APAC,Retail,Grocery,SMB,783.34,31
2026-06-10,APAC,Retail,Grocery,Enterprise,713.82,24
2026-06-10,APAC,Online,Electronics,Consumer,843.65,34
2026-06-10,APAC,Online,Electronics,SMB,1226.21,53
2026-06-10,APAC,Online,Electronics,Enterprise,1149.45,41
2026-06-10,APAC,Online,Apparel,Consumer,552.61,22
2026-06-10,APAC,Online,Apparel,SMB,814.61,49
2026-06-10,APAC,Online,Apparel,Enterprise,732.95,19
2026-06-10,APAC,Online,Home Goods,Consumer,754.81,17
2026-06-10,APAC,Online,Home Goods,SMB,1110.7,61
2026-06-10,APAC,Online,Home Goods,Enterprise,1025.8,39
2026-06-10,APAC,Online,Grocery,Consumer,632.93,26
2026-06-10,APAC,Online,Grocery,SMB,827.92,26
2026-06-10,APAC,Online,Grocery,Enterprise,755.69,18
2026-06-10,APAC,Wholesale,Electronics,Consumer,1190.27,46
2026-06-10,APAC,Wholesale,Electronics,SMB,729.08,19
2026-06-10,APAC,Wholesale,Electronics,Enterprise,540.63,15
2026-06-10,APAC,Wholesale,Apparel,Consumer,822.4,38
2026-06-10,APAC,Wholesale,Apparel,SMB,976.84,51
2026-06-10,APAC,Wholesale,Apparel,Enterprise,1163.5,31
2026-06-10,APAC,Wholesale,Home Goods,Consumer,1139.83,26
2026-06-10,APAC,Wholesale,Home Goods,SMB,472.1,13
2026-06-10,APAC,Wholesale,Home Goods,Enterprise,1329.06,31
2026-06-10,APAC,Wholesale,Grocery,Consumer,955.55,55
2026-06-10,APAC,Wholesale,Grocery,SMB,1058.12,28
2026-06-10,APAC,Wholesale,Grocery,Enterprise,1046.39,23
2026-06-11,North America,Retail,Electronics,Consumer,1055.6,64
2026-06-11,North America,Retail,Electronics,SMB,1457.5,70
2026-06-11,North America,Retail,Electronics,Enterprise,637.27,15
2026-06-11,North America,Retail,Apparel,Consumer,567.97,13
2026-06-11,North America,Retail,Apparel,SMB,1017.04,24
2026-06-11,North America,Retail,Apparel,Enterprise,696.83,24
2026-06-11,North America,Retail,Home Goods,Consumer,774.2,45
2026-06-11,North America,Retail,Home Goods,SMB,898.15,32
2026-06-11,North America,Retail,Home Goods,Enterprise,1103.42,70
2026-06-11,North America,Retail,Grocery,Consumer,577.19,17
2026-06-11,North America,Retail,Grocery,SMB,870.8,53
2026-06-11,North America,Retail,Grocery,Enterprise,781.68,24
2026-06-11,North America,Online,Electronics,Consumer,1055.6,28
2026-06-11,North America,Online,Electronics,SMB,355.31,13
2026-06-11,North America,Online,Electronics,Enterprise,1154.41,26
2026-06-11,North America,Online,Apparel,Consumer,496.57,24
2026-06-11,North America,Online,Apparel,SMB,865.31,22
2026-06-11,North America,Online,Apparel,Enterprise,733.3,27
2026-06-11,North America,Online,Home Goods,Consumer,801.46,40
2026-06-11,North America,Online,Home Goods,SMB,1144.06,53
2026-06-11,North America,Online,Home Goods,Enterprise,964.89,24
2026-06-11,North America,Online,Grocery,Consumer,511.02,17
2026-06-11,North America,Online,Grocery,SMB,864.28,35
2026-06-11,North America,Online,Grocery,Enterprise,740.94,34
2026-06-11,North America,Wholesale,Electronics,Consumer,428.43,21
2026-06-11,North America,Wholesale,Electronics,SMB,651.29,39
2026-06-11,North America,Wholesale,Electronics,Enterprise,654.09,33
2026-06-11,North America,Wholesale,Apparel,Consumer,922.32,22
2026-06-11,North America,Wholesale,Apparel,SMB,1251.5,32
2026-06-11,North America,Wholesale,Apparel,Enterprise,1083.74,31
2026-06-11,North America,Wholesale,Home Goods,Consumer,1127.05,36
2026-06-11,North America,Wholesale,Home Goods,SMB,583.68,38
2026-06-11,North America,Wholesale,Home Goods,Enterprise,411.48,15
2026-06-11,North America,Wholesale,Grocery,Consumer,1006.46,57
2026-06-11,North America,Wholesale,Grocery,SMB,1172.36,31
2026-06-11,North America,Wholesale,Grocery,Enterprise,1026.63,37
2026-06-11,Europe,Retail,Electronics,Consumer,1225.77,73
2026-06-11,Europe,Retail,Electronics,SMB,647.02,16
2026-06-11,Europe,Retail,Electronics,Enterprise,624.36,14
2026-06-11,Europe,Retail,Apparel,Consumer,814.82,40
2026-06-11,Europe,Retail,Apparel,SMB,1251.44,28
2026-06-11,Europe,Retail,Apparel,Enterprise,1052.12,27
2026-06-11,Europe,Retail,Home Goods,Consumer,1089.83,29
2026-06-11,Europe,Retail,Home Goods,SMB,446.71,16
2026-06-11,Europe,Retail,Home Goods,Enterprise,1176.09,34
2026-06-11,Europe,Retail,Grocery,Consumer,762.97,24
2026-06-11,Europe,Retail,Grocery,SMB,1188.77,51
2026-06-11,Europe,Retail,Grocery,Enterprise,1036.63,31
2026-06-11,Europe,Online,Electronics,Consumer,418.99,21
2026-06-11,Europe,Online,Electronics,SMB,596.71,27
2026-06-11,Europe,Online,Electronics,Enterprise,606.02,14
2026-06-11,Europe,Online,Apparel,Consumer,796.6,44
2026-06-11,Europe,Online,Apparel,SMB,1168.42,28
2026-06-11,Europe,Online,Apparel,Enterprise,1125.0,54
2026-06-11,Europe,Online,Home Goods,Consumer,945.76,27
2026-06-11,Europe,Online,Home Goods,SMB,471.6,30
2026-06-11,Europe,Online,Home Goods,Enterprise,1332.82,49
2026-06-11,Europe,Online,Grocery,Consumer,921.78,27
2026-06-11,Europe,Online,Grocery,SMB,1198.69,53
2026-06-11,Europe,Online,Grocery,Enterprise,1111.34,26
2026-06-11,Europe,Wholesale,Electronics,Consumer,744.98,24
2026-06-11,Europe,Wholesale,Electronics,SMB,994.19,27
2026-06-11,Europe,Wholesale,Electronics,Enterprise,968.13,36
2026-06-11,Europe,Wholesale,Apparel,Consumer,1060.96,67
2026-06-11,Europe,Wholesale,Apparel,SMB,598.39,17
2026-06-11,Europe,Wholesale,Apparel,Enterprise,434.51,26
2026-06-11,Europe,Wholesale,Home Goods,Consumer,505.18,26
2026-06-11,Europe,Wholesale,Home Goods,SMB,813.31,24
2026-06-11,Europe,Wholesale,Home Goods,Enterprise,867.07,19
2026-06-11,Europe,Wholesale,Grocery,Consumer,1224.23,67
2026-06-11,Europe,Wholesale,Grocery,SMB,581.3,16
2026-06-11,Europe,Wholesale,Grocery,Enterprise,478.62,22
2026-06-11,APAC,Retail,Electronics,Consumer,852.07,30
2026-06-11,APAC,Retail,Electronics,SMB,1246.54,62
2026-06-11,APAC,Retail,Electronics,Enterprise,1135.53,68
2026-06-11,APAC,Retail,Apparel,Consumer,531.63,14
2026-06-11,APAC,Retail,Apparel,SMB,770.37,19
2026-06-11,APAC,Retail,Apparel,Enterprise,702.68,38
2026-06-11,APAC,Retail,Home Goods,Consumer,714.63,17
2026-06-11,APAC,Retail,Home Goods,SMB,1110.23,57
2026-06-11,APAC,Retail,Home Goods,Enterprise,962.24,34
2026-06-11,APAC,Retail,Grocery,Consumer,528.07,27
2026-06-11,APAC,Retail,Grocery,SMB,788.86,19
2026-06-11,APAC,Retail,Grocery,Enterprise,710.62,26
2026-06-11,APAC,Online,Electronics,Consumer,1058.93,57
2026-06-11,APAC,Online,Electronics,SMB,1112.78,55
2026-06-11,APAC,Online,Electronics,Enterprise,1199.27,27
2026-06-11,APAC,Online,Apparel,Consumer,527.18,20
2026-06-11,APAC,Online,Apparel,SMB,773.09,18
2026-06-11,APAC,Online,Apparel,Enterprise,708.57,16
2026-06-11,APAC,Online,Home Goods,Consumer,802.81,39
2026-06-11,APAC,Online,Home Goods,SMB,953.14,30
2026-06-11,APAC,Online,Home Goods,Enterprise,858.89,44
2026-06-11,APAC,Online,Grocery,Consumer,499.04,14
2026-06-11,APAC,Online,Grocery,SMB,780.52,30
2026-06-11,APAC,Online,Grocery,Enterprise,854.92,47
2026-06-11,APAC,Wholesale,Electronics,Consumer,1401.55,32
2026-06-11,APAC,Wholesale,Electronics,SMB,615.3,15
2026-06-11,APAC,Wholesale,Electronics,Enterprise,580.51,38
2026-06-11,APAC,Wholesale,Apparel,Consumer,808.19,18
2026-06-11,APAC,Wholesale,Apparel,SMB,1193.55,48
2026-06-11,APAC,Wholesale,Apparel,Enterprise,1145.36,42
2026-06-11,APAC,Wholesale,Home Goods,Consumer,1031.4,35
2026-06-11,APAC,Wholesale,Home Goods,SMB,379.23,22
2026-06-11,APAC,Wholesale,Home Goods,Enterprise,1043.62,44
2026-06-11,APAC,Wholesale,Grocery,Consumer,774.5,43
2026-06-11,APAC,Wholesale,Grocery,SMB,1195.65,45
2026-06-11,APAC,Wholesale,Grocery,Enterprise,1067.22,43
2026-06-12,North America,Retail,Electronics,Consumer,905.95,33
2026-06-12,North America,Retail,Electronics,SMB,1372.59,35
2026-06-12,North America,Retail,Electronics,Enterprise,627.72,18
2026-06-12,North America,Retail,Apparel,Consumer,651.18,29
2026-06-12,North America,Retail,Apparel,SMB,790.56,25
2026-06-12,North America,Retail,Apparel,Enterprise,828.34,26
2026-06-12,North America,Retail,Home Goods,Consumer,830.46,25
2026-06-12,North America,Retail,Home Goods,SMB,1007.93,36
2026-06-12,North America,Retail,Home Goods,Enterprise,905.67,24
2026-06-12,North America,Retail,Grocery,Consumer,566.25,15
2026-06-12,North America,Retail,Grocery,SMB,883.5,19
2026-06-12,North America,Retail,Grocery,Enterprise,818.91,52
2026-06-12,North America,Online,Electronics,Consumer,829.29,19
2026-06-12,North America,Online,Electronics,SMB,373.93,22
2026-06-12,North America,Online,Electronics,Enterprise,1121.86,27
2026-06-12,North America,Online,Apparel,Consumer,656.56,16
2026-06-12,North America,Online,Apparel,SMB,854.3,21
2026-06-12,North America,Online,Apparel,Enterprise,830.14,18
2026-06-12,North America,Online,Home Goods,Consumer,848.1,21
2026-06-12,North America,Online,Home Goods,SMB,1055.23,63
2026-06-12,North America,Online,Home Goods,Enterprise,1155.26,31
2026-06-12,North America,Online,Grocery,Consumer,699.29,26
2026-06-12,North America,Online,Grocery,SMB,1068.16,40
2026-06-12,North America,Online,Grocery,Enterprise,845.91,23
2026-06-12,North America,Wholesale,Electronics,Consumer,432.82,10
2026-06-12,North America,Wholesale,Electronics,SMB,702.7,17
2026-06-12,North America,Wholesale,Electronics,Enterprise,701.91,40
2026-06-12,North America,Wholesale,Apparel,Consumer,914.97,52
2026-06-12,North America,Wholesale,Apparel,SMB,1026.5,52
2026-06-12,North America,Wholesale,Apparel,Enterprise,1046.13,51
2026-06-12,North America,Wholesale,Home Goods,Consumer,1119.95,31
2026-06-12,North America,Wholesale,Home Goods,SMB,440.57,18
2026-06-12,North America,Wholesale,Home Goods,Enterprise,411.94,10
2026-06-12,North America,Wholesale,Grocery,Consumer,959.39,26
2026-06-12,North America,Wholesale,Grocery,SMB,1193.14,28
2026-06-12,North America,Wholesale,Grocery,Enterprise,1188.55,74
2026-06-12,Europe,Retail,Electronics,Consumer,1296.87,84
2026-06-12,Europe,Retail,Electronics,SMB,613.84,15
2026-06-12,Europe,Retail,Electronics,Enterprise,566.56,17
2026-06-12,Europe,Retail,Apparel,Consumer,731.14,18
2026-06-12,Europe,Retail,Apparel,SMB,1234.07,34
2026-06-12,Europe,Retail,Apparel,Enterprise,1021.8,36
2026-06-12,Europe,Retail,Home Goods,Consumer,1210.66,39
2026-06-12,Europe,Retail,Home Goods,SMB,547.2,12
2026-06-12,Europe,Retail,Home Goods,Enterprise,1345.51,40
2026-06-12,Europe,Retail,Grocery,Consumer,914.38,42
2026-06-12,Europe,Retail,Grocery,SMB,1224.28,38
2026-06-12,Europe,Retail,Grocery,Enterprise,1225.38,30
2026-06-12,Europe,Online,Electronics,Consumer,414.61,16
2026-06-12,Europe,Online,Electronics,SMB,625.95,18
2026-06-12,Europe,Online,Electronics,Enterprise,626.73,16
2026-06-12,Europe,Online,Apparel,Consumer,825.39,23
2026-06-12,Europe,Online,Apparel,SMB,1158.92,66
2026-06-12,Europe,Online,Apparel,Enterprise,1113.74,33
2026-06-12,Europe,Online,Home Goods,Consumer,1097.82,46
2026-06-12,Europe,Online,Home Goods,SMB,460.66,14
2026-06-12,Europe,Online,Home Goods,Enterprise,1427.49,37
2026-06-12,Europe,Online,Grocery,Consumer,922.05,37
2026-06-12,Europe,Online,Grocery,SMB,1039.91,65
2026-06-12,Europe,Online,Grocery,Enterprise,1057.06,45
2026-06-12,Europe,Wholesale,Electronics,Consumer,792.4,24
2026-06-12,Europe,Wholesale,Electronics,SMB,985.91,25
2026-06-12,Europe,Wholesale,Electronics,Enterprise,994.15,22
2026-06-12,Europe,Wholesale,Apparel,Consumer,1204.25,78
2026-06-12,Europe,Wholesale,Apparel,SMB,540.21,20
2026-06-12,Europe,Wholesale,Apparel,Enterprise,519.23,24
2026-06-12,Europe,Wholesale,Home Goods,Consumer,505.75,11
2026-06-12,Europe,Wholesale,Home Goods,SMB,685.74,19
2026-06-12,Europe,Wholesale,Home Goods,Enterprise,766.09,20
2026-06-12,Europe,Wholesale,Grocery,Consumer,1259.54,69
2026-06-12,Europe,Wholesale,Grocery,SMB,594.44,18
2026-06-12,Europe,Wholesale,Grocery,Enterprise,493.97,18
2026-06-12,APAC,Retail,Electronics,Consumer,821.9,34
2026-06-12,APAC,Retail,Electronics,SMB,1131.59,57
2026-06-12,APAC,Retail,Electronics,Enterprise,973.75,54
2026-06-12,APAC,Retail,Apparel,Consumer,530.54,14
2026-06-12,APAC,Retail,Apparel,SMB,879.09,25
2026-06-12,APAC,Retail,Apparel,Enterprise,654.18,17
2026-06-12,APAC,Retail,Home Goods,Consumer,815.28,26
2026-06-12,APAC,Retail,Home Goods,SMB,1194.62,32
2026-06-12,APAC,Retail,Home Goods,Enterprise,846.38,33
2026-06-12,APAC,Retail,Grocery,Consumer,452.89,11
2026-06-12,APAC,Retail,Grocery,SMB,782.3,19
2026-06-12,APAC,Retail,Grocery,Enterprise,793.82,28
2026-06-12,APAC,Online,Electronics,Consumer,1054.7,39
2026-06-12,APAC,Online,Electronics,SMB,1126.92,52
2026-06-12,APAC,Online,Electronics,Enterprise,1137.68,58
2026-06-12,APAC,Online,Apparel,Consumer,504.6,14
2026-06-12,APAC,Online,Apparel,SMB,681.77,35
2026-06-12,APAC,Online,Apparel,Enterprise,729.64,17
2026-06-12,APAC,Online,Home Goods,Consumer,589.99,15
2026-06-12,APAC,Online,Home Goods,SMB,958.18,54
2026-06-12,APAC,Online,Home Goods,Enterprise,1006.86,23
2026-06-12,APAC,Online,Grocery,Consumer,557.78,28
2026-06-12,APAC,Online,Grocery,SMB,807.29,45
2026-06-12,APAC,Online,Grocery,Enterprise,806.0,39
2026-06-12,APAC,Wholesale,Electronics,Consumer,1282.8,43
2026-06-12,APAC,Wholesale,Electronics,SMB,613.97,27
2026-06-12,APAC,Wholesale,Electronics,Enterprise,633.47,32
2026-06-12,APAC,Wholesale,Apparel,Consumer,766.33,40
2026-06-12,APAC,Wholesale,Apparel,SMB,1092.95,26
2026-06-12,APAC,Wholesale,Apparel,Enterprise,1037.03,38
2026-06-12,APAC,Wholesale,Home Goods,Consumer,1175.65,62
2026-06-12,APAC,Wholesale,Home Goods,SMB,378.53,14
2026-06-12,APAC,Wholesale,Home Goods,Enterprise,1411.65,53
2026-06-12,APAC,Wholesale,Grocery,Consumer,716.3,20
2026-06-12,APAC,Wholesale,Grocery,SMB,1066.95,25
2026-06-12,APAC,Wholesale,Grocery,Enterprise,1066.51,30
2026-06-13,North America,Retail,Electronics,Consumer,932.08,25
2026-06-13,North America,Retail,Electronics,SMB,1196.36,53
2026-06-13,North America,Retail,Electronics,Enterprise,679.46,16
2026-06-13,North America,Retail,Apparel,Consumer,573.73,24
2026-06-13,North America,Retail,Apparel,SMB,898.92,52
2026-06-13,North America,Retail,Apparel,Enterprise,845.62,31
2026-06-13,North America,Retail,Home Goods,Consumer,775.33,26
2026-06-13,North America,Retail,Home Goods,SMB,1094.03,31
2026-06-13,North America,Retail,Home Goods,Enterprise,1089.57,61
2026-06-13,North America,Retail,Grocery,Consumer,569.43,15
2026-06-13,North America,Retail,Grocery,SMB,1021.75,26
2026-06-13,North America,Retail,Grocery,Enterprise,741.0,35
2026-06-13,North America,Online,Electronics,Consumer,987.12,21
2026-06-13,North America,Online,Electronics,SMB,427.79,14
2026-06-13,North America,Online,Electronics,Enterprise,1200.85,51
2026-06-13,North America,Online,Apparel,Consumer,532.32,32
2026-06-13,North America,Online,Apparel,SMB,908.53,26
2026-06-13,North America,Online,Apparel,Enterprise,855.53,34
2026-06-13,North America,Online,Home Goods,Consumer,892.84,33
2026-06-13,North America,Online,Home Goods,SMB,1112.1,25
2026-06-13,North America,Online,Home Goods,Enterprise,964.22,33
2026-06-13,North America,Online,Grocery,Consumer,644.24,38
2026-06-13,North America,Online,Grocery,SMB,1005.38,28
2026-06-13,North America,Online,Grocery,Enterprise,698.81,30
2026-06-13,North America,Wholesale,Electronics,Consumer,430.32,25
2026-06-13,North America,Wholesale,Electronics,SMB,703.83,25
2026-06-13,North America,Wholesale,Electronics,Enterprise,628.34,15
2026-06-13,North America,Wholesale,Apparel,Consumer,1010.68,32
2026-06-13,North America,Wholesale,Apparel,SMB,1148.49,28
2026-06-13,North America,Wholesale,Apparel,Enterprise,1054.49,59
2026-06-13,North America,Wholesale,Home Goods,Consumer,1193.18,31
2026-06-13,North America,Wholesale,Home Goods,SMB,486.46,24
2026-06-13,North America,Wholesale,Home Goods,Enterprise,417.62,14
2026-06-13,North America,Wholesale,Grocery,Consumer,986.54,27
2026-06-13,North America,Wholesale,Grocery,SMB,1285.31,50
2026-06-13,North America,Wholesale,Grocery,Enterprise,1255.96,35
2026-06-13,Europe,Retail,Electronics,Consumer,1284.76,33
2026-06-13,Europe,Retail,Electronics,SMB,682.92,20
2026-06-13,Europe,Retail,Electronics,Enterprise,672.87,20
2026-06-13,Europe,Retail,Apparel,Consumer,905.87,36
2026-06-13,Europe,Retail,Apparel,SMB,1354.89,36
2026-06-13,Europe,Retail,Apparel,Enterprise,1053.67,28
2026-06-13,Europe,Retail,Home Goods,Consumer,1061.93,36
2026-06-13,Europe,Retail,Home Goods,SMB,483.38,24
2026-06-13,Europe,Retail,Home Goods,Enterprise,1328.48,30
2026-06-13,Europe,Retail,Grocery,Consumer,853.97,31
2026-06-13,Europe,Retail,Grocery,SMB,1154.09,40
2026-06-13,Europe,Retail,Grocery,Enterprise,1092.03,27
2026-06-13,Europe,Online,Electronics,Consumer,424.61,9
2026-06-13,Europe,Online,Electronics,SMB,724.33,40
2026-06-13,Europe,Online,Electronics,Enterprise,639.71,23
2026-06-13,Europe,Online,Apparel,Consumer,1050.01,33
2026-06-13,Europe,Online,Apparel,SMB,1188.83,46
2026-06-13,Europe,Online,Apparel,Enterprise,1147.37,26
2026-06-13,Europe,Online,Home Goods,Consumer,1198.15,77
2026-06-13,Europe,Online,Home Goods,SMB,459.33,11
2026-06-13,Europe,Online,Home Goods,Enterprise,1519.26,50
2026-06-13,Europe,Online,Grocery,Consumer,899.3,21
2026-06-13,Europe,Online,Grocery,SMB,1123.74,39
2026-06-13,Europe,Online,Grocery,Enterprise,976.41,35
2026-06-13,Europe,Wholesale,Electronics,Consumer,675.92,22
2026-06-13,Europe,Wholesale,Electronics,SMB,1081.19,28
2026-06-13,Europe,Wholesale,Electronics,Enterprise,967.09,34
2026-06-13,Europe,Wholesale,Apparel,Consumer,1219.4,60
2026-06-13,Europe,Wholesale,Apparel,SMB,516.38,19
2026-06-13,Europe,Wholesale,Apparel,Enterprise,466.24,11
2026-06-13,Europe,Wholesale,Home Goods,Consumer,488.68,20
2026-06-13,Europe,Wholesale,Home Goods,SMB,724.43,21
2026-06-13,Europe,Wholesale,Home Goods,Enterprise,818.98,18
2026-06-13,Europe,Wholesale,Grocery,Consumer,1116.97,28
2026-06-13,Europe,Wholesale,Grocery,SMB,638.86,19
2026-06-13,Europe,Wholesale,Grocery,Enterprise,552.29,20
2026-06-13,APAC,Retail,Electronics,Consumer,822.3,19
2026-06-13,APAC,Retail,Electronics,SMB,1234.71,68
2026-06-13,APAC,Retail,Electronics,Enterprise,1046.83,65
2026-06-13,APAC,Retail,Apparel,Consumer,529.56,22
2026-06-13,APAC,Retail,Apparel,SMB,753.43,26
2026-06-13,APAC,Retail,Apparel,Enterprise,743.67,28
2026-06-13,APAC,Retail,Home Goods,Consumer,757.21,40
2026-06-13,APAC,Retail,Home Goods,SMB,1103.31,25
2026-06-13,APAC,Retail,Home Goods,Enterprise,1015.13,25
2026-06-13,APAC,Retail,Grocery,Consumer,510.37,14
2026-06-13,APAC,Retail,Grocery,SMB,814.55,31
2026-06-13,APAC,Retail,Grocery,Enterprise,738.64,34
2026-06-13,APAC,Online,Electronics,Consumer,920.12,40
2026-06-13,APAC,Online,Electronics,SMB,1433.78,35
2026-06-13,APAC,Online,Electronics,Enterprise,1193.02,53
2026-06-13,APAC,Online,Apparel,Consumer,474.06,11
2026-06-13,APAC,Online,Apparel,SMB,787.31,40
2026-06-13,APAC,Online,Apparel,Enterprise,733.27,27
2026-06-13,APAC,Online,Home Goods,Consumer,783.56,23
2026-06-13,APAC,Online,Home Goods,SMB,882.82,35
2026-06-13,APAC,Online,Home Goods,Enterprise,1183.5,53
2026-06-13,APAC,Online,Grocery,Consumer,502.74,11
2026-06-13,APAC,Online,Grocery,SMB,852.22,21
2026-06-13,APAC,Online,Grocery,Enterprise,830.75,21
2026-06-13,APAC,Wholesale,Electronics,Consumer,1224.82,35
2026-06-13,APAC,Wholesale,Electronics,SMB,641.09,14
2026-06-13,APAC,Wholesale,Electronics,Enterprise,631.74,20
2026-06-13,APAC,Wholesale,Apparel,Consumer,962.22,34
2026-06-13,APAC,Wholesale,Apparel,SMB,1246.07,41
2026-06-13,APAC,Wholesale,Apparel,Enterprise,1135.17,33
2026-06-13,APAC,Wholesale,Home Goods,Consumer,1092.81,32
2026-06-13,APAC,Wholesale,Home Goods,SMB,373.83,16
2026-06-13,APAC,Wholesale,Home Goods,Enterprise,1036.75,49
2026-06-13,APAC,Wholesale,Grocery,Consumer,801.54,45
2026-06-13,APAC,Wholesale,Grocery,SMB,1019.6,31
2026-06-13,APAC,Wholesale,Grocery,Enterprise,1115.14,70
2026-06-14,North America,Retail,Electronics,Consumer,968.76,55
2026-06-14,North America,Retail,Electronics,SMB,1073.35,40
2026-06-14,North America,Retail,Electronics,Enterprise,675.12,23
2026-06-14,North America,Retail,Apparel,Consumer,554.53,16
2026-06-14,North America,Retail,Apparel,SMB,828.96,19
2026-06-14,North America,Retail,Apparel,Enterprise,828.49,34
2026-06-14,North America,Retail,Home Goods,Consumer,756.0,19
2026-06-14,North America,Retail,Home Goods,SMB,1070.63,27
2026-06-14,North America,Retail,Home Goods,Enterprise,1031.24,44
2026-06-14,North America,Retail,Grocery,Consumer,531.03,12
2026-06-14,North America,Retail,Grocery,SMB,812.86,25
2026-06-14,North America,Retail,Grocery,Enterprise,747.32,41
2026-06-14,North America,Online,Electronics,Consumer,914.65,50
2026-06-14,North America,Online,Electronics,SMB,414.02,17
2026-06-14,North America,Online,Electronics,Enterprise,1268.36,42
2026-06-14,North America,Online,Apparel,Consumer,570.35,22
2026-06-14,North America,Online,Apparel,SMB,901.3,30
2026-06-14,North America,Online,Apparel,Enterprise,742.11,47
2026-06-14,North America,Online,Home Goods,Consumer,953.17,55
2026-06-14,North America,Online,Home Goods,SMB,1187.29,33
2026-06-14,North America,Online,Home Goods,Enterprise,969.87,22
2026-06-14,North America,Online,Grocery,Consumer,634.64,16
2026-06-14,North America,Online,Grocery,SMB,891.32,43
2026-06-14,North America,Online,Grocery,Enterprise,826.45,25
2026-06-14,North America,Wholesale,Electronics,Consumer,433.03,9
2026-06-14,North America,Wholesale,Electronics,SMB,712.93,15
2026-06-14,North America,Wholesale,Electronics,Enterprise,581.29,18
2026-06-14,North America,Wholesale,Apparel,Consumer,912.05,46
2026-06-14,North America,Wholesale,Apparel,SMB,1172.71,56
2026-06-14,North America,Wholesale,Apparel,Enterprise,911.42,57
2026-06-14,North America,Wholesale,Home Goods,Consumer,1232.74,62
2026-06-14,North America,Wholesale,Home Goods,SMB,515.02,12
2026-06-14,North America,Wholesale,Home Goods,Enterprise,457.45,18
2026-06-14,North America,Wholesale,Grocery,Consumer,958.14,44
2026-06-14,North America,Wholesale,Grocery,SMB,1174.12,50
2026-06-14,North America,Wholesale,Grocery,Enterprise,923.44,31
2026-06-14,Europe,Retail,Electronics,Consumer,1387.87,43
2026-06-14,Europe,Retail,Electronics,SMB,663.45,27
2026-06-14,Europe,Retail,Electronics,Enterprise,607.28,19
2026-06-14,Europe,Retail,Apparel,Consumer,777.71,28
2026-06-14,Europe,Retail,Apparel,SMB,1159.68,32
2026-06-14,Europe,Retail,Apparel,Enterprise,1120.46,26
2026-06-14,Europe,Retail,Home Goods,Consumer,1065.22,32
2026-06-14,Europe,Retail,Home Goods,SMB,500.38,13
2026-06-14,Europe,Retail,Home Goods,Enterprise,1225.49,28
2026-06-14,Europe,Retail,Grocery,Consumer,995.91,33
2026-06-14,Europe,Retail,Grocery,SMB,1234.34,32
2026-06-14,Europe,Retail,Grocery,Enterprise,1031.37,26
2026-06-14,Europe,Online,Electronics,Consumer,368.66,13
2026-06-14,Europe,Online,Electronics,SMB,629.95,19
2026-06-14,Europe,Online,Electronics,Enterprise,564.24,33
2026-06-14,Europe,Online,Apparel,Consumer,931.46,46
2026-06-14,Europe,Online,Apparel,SMB,1251.07,38
2026-06-14,Europe,Online,Apparel,Enterprise,1096.67,46
2026-06-14,Europe,Online,Home Goods,Consumer,1143.95,26
2026-06-14,Europe,Online,Home Goods,SMB,420.25,16
2026-06-14,Europe,Online,Home Goods,Enterprise,1363.3,55
2026-06-14,Europe,Online,Grocery,Consumer,892.33,23
2026-06-14,Europe,Online,Grocery,SMB,1143.31,32
2026-06-14,Europe,Online,Grocery,Enterprise,1123.57,42
2026-06-14,Europe,Wholesale,Electronics,Consumer,724.42,29
2026-06-14,Europe,Wholesale,Electronics,SMB,960.8,62
2026-06-14,Europe,Wholesale,Electronics,Enterprise,892.32,22
2026-06-14,Europe,Wholesale,Apparel,Consumer,1274.01,30
2026-06-14,Europe,Wholesale,Apparel,SMB,521.84,15
2026-06-14,Europe,Wholesale,Apparel,Enterprise,479.27,15
2026-06-14,Europe,Wholesale,Home Goods,Consumer,531.03,15
2026-06-14,Europe,Wholesale,Home Goods,SMB,817.62,19
2026-06-14,Europe,Wholesale,Home Goods,Enterprise,732.43,17
2026-06-14,Europe,Wholesale,Grocery,Consumer,1173.74,42
2026-06-14,Europe,Wholesale,Grocery,SMB,586.59,23
2026-06-14,Europe,Wholesale,Grocery,Enterprise,479.93,22
2026-06-14,APAC,Retail,Electronics,Consumer,978.02,21
2026-06-14,APAC,Retail,Electronics,SMB,1121.57,40
2026-06-14,APAC,Retail,Electronics,Enterprise,1202.5,48
2026-06-14,APAC,Retail,Apparel,Consumer,528.61,19
2026-06-14,APAC,Retail,Apparel,SMB,746.91,21
2026-06-14,APAC,Retail,Apparel,Enterprise,702.08,17
2026-06-14,APAC,Retail,Home Goods,Consumer,864.16,36
2026-06-14,APAC,Retail,Home Goods,SMB,1003.45,24
2026-06-14,APAC,Retail,Home Goods,Enterprise,815.85,19
2026-06-14,APAC,Retail,Grocery,Consumer,585.0,36
2026-06-14,APAC,Retail,Grocery,SMB,799.81,44
2026-06-14,APAC,Retail,Grocery,Enterprise,728.13,18
2026-06-14,APAC,Online,Electronics,Consumer,942.78,25
2026-06-14,APAC,Online,Electronics,SMB,1156.94,42
2026-06-14,APAC,Online,Electronics,Enterprise,1090.18,32
2026-06-14,APAC,Online,Apparel,Consumer,502.6,18
2026-06-14,APAC,Online,Apparel,SMB,773.82,19
2026-06-14,APAC,Online,Apparel,Enterprise,667.47,15
2026-06-14,APAC,Online,Home Goods,Consumer,780.36,23
2026-06-14,APAC,Online,Home Goods,SMB,1075.62,67
2026-06-14,APAC,Online,Home Goods,Enterprise,962.52,53
2026-06-14,APAC,Online,Grocery,Consumer,538.84,21
2026-06-14,APAC,Online,Grocery,SMB,792.22,39
2026-06-14,APAC,Online,Grocery,Enterprise,690.69,33
2026-06-14,APAC,Wholesale,Electronics,Consumer,1351.8,32
2026-06-14,APAC,Wholesale,Electronics,SMB,625.08,13
2026-06-14,APAC,Wholesale,Electronics,Enterprise,671.23,29
2026-06-14,APAC,Wholesale,Apparel,Consumer,779.99,20
2026-06-14,APAC,Wholesale,Apparel,SMB,1282.12,74
2026-06-14,APAC,Wholesale,Apparel,Enterprise,1177.26,47
2026-06-14,APAC,Wholesale,Home Goods,Consumer,940.4,40
2026-06-14,APAC,Wholesale,Home Goods,SMB,398.09,19
2026-06-14,APAC,Wholesale,Home Goods,Enterprise,1344.24,71
2026-06-14,APAC,Wholesale,Grocery,Consumer,913.95,22
2026-06-14,APAC,Wholesale,Grocery,SMB,1141.63,25
2026-06-14,APAC,Wholesale,Grocery,Enterprise,890.16,32
2026-06-15,North America,Retail,Electronics,Consumer,977.73,31
2026-06-15,North America,Retail,Electronics,SMB,1316.43,40
2026-06-15,North America,Retail,Electronics,Enterprise,598.14,24
2026-06-15,North America,Retail,Apparel,Consumer,471.44,12
2026-06-15,North America,Retail,Apparel,SMB,869.16,36
2026-06-15,North America,Retail,Apparel,Enterprise,841.02,48
2026-06-15,North America,Retail,Home Goods,Consumer,681.25,19
2026-06-15,North America,Retail,Home Goods,SMB,1021.63,27
2026-06-15,North America,Retail,Home Goods,Enterprise,1024.96,23
2026-06-15,North America,Retail,Grocery,Consumer,619.64,36
2026-06-15,North America,Retail,Grocery,SMB,932.13,23
2026-06-15,North America,Retail,Grocery,Enterprise,817.74,39
2026-06-15,North America,Online,Electronics,Consumer,1065.25,32
2026-06-15,North America,Online,Electronics,SMB,416.47,13
2026-06-15,North America,Online,Electronics,Enterprise,1339.14,54
2026-06-15,North America,Online,Apparel,Consumer,521.76,18
2026-06-15,North America,Online,Apparel,SMB,911.52,21
2026-06-15,North America,Online,Apparel,Enterprise,858.15,39
2026-06-15,North America,Online,Home Goods,Consumer,692.12,16
2026-06-15,North America,Online,Home Goods,SMB,1267.89,41
2026-06-15,North America,Online,Home Goods,Enterprise,1029.87,44
2026-06-15,North America,Online,Grocery,Consumer,574.32,28
2026-06-15,North America,Online,Grocery,SMB,836.65,24
2026-06-15,North America,Online,Grocery,Enterprise,941.72,48
2026-06-15,North America,Wholesale,Electronics,Consumer,481.46,21
2026-06-15,North America,Wholesale,Electronics,SMB,654.99,15
2026-06-15,North America,Wholesale,Electronics,Enterprise,657.85,18
2026-06-15,North America,Wholesale,Apparel,Consumer,918.04,32
2026-06-15,North America,Wholesale,Apparel,SMB,1162.83,66
2026-06-15,North America,Wholesale,Apparel,Enterprise,1318.07,47
2026-06-15,North America,Wholesale,Home Goods,Consumer,1188.2,39
2026-06-15,North America,Wholesale,Home Goods,SMB,546.94,32
2026-06-15,North America,Wholesale,Home Goods,Enterprise,436.75,12
2026-06-15,North America,Wholesale,Grocery,Consumer,957.2,25
2026-06-15,North America,Wholesale,Grocery,SMB,1134.83,41
2026-06-15,North America,Wholesale,Grocery,Enterprise,1172.48,35
2026-06-15,Europe,Retail,Electronics,Consumer,1177.13,42
2026-06-15,Europe,Retail,Electronics,SMB,666.31,18
2026-06-15,Europe,Retail,Electronics,Enterprise,534.36,24
2026-06-15,Europe,Retail,Apparel,Consumer,720.04,43
2026-06-15,Europe,Retail,Apparel,SMB,1209.96,71
2026-06-15,Europe,Retail,Apparel,Enterprise,1085.99,60
2026-06-15,Europe,Retail,Home Goods,Consumer,1099.75,30
2026-06-15,Europe,Retail,Home Goods,SMB,515.09,19
2026-06-15,Europe,Retail,Home Goods,Enterprise,1430.57,34
2026-06-15,Europe,Retail,Grocery,Consumer,948.09,41
2026-06-15,Europe,Retail,Grocery,SMB,1206.83,47
2026-06-15,Europe,Retail,Grocery,Enterprise,1240.58,52
2026-06-15,Europe,Online,Electronics,Consumer,357.18,20
2026-06-15,Europe,Online,Electronics,SMB,631.5,20
2026-06-15,Europe,Online,Electronics,Enterprise,595.91,24
2026-06-15,Europe,Online,Apparel,Consumer,787.28,18
2026-06-15,Europe,Online,Apparel,SMB,1149.69,67
2026-06-15,Europe,Online,Apparel,Enterprise,1149.63,55
2026-06-15,Europe,Online,Home Goods,Consumer,1124.85,73
2026-06-15,Europe,Online,Home Goods,SMB,455.81,15
2026-06-15,Europe,Online,Home Goods,Enterprise,1266.26,55
2026-06-15,Europe,Online,Grocery,Consumer,922.19,53
2026-06-15,Europe,Online,Grocery,SMB,1087.39,33
2026-06-15,Europe,Online,Grocery,Enterprise,941.85,21
2026-06-15,Europe,Wholesale,Electronics,Consumer,661.3,29
2026-06-15,Europe,Wholesale,Electronics,SMB,954.74,52
2026-06-15,Europe,Wholesale,Electronics,Enterprise,972.5,21
2026-06-15,Europe,Wholesale,Apparel,Consumer,1070.0,26
2026-06-15,Europe,Wholesale,Apparel,SMB,536.09,27
2026-06-15,Europe,Wholesale,Apparel,Enterprise,490.22,27
2026-06-15,Europe,Wholesale,Home Goods,Consumer,482.81,16
2026-06-15,Europe,Wholesale,Home Goods,SMB,883.79,23
2026-06-15,Europe,Wholesale,Home Goods,Enterprise,762.22,25
2026-06-15,Europe,Wholesale,Grocery,Consumer,1198.24,46
2026-06-15,Europe,Wholesale,Grocery,SMB,628.49,17
2026-06-15,Europe,Wholesale,Grocery,Enterprise,519.28,12
2026-06-15,APAC,Retail,Electronics,Consumer,971.98,23
2026-06-15,APAC,Retail,Electronics,SMB,1039.09,31
2026-06-15,APAC,Retail,Electronics,Enterprise,1269.41,34
2026-06-15,APAC,Retail,Apparel,Consumer,551.48,35
2026-06-15,APAC,Retail,Apparel,SMB,916.83,26
2026-06-15,APAC,Retail,Apparel,Enterprise,708.73,36
2026-06-15,APAC,Retail,Home Goods,Consumer,690.99,18
2026-06-15,APAC,Retail,Home Goods,SMB,1017.83,23
2026-06-15,APAC,Retail,Home Goods,Enterprise,868.51,41
2026-06-15,APAC,Retail,Grocery,Consumer,587.43,13
2026-06-15,APAC,Retail,Grocery,SMB,706.14,17
2026-06-15,APAC,Retail,Grocery,Enterprise,627.49,17
2026-06-15,APAC,Online,Electronics,Consumer,1020.13,23
2026-06-15,APAC,Online,Electronics,SMB,1171.14,38
2026-06-15,APAC,Online,Electronics,Enterprise,1152.49,27
2026-06-15,APAC,Online,Apparel,Consumer,576.83,21
2026-06-15,APAC,Online,Apparel,SMB,620.13,25
2026-06-15,APAC,Online,Apparel,Enterprise,820.43,50
2026-06-15,APAC,Online,Home Goods,Consumer,685.21,20
2026-06-15,APAC,Online,Home Goods,SMB,1011.58,36
2026-06-15,APAC,Online,Home Goods,Enterprise,759.97,19
2026-06-15,APAC,Online,Grocery,Consumer,568.45,24
2026-06-15,APAC,Online,Grocery,SMB,894.61,25
2026-06-15,APAC,Online,Grocery,Enterprise,736.55,25
2026-06-15,APAC,Wholesale,Electronics,Consumer,1427.7,42
2026-06-15,APAC,Wholesale,Electronics,SMB,764.51,21
2026-06-15,APAC,Wholesale,Electronics,Enterprise,572.24,14
2026-06-15,APAC,Wholesale,Apparel,Consumer,885.93,57
2026-06-15,APAC,Wholesale,Apparel,SMB,1186.43,36
2026-06-15,APAC,Wholesale,Apparel,Enterprise,1064.39,64
2026-06-15,APAC,Wholesale,Home Goods,Consumer,1027.15,29
2026-06-15,APAC,Wholesale,Home Goods,SMB,475.07,31
2026-06-15,APAC,Wholesale,Home Goods,Enterprise,1270.15,54
2026-06-15,APAC,Wholesale,Grocery,Consumer,919.59,22
2026-06-15,APAC,Wholesale,Grocery,SMB,1058.95,53
2026-06-15,APAC,Wholesale,Grocery,Enterprise,942.85,53
2026-06-16,North America,Retail,Electronics,Consumer,982.05,46
2026-06-16,North America,Retail,Electronics,SMB,1640.77,50
2026-06-16,North America,Retail,Electronics,Enterprise,709.75,24
2026-06-16,North America,Retail,Apparel,Consumer,594.81,23
2026-06-16,North America,Retail,Apparel,SMB,898.08,32
2026-06-16,North America,Retail,Apparel,Enterprise,708.49,16
2026-06-16,North America,Retail,Home Goods,Consumer,843.79,35
2026-06-16,North America,Retail,Home Goods,SMB,1124.06,46
2026-06-16,North America,Retail,Home Goods,Enterprise,903.23,36
2026-06-16,North America,Retail,Grocery,Consumer,572.67,17
2026-06-16,North America,Retail,Grocery,SMB,863.83,45
2026-06-16,North America,Retail,Grocery,Enterprise,774.31,24
2026-06-16,North America,Online,Electronics,Consumer,1010.1,31
2026-06-16,North America,Online,Electronics,SMB,415.94,12
2026-06-16,North America,Online,Electronics,Enterprise,1142.08,27
2026-06-16,North America,Online,Apparel,Consumer,570.14,20
2026-06-16,North America,Online,Apparel,SMB,913.14,37
2026-06-16,North America,Online,Apparel,Enterprise,848.61,19
2026-06-16,North America,Online,Home Goods,Consumer,790.1,28
2026-06-16,North America,Online,Home Goods,SMB,993.76,35
2026-06-16,North America,Online,Home Goods,Enterprise,1003.66,31
2026-06-16,North America,Online,Grocery,Consumer,611.13,13
2026-06-16,North America,Online,Grocery,SMB,782.25,23
2026-06-16,North America,Online,Grocery,Enterprise,870.38,36
2026-06-16,North America,Wholesale,Electronics,Consumer,441.95,23
2026-06-16,North America,Wholesale,Electronics,SMB,791.14,25
2026-06-16,North America,Wholesale,Electronics,Enterprise,613.11,16
2026-06-16,North America,Wholesale,Apparel,Consumer,877.92,32
2026-06-16,North America,Wholesale,Apparel,SMB,1175.52,29
2026-06-16,North America,Wholesale,Apparel,Enterprise,1120.58,27
2026-06-16,North America,Wholesale,Home Goods,Consumer,1096.82,65
2026-06-16,North America,Wholesale,Home Goods,SMB,511.36,12
2026-06-16,North America,Wholesale,Home Goods,Enterprise,420.39,23
2026-06-16,North America,Wholesale,Grocery,Consumer,870.16,36
2026-06-16,North America,Wholesale,Grocery,SMB,1120.03,66
2026-06-16,North America,Wholesale,Grocery,Enterprise,1146.48,30
2026-06-16,Europe,Retail,Electronics,Consumer,1218.25,73
2026-06-16,Europe,Retail,Electronics,SMB,598.9,28
2026-06-16,Europe,Retail,Electronics,Enterprise,658.38,22
2026-06-16,Europe,Retail,Apparel,Consumer,946.71,43
2026-06-16,Europe,Retail,Apparel,SMB,1059.71,44
2026-06-16,Europe,Retail,Apparel,Enterprise,921.38,37
2026-06-16,Europe,Retail,Home Goods,Consumer,1091.83,36
2026-06-16,Europe,Retail,Home Goods,SMB,463.71,13
2026-06-16,Europe,Retail,Home Goods,Enterprise,1295.66,39
2026-06-16,Europe,Retail,Grocery,Consumer,880.39,47
2026-06-16,Europe,Retail,Grocery,SMB,1213.56,41
2026-06-16,Europe,Retail,Grocery,Enterprise,1126.8,28
2026-06-16,Europe,Online,Electronics,Consumer,389.84,20
2026-06-16,Europe,Online,Electronics,SMB,688.38,25
2026-06-16,Europe,Online,Electronics,Enterprise,703.32,17
2026-06-16,Europe,Online,Apparel,Consumer,848.14,27
2026-06-16,Europe,Online,Apparel,SMB,1204.26,29
2026-06-16,Europe,Online,Apparel,Enterprise,957.91,28
2026-06-16,Europe,Online,Home Goods,Consumer,973.44,47
2026-06-16,Europe,Online,Home Goods,SMB,489.95,12
2026-06-16,Europe,Online,Home Goods,Enterprise,1264.07,33
2026-06-16,Europe,Online,Grocery,Consumer,847.83,27
2026-06-16,Europe,Online,Grocery,SMB,1089.66,31
2026-06-16,Europe,Online,Grocery,Enterprise,1107.84,25
2026-06-16,Europe,Wholesale,Electronics,Consumer,633.7,23
2026-06-16,Europe,Wholesale,Electronics,SMB,1006.25,28
2026-06-16,Europe,Wholesale,Electronics,Enterprise,992.49,35
2026-06-16,Europe,Wholesale,Apparel,Consumer,1242.28,78
2026-06-16,Europe,Wholesale,Apparel,SMB,507.05,33
2026-06-16,Europe,Wholesale,Apparel,Enterprise,507.57,21
2026-06-16,Europe,Wholesale,Home Goods,Consumer,452.67,13
2026-06-16,Europe,Wholesale,Home Goods,SMB,681.72,41
2026-06-16,Europe,Wholesale,Home Goods,Enterprise,840.95,28
2026-06-16,Europe,Wholesale,Grocery,Consumer,1066.86,29
2026-06-16,Europe,Wholesale,Grocery,SMB,562.72,21
2026-06-16,Europe,Wholesale,Grocery,Enterprise,631.15,15
2026-06-16,APAC,Retail,Electronics,Consumer,878.69,24
2026-06-16,APAC,Retail,Electronics,SMB,1229.16,46
2026-06-16,APAC,Retail,Electronics,Enterprise,1287.37,50
2026-06-16,APAC,Retail,Apparel,Consumer,533.94,14
2026-06-16,APAC,Retail,Apparel,SMB,739.5,19
2026-06-16,APAC,Retail,Apparel,Enterprise,801.72,34
2026-06-16,APAC,Retail,Home Goods,Consumer,738.95,27
2026-06-16,APAC,Retail,Home Goods,SMB,948.1,22
2026-06-16,APAC,Retail,Home Goods,Enterprise,902.87,30
2026-06-16,APAC,Retail,Grocery,Consumer,500.23,14
2026-06-16,APAC,Retail,Grocery,SMB,682.39,17
2026-06-16,APAC,Retail,Grocery,Enterprise,683.15,22
2026-06-16,APAC,Online,Electronics,Consumer,999.37,22
2026-06-16,APAC,Online,Electronics,SMB,1298.53,51
2026-06-16,APAC,Online,Electronics,Enterprise,1095.82,67
2026-06-16,APAC,Online,Apparel,Consumer,486.81,12
2026-06-16,APAC,Online,Apparel,SMB,812.52,44
2026-06-16,APAC,Online,Apparel,Enterprise,750.09,17
2026-06-16,APAC,Online,Home Goods,Consumer,640.23,14
2026-06-16,APAC,Online,Home Goods,SMB,1041.37,26
2026-06-16,APAC,Online,Home Goods,Enterprise,945.91,22
2026-06-16,APAC,Online,Grocery,Consumer,505.62,25
2026-06-16,APAC,Online,Grocery,SMB,904.85,32
2026-06-16,APAC,Online,Grocery,Enterprise,686.99,40
2026-06-16,APAC,Wholesale,Electronics,Consumer,1233.72,30
2026-06-16,APAC,Wholesale,Electronics,SMB,637.32,37
2026-06-16,APAC,Wholesale,Electronics,Enterprise,590.36,14
2026-06-16,APAC,Wholesale,Apparel,Consumer,743.19,17
2026-06-16,APAC,Wholesale,Apparel,SMB,1056.21,40
2026-06-16,APAC,Wholesale,Apparel,Enterprise,1163.99,26
2026-06-16,APAC,Wholesale,Home Goods,Consumer,1007.46,44
2026-06-16,APAC,Wholesale,Home Goods,SMB,429.49,15
2026-06-16,APAC,Wholesale,Home Goods,Enterprise,1255.68,63
2026-06-16,APAC,Wholesale,Grocery,Consumer,900.73,22
2026-06-16,APAC,Wholesale,Grocery,SMB,1159.44,35
2026-06-16,APAC,Wholesale,Grocery,Enterprise,1016.86,30
2026-06-17,North America,Retail,Electronics,Consumer,990.15,25
2026-06-17,North America,Retail,Electronics,SMB,1237.85,29
2026-06-17,North America,Retail,Electronics,Enterprise,641.29,20
2026-06-17,North America,Retail,Apparel,Consumer,615.63,35
2026-06-17,North America,Retail,Apparel,SMB,905.07,21
2026-06-17,North America,Retail,Apparel,Enterprise,886.17,25
2026-06-17,North America,Retail,Home Goods,Consumer,681.62,21
2026-06-17,North America,Retail,Home Goods,SMB,1088.94,37
2026-06-17,North America,Retail,Home Goods,Enterprise,948.48,29
2026-06-17,North America,Retail,Grocery,Consumer,654.47,34
2026-06-17,North America,Retail,Grocery,SMB,951.07,36
2026-06-17,North America,Retail,Grocery,Enterprise,842.17,49
2026-06-17,North America,Online,Electronics,Consumer,1146.8,47
2026-06-17,North America,Online,Electronics,SMB,429.55,23
2026-06-17,North America,Online,Electronics,Enterprise,1250.3,50
2026-06-17,North America,Online,Apparel,Consumer,645.8,29
2026-06-17,North America,Online,Apparel,SMB,1010.65,44
2026-06-17,North America,Online,Apparel,Enterprise,743.53,20
2026-06-17,North America,Online,Home Goods,Consumer,926.04,21
2026-06-17,North America,Online,Home Goods,SMB,1162.08,67
2026-06-17,North America,Online,Home Goods,Enterprise,877.74,20
2026-06-17,North America,Online,Grocery,Consumer,561.77,18
2026-06-17,North America,Online,Grocery,SMB,867.46,24
2026-06-17,North America,Online,Grocery,Enterprise,831.22,45
2026-06-17,North America,Wholesale,Electronics,Consumer,362.69,15
2026-06-17,North America,Wholesale,Electronics,SMB,745.39,46
2026-06-17,North America,Wholesale,Electronics,Enterprise,631.66,25
2026-06-17,North America,Wholesale,Apparel,Consumer,949.74,25
2026-06-17,North America,Wholesale,Apparel,SMB,1260.4,34
2026-06-17,North America,Wholesale,Apparel,Enterprise,1201.18,28
2026-06-17,North America,Wholesale,Home Goods,Consumer,1030.23,46
2026-06-17,North America,Wholesale,Home Goods,SMB,436.66,25
2026-06-17,North America,Wholesale,Home Goods,Enterprise,511.06,14
2026-06-17,North America,Wholesale,Grocery,Consumer,872.6,22
2026-06-17,North America,Wholesale,Grocery,SMB,1471.05,33
2026-06-17,North America,Wholesale,Grocery,Enterprise,1193.45,36
2026-06-17,Europe,Retail,Electronics,Consumer,1263.67,40
2026-06-17,Europe,Retail,Electronics,SMB,663.57,15
2026-06-17,Europe,Retail,Electronics,Enterprise,607.17,37
2026-06-17,Europe,Retail,Apparel,Consumer,877.88,29
2026-06-17,Europe,Retail,Apparel,SMB,1083.19,44
2026-06-17,Europe,Retail,Apparel,Enterprise,997.22,24
2026-06-17,Europe,Retail,Home Goods,Consumer,1099.73,66
2026-06-17,Europe,Retail,Home Goods,SMB,462.62,12
2026-06-17,Europe,Retail,Home Goods,Enterprise,1343.16,32
2026-06-17,Europe,Retail,Grocery,Consumer,799.37,22
2026-06-17,Europe,Retail,Grocery,SMB,1153.06,69
2026-06-17,Europe,Retail,Grocery,Enterprise,982.43,25
2026-06-17,Europe,Online,Electronics,Consumer,388.6,13
2026-06-17,Europe,Online,Electronics,SMB,627.54,32
2026-06-17,Europe,Online,Electronics,Enterprise,516.25,11
2026-06-17,Europe,Online,Apparel,Consumer,917.9,35
2026-06-17,Europe,Online,Apparel,SMB,1177.99,70
2026-06-17,Europe,Online,Apparel,Enterprise,1161.4,52
2026-06-17,Europe,Online,Home Goods,Consumer,1033.06,27
2026-06-17,Europe,Online,Home Goods,SMB,453.8,10
2026-06-17,Europe,Online,Home Goods,Enterprise,1335.09,29
2026-06-17,Europe,Online,Grocery,Consumer,795.72,51
2026-06-17,Europe,Online,Grocery,SMB,1133.83,65
2026-06-17,Europe,Online,Grocery,Enterprise,939.27,49
2026-06-17,Europe,Wholesale,Electronics,Consumer,726.26,28
2026-06-17,Europe,Wholesale,Electronics,SMB,1022.7,29
2026-06-17,Europe,Wholesale,Electronics,Enterprise,934.24,28
2026-06-17,Europe,Wholesale,Apparel,Consumer,1259.53,42
2026-06-17,Europe,Wholesale,Apparel,SMB,575.94,25
2026-06-17,Europe,Wholesale,Apparel,Enterprise,504.99,16
2026-06-17,Europe,Wholesale,Home Goods,Consumer,439.17,17
2026-06-17,Europe,Wholesale,Home Goods,SMB,790.27,18
2026-06-17,Europe,Wholesale,Home Goods,Enterprise,734.85,16
2026-06-17,Europe,Wholesale,Grocery,Consumer,1352.45,35
2026-06-17,Europe,Wholesale,Grocery,SMB,566.94,18
2026-06-17,Europe,Wholesale,Grocery,Enterprise,573.96,24
2026-06-17,APAC,Retail,Electronics,Consumer,920.05,55
2026-06-17,APAC,Retail,Electronics,SMB,1120.69,26
2026-06-17,APAC,Retail,Electronics,Enterprise,1126.22,48
2026-06-17,APAC,Retail,Apparel,Consumer,456.2,21
2026-06-17,APAC,Retail,Apparel,SMB,905.79,41
2026-06-17,APAC,Retail,Apparel,Enterprise,844.01,22
2026-06-17,APAC,Retail,Home Goods,Consumer,748.85,18
2026-06-17,APAC,Retail,Home Goods,SMB,1093.16,56
2026-06-17,APAC,Retail,Home Goods,Enterprise,1064.29,30
2026-06-17,APAC,Retail,Grocery,Consumer,523.87,18
2026-06-17,APAC,Retail,Grocery,SMB,872.73,54
2026-06-17,APAC,Retail,Grocery,Enterprise,792.14,33
2026-06-17,APAC,Online,Electronics,Consumer,846.33,48
2026-06-17,APAC,Online,Electronics,SMB,1358.14,58
2026-06-17,APAC,Online,Electronics,Enterprise,1081.83,26
2026-06-17,APAC,Online,Apparel,Consumer,484.34,18
2026-06-17,APAC,Online,Apparel,SMB,838.6,40
2026-06-17,APAC,Online,Apparel,Enterprise,738.89,26
2026-06-17,APAC,Online,Home Goods,Consumer,786.75,25
2026-06-17,APAC,Online,Home Goods,SMB,1043.48,41
2026-06-17,APAC,Online,Home Goods,Enterprise,1054.95,25
2026-06-17,APAC,Online,Grocery,Consumer,546.57,12
2026-06-17,APAC,Online,Grocery,SMB,918.82,28
2026-06-17,APAC,Online,Grocery,Enterprise,689.91,18
2026-06-17,APAC,Wholesale,Electronics,Consumer,1168.53,41
2026-06-17,APAC,Wholesale,Electronics,SMB,736.74,26
2026-06-17,APAC,Wholesale,Electronics,Enterprise,575.07,34
2026-06-17,APAC,Wholesale,Apparel,Consumer,726.13,39
2026-06-17,APAC,Wholesale,Apparel,SMB,1007.12,28
2026-06-17,APAC,Wholesale,Apparel,Enterprise,1133.56,27
2026-06-17,APAC,Wholesale,Home Goods,Consumer,1145.37,35
2026-06-17,APAC,Wholesale,Home Goods,SMB,425.08,13
2026-06-17,APAC,Wholesale,Home Goods,Enterprise,1210.86,45
2026-06-17,APAC,Wholesale,Grocery,Consumer,851.16,22
2026-06-17,APAC,Wholesale,Grocery,SMB,1181.09,76
2026-06-17,APAC,Wholesale,Grocery,Enterprise,1048.27,26
2026-06-18,North America,Retail,Electronics,Consumer,1049.79,46
2026-06-18,North America,Retail,Electronics,SMB,1285.67,41
2026-06-18,North America,Retail,Electronics,Enterprise,648.16,19
2026-06-18,North America,Retail,Apparel,Consumer,618.56,23
2026-06-18,North America,Retail,Apparel,SMB,796.05,20
2026-06-18,North America,Retail,Apparel,Enterprise,698.85,21
2026-06-18,North America,Retail,Home Goods,Consumer,862.15,35
2026-06-18,North America,Retail,Home Goods,SMB,1164.22,50
2026-06-18,North America,Retail,Home Goods,Enterprise,1055.2,37
2026-06-18,North America,Retail,Grocery,Consumer,649.32,22
2026-06-18,North America,Retail,Grocery,SMB,961.96,23
2026-06-18,North America,Retail,Grocery,Enterprise,798.15,37
2026-06-18,North America,Online,Electronics,Consumer,1201.15,51
2026-06-18,North America,Online,Electronics,SMB,430.43,12
2026-06-18,North America,Online,Electronics,Enterprise,1219.94,59
2026-06-18,North America,Online,Apparel,Consumer,598.61,15
2026-06-18,North America,Online,Apparel,SMB,842.18,44
2026-06-18,North America,Online,Apparel,Enterprise,922.68,27
2026-06-18,North America,Online,Home Goods,Consumer,861.04,52
2026-06-18,North America,Online,Home Goods,SMB,1185.37,64
2026-06-18,North America,Online,Home Goods,Enterprise,1140.33,27
2026-06-18,North America,Online,Grocery,Consumer,622.61,19
2026-06-18,North America,Online,Grocery,SMB,995.91,59
2026-06-18,North America,Online,Grocery,Enterprise,845.11,23
2026-06-18,North America,Wholesale,Electronics,Consumer,438.46,12
2026-06-18,North America,Wholesale,Electronics,SMB,766.49,18
2026-06-18,North America,Wholesale,Electronics,Enterprise,602.72,18
2026-06-18,North America,Wholesale,Apparel,Consumer,993.49,38
2026-06-18,North America,Wholesale,Apparel,SMB,1274.68,42
2026-06-18,North America,Wholesale,Apparel,Enterprise,1160.2,52
2026-06-18,North America,Wholesale,Home Goods,Consumer,1086.21,27
2026-06-18,North America,Wholesale,Home Goods,SMB,542.8,19
2026-06-18,North America,Wholesale,Home Goods,Enterprise,393.93,20
2026-06-18,North America,Wholesale,Grocery,Consumer,806.52,32
2026-06-18,North America,Wholesale,Grocery,SMB,1226.7,45
2026-06-18,North America,Wholesale,Grocery,Enterprise,1057.19,30
2026-06-18,Europe,Retail,Electronics,Consumer,1021.34,30
2026-06-18,Europe,Retail,Electronics,SMB,704.77,35
2026-06-18,Europe,Retail,Electronics,Enterprise,717.06,16
2026-06-18,Europe,Retail,Apparel,Consumer,901.83,57
2026-06-18,Europe,Retail,Apparel,SMB,1011.69,33
2026-06-18,Europe,Retail,Apparel,Enterprise,972.5,25
2026-06-18,Europe,Retail,Home Goods,Consumer,967.9,38
2026-06-18,Europe,Retail,Home Goods,SMB,461.48,21
2026-06-18,Europe,Retail,Home Goods,Enterprise,1307.96,35
2026-06-18,Europe,Retail,Grocery,Consumer,864.16,32
2026-06-18,Europe,Retail,Grocery,SMB,1199.57,69
2026-06-18,Europe,Retail,Grocery,Enterprise,1092.52,25
2026-06-18,Europe,Online,Electronics,Consumer,406.02,12
2026-06-18,Europe,Online,Electronics,SMB,745.74,23
2026-06-18,Europe,Online,Electronics,Enterprise,543.63,13
2026-06-18,Europe,Online,Apparel,Consumer,917.17,29
2026-06-18,Europe,Online,Apparel,SMB,1242.13,40
2026-06-18,Europe,Online,Apparel,Enterprise,1105.88,39
2026-06-18,Europe,Online,Home Goods,Consumer,1066.14,44
2026-06-18,Europe,Online,Home Goods,SMB,538.68,24
2026-06-18,Europe,Online,Home Goods,Enterprise,1306.72,50
2026-06-18,Europe,Online,Grocery,Consumer,1004.71,35
2026-06-18,Europe,Online,Grocery,SMB,1165.47,52
2026-06-18,Europe,Online,Grocery,Enterprise,1053.54,28
2026-06-18,Europe,Wholesale,Electronics,Consumer,758.8,29
2026-06-18,Europe,Wholesale,Electronics,SMB,949.12,31
2026-06-18,Europe,Wholesale,Electronics,Enterprise,1025.29,30
2026-06-18,Europe,Wholesale,Apparel,Consumer,1110.72,39
2026-06-18,Europe,Wholesale,Apparel,SMB,511.97,12
2026-06-18,Europe,Wholesale,Apparel,Enterprise,519.04,27
2026-06-18,Europe,Wholesale,Home Goods,Consumer,437.01,16
2026-06-18,Europe,Wholesale,Home Goods,SMB,761.48,23
2026-06-18,Europe,Wholesale,Home Goods,Enterprise,746.83,31
2026-06-18,Europe,Wholesale,Grocery,Consumer,1260.02,51
2026-06-18,Europe,Wholesale,Grocery,SMB,627.65,14
2026-06-18,Europe,Wholesale,Grocery,Enterprise,537.15,16
2026-06-18,APAC,Retail,Electronics,Consumer,861.13,20
2026-06-18,APAC,Retail,Electronics,SMB,1105.54,26
2026-06-18,APAC,Retail,Electronics,Enterprise,1208.94,52
2026-06-18,APAC,Retail,Apparel,Consumer,513.02,16
2026-06-18,APAC,Retail,Apparel,SMB,887.64,47
2026-06-18,APAC,Retail,Apparel,Enterprise,683.42,42
2026-06-18,APAC,Retail,Home Goods,Consumer,653.23,14
2026-06-18,APAC,Retail,Home Goods,SMB,1069.01,56
2026-06-18,APAC,Retail,Home Goods,Enterprise,1061.84,25
2026-06-18,APAC,Retail,Grocery,Consumer,462.11,18
2026-06-18,APAC,Retail,Grocery,SMB,746.99,20
2026-06-18,APAC,Retail,Grocery,Enterprise,789.86,42
2026-06-18,APAC,Online,Electronics,Consumer,1083.33,33
2026-06-18,APAC,Online,Electronics,SMB,1108.07,33
2026-06-18,APAC,Online,Electronics,Enterprise,1194.36,32
2026-06-18,APAC,Online,Apparel,Consumer,514.54,20
2026-06-18,APAC,Online,Apparel,SMB,734.96,25
2026-06-18,APAC,Online,Apparel,Enterprise,746.85,18
2026-06-18,APAC,Online,Home Goods,Consumer,722.55,37
2026-06-18,APAC,Online,Home Goods,SMB,1111.19,54
2026-06-18,APAC,Online,Home Goods,Enterprise,968.98,22
2026-06-18,APAC,Online,Grocery,Consumer,441.78,25
2026-06-18,APAC,Online,Grocery,SMB,888.67,34
2026-06-18,APAC,Online,Grocery,Enterprise,700.89,20
2026-06-18,APAC,Wholesale,Electronics,Consumer,1192.59,39
2026-06-18,APAC,Wholesale,Electronics,SMB,692.65,21
2026-06-18,APAC,Wholesale,Electronics,Enterprise,604.87,25
2026-06-18,APAC,Wholesale,Apparel,Consumer,823.75,32
2026-06-18,APAC,Wholesale,Apparel,SMB,940.78,29
2026-06-18,APAC,Wholesale,Apparel,Enterprise,976.92,24
2026-06-18,APAC,Wholesale,Home Goods,Consumer,991.06,40
2026-06-18,APAC,Wholesale,Home Goods,SMB,453.81,22
2026-06-18,APAC,Wholesale,Home Goods,Enterprise,1386.96,37
2026-06-18,APAC,Wholesale,Grocery,Consumer,954.36,21
2026-06-18,APAC,Wholesale,Grocery,SMB,1164.94,36
2026-06-18,APAC,Wholesale,Grocery,Enterprise,1169.35,34
2026-06-19,North America,Retail,Electronics,Consumer,1071.02,57
2026-06-19,North America,Retail,Electronics,SMB,1348.78,58
2026-06-19,North America,Retail,Electronics,Enterprise,572.06,24
2026-06-19,North America,Retail,Apparel,Consumer,615.1,14
2026-06-19,North America,Retail,Apparel,SMB,975.98,22
2026-06-19,North America,Retail,Apparel,Enterprise,784.55,22
2026-06-19,North America,Retail,Home Goods,Consumer,830.66,20
2026-06-19,North America,Retail,Home Goods,SMB,1130.77,30
2026-06-19,North America,Retail,Home Goods,Enterprise,1188.81,27
2026-06-19,North America,Retail,Grocery,Consumer,618.74,19
2026-06-19,North America,Retail,Grocery,SMB,885.48,22
2026-06-19,North America,Retail,Grocery,Enterprise,806.82,51
2026-06-19,North America,Online,Electronics,Consumer,1077.53,33
2026-06-19,North America,Online,Electronics,SMB,476.58,12
2026-06-19,North America,Online,Electronics,Enterprise,1049.44,44
2026-06-19,North America,Online,Apparel,Consumer,571.49,31
2026-06-19,North America,Online,Apparel,SMB,828.8,29
2026-06-19,North America,Online,Apparel,Enterprise,677.69,24
2026-06-19,North America,Online,Home Goods,Consumer,796.42,17
2026-06-19,North America,Online,Home Goods,SMB,1262.6,34
2026-06-19,North America,Online,Home Goods,Enterprise,1076.73,61
2026-06-19,North America,Online,Grocery,Consumer,635.22,16
2026-06-19,North America,Online,Grocery,SMB,878.05,29
2026-06-19,North America,Online,Grocery,Enterprise,760.34,32
2026-06-19,North America,Wholesale,Electronics,Consumer,411.22,10
2026-06-19,North America,Wholesale,Electronics,SMB,671.32,18
2026-06-19,North America,Wholesale,Electronics,Enterprise,605.94,21
2026-06-19,North America,Wholesale,Apparel,Consumer,1052.71,24
2026-06-19,North America,Wholesale,Apparel,SMB,1206.7,29
2026-06-19,North America,Wholesale,Apparel,Enterprise,1040.02,29
2026-06-19,North America,Wholesale,Home Goods,Consumer,1143.43,33
2026-06-19,North America,Wholesale,Home Goods,SMB,500.38,32
2026-06-19,North America,Wholesale,Home Goods,Enterprise,461.26,10
2026-06-19,North America,Wholesale,Grocery,Consumer,978.43,27
2026-06-19,North America,Wholesale,Grocery,SMB,1200.7,30
2026-06-19,North America,Wholesale,Grocery,Enterprise,1188.89,32
2026-06-19,Europe,Retail,Electronics,Consumer,1281.97,31
2026-06-19,Europe,Retail,Electronics,SMB,713.34,16
2026-06-19,Europe,Retail,Electronics,Enterprise,659.55,43
2026-06-19,Europe,Retail,Apparel,Consumer,768.72,45
2026-06-19,Europe,Retail,Apparel,SMB,1081.68,53
2026-06-19,Europe,Retail,Apparel,Enterprise,1050.2,38
2026-06-19,Europe,Retail,Home Goods,Consumer,1075.05,33
2026-06-19,Europe,Retail,Home Goods,SMB,500.19,14
2026-06-19,Europe,Retail,Home Goods,Enterprise,1144.2,56
2026-06-19,Europe,Retail,Grocery,Consumer,890.19,37
2026-06-19,Europe,Retail,Grocery,SMB,1170.77,39
2026-06-19,Europe,Retail,Grocery,Enterprise,1165.21,29
2026-06-19,Europe,Online,Electronics,Consumer,376.56,12
2026-06-19,Europe,Online,Electronics,SMB,714.14,39
2026-06-19,Europe,Online,Electronics,Enterprise,689.98,18
2026-06-19,Europe,Online,Apparel,Consumer,954.3,40
2026-06-19,Europe,Online,Apparel,SMB,1223.7,35
2026-06-19,Europe,Online,Apparel,Enterprise,1060.4,57
2026-06-19,Europe,Online,Home Goods,Consumer,1011.72,54
2026-06-19,Europe,Online,Home Goods,SMB,475.21,13
2026-06-19,Europe,Online,Home Goods,Enterprise,1248.83,42
2026-06-19,Europe,Online,Grocery,Consumer,766.97,19
2026-06-19,Europe,Online,Grocery,SMB,1070.09,48
2026-06-19,Europe,Online,Grocery,Enterprise,1103.15,46
2026-06-19,Europe,Wholesale,Electronics,Consumer,598.33,15
2026-06-19,Europe,Wholesale,Electronics,SMB,993.09,59
2026-06-19,Europe,Wholesale,Electronics,Enterprise,939.93,38
2026-06-19,Europe,Wholesale,Apparel,Consumer,1108.11,41
2026-06-19,Europe,Wholesale,Apparel,SMB,520.56,12
2026-06-19,Europe,Wholesale,Apparel,Enterprise,508.22,22
2026-06-19,Europe,Wholesale,Home Goods,Consumer,499.97,12
2026-06-19,Europe,Wholesale,Home Goods,SMB,730.16,30
2026-06-19,Europe,Wholesale,Home Goods,Enterprise,654.82,32
2026-06-19,Europe,Wholesale,Grocery,Consumer,1270.35,59
2026-06-19,Europe,Wholesale,Grocery,SMB,504.71,15
2026-06-19,Europe,Wholesale,Grocery,Enterprise,444.92,17
2026-06-19,APAC,Retail,Electronics,Consumer,936.96,25
2026-06-19,APAC,Retail,Electronics,SMB,1218.9,31
2026-06-19,APAC,Retail,Electronics,Enterprise,1284.47,30
2026-06-19,APAC,Retail,Apparel,Consumer,545.3,14
2026-06-19,APAC,Retail,Apparel,SMB,705.52,23
2026-06-19,APAC,Retail,Apparel,Enterprise,696.43,26
2026-06-19,APAC,Retail,Home Goods,Consumer,745.94,24
2026-06-19,APAC,Retail,Home Goods,SMB,1062.08,26
2026-06-19,APAC,Retail,Home Goods,Enterprise,965.65,22
2026-06-19,APAC,Retail,Grocery,Consumer,609.01,24
2026-06-19,APAC,Retail,Grocery,SMB,837.72,19
2026-06-19,APAC,Retail,Grocery,Enterprise,840.78,52
2026-06-19,APAC,Online,Electronics,Consumer,1132.61,62
2026-06-19,APAC,Online,Electronics,SMB,1264.45,46
2026-06-19,APAC,Online,Electronics,Enterprise,1111.74,46
2026-06-19,APAC,Online,Apparel,Consumer,517.28,23
2026-06-19,APAC,Online,Apparel,SMB,803.75,34
2026-06-19,APAC,Online,Apparel,Enterprise,684.53,36
2026-06-19,APAC,Online,Home Goods,Consumer,757.32,39
2026-06-19,APAC,Online,Home Goods,SMB,904.51,24
2026-06-19,APAC,Online,Home Goods,Enterprise,947.98,55
2026-06-19,APAC,Online,Grocery,Consumer,554.96,15
2026-06-19,APAC,Online,Grocery,SMB,824.28,53
2026-06-19,APAC,Online,Grocery,Enterprise,688.02,17
2026-06-19,APAC,Wholesale,Electronics,Consumer,1225.82,33
2026-06-19,APAC,Wholesale,Electronics,SMB,635.61,16
2026-06-19,APAC,Wholesale,Electronics,Enterprise,606.9,24
2026-06-19,APAC,Wholesale,Apparel,Consumer,919.5,37
2026-06-19,APAC,Wholesale,Apparel,SMB,1096.62,47
2026-06-19,APAC,Wholesale,Apparel,Enterprise,1045.59,49
2026-06-19,APAC,Wholesale,Home Goods,Consumer,1046.93,35
2026-06-19,APAC,Wholesale,Home Goods,SMB,491.22,20
2026-06-19,APAC,Wholesale,Home Goods,Enterprise,1492.35,46
2026-06-19,APAC,Wholesale,Grocery,Consumer,954.68,32
2026-06-19,APAC,Wholesale,Grocery,SMB,1231.99,55
2026-06-19,APAC,Wholesale,Grocery,Enterprise,1011.13,65
2026-06-20,North America,Retail,Electronics,Consumer,935.63,35
2026-06-20,North America,Retail,Electronics,SMB,1300.94,41
2026-06-20,North America,Retail,Electronics,Enterprise,706.46,15
2026-06-20,North America,Retail,Apparel,Consumer,599.76,22
2026-06-20,North America,Retail,Apparel,SMB,868.42,27
2026-06-20,North America,Retail,Apparel,Enterprise,852.5,24
2026-06-20,North America,Retail,Home Goods,Consumer,745.06,16
2026-06-20,North America,Retail,Home Goods,SMB,1222.37,68
2026-06-20,North America,Retail,Home Goods,Enterprise,1095.0,36
2026-06-20,North America,Retail,Grocery,Consumer,685.07,30
2026-06-20,North America,Retail,Grocery,SMB,944.71,32
2026-06-20,North America,Retail,Grocery,Enterprise,883.95,24
2026-06-20,North America,Online,Electronics,Consumer,966.72,25
2026-06-20,North America,Online,Electronics,SMB,393.47,17
2026-06-20,North America,Online,Electronics,Enterprise,1200.24,61
2026-06-20,North America,Online,Apparel,Consumer,622.23,25
2026-06-20,North America,Online,Apparel,SMB,800.18,52
2026-06-20,North America,Online,Apparel,Enterprise,770.05,21
2026-06-20,North America,Online,Home Goods,Consumer,810.64,25
2026-06-20,North America,Online,Home Goods,SMB,934.05,38
2026-06-20,North America,Online,Home Goods,Enterprise,978.47,26
2026-06-20,North America,Online,Grocery,Consumer,570.18,18
2026-06-20,North America,Online,Grocery,SMB,1027.54,58
2026-06-20,North America,Online,Grocery,Enterprise,658.61,36
2026-06-20,North America,Wholesale,Electronics,Consumer,429.29,11
2026-06-20,North America,Wholesale,Electronics,SMB,668.76,33
2026-06-20,North America,Wholesale,Electronics,Enterprise,652.63,23
2026-06-20,North America,Wholesale,Apparel,Consumer,858.5,19
2026-06-20,North America,Wholesale,Apparel,SMB,1280.54,63
2026-06-20,North America,Wholesale,Apparel,Enterprise,1137.77,29
2026-06-20,North America,Wholesale,Home Goods,Consumer,976.71,31
2026-06-20,North America,Wholesale,Home Goods,SMB,513.43,19
2026-06-20,North America,Wholesale,Home Goods,Enterprise,428.13,17
2026-06-20,North America,Wholesale,Grocery,Consumer,999.66,23
2026-06-20,North America,Wholesale,Grocery,SMB,1153.85,34
2026-06-20,North America,Wholesale,Grocery,Enterprise,1037.93,39
2026-06-20,Europe,Retail,Electronics,Consumer,1262.4,41
2026-06-20,Europe,Retail,Electronics,SMB,653.73,30
2026-06-20,Europe,Retail,Electronics,Enterprise,550.82,18
2026-06-20,Europe,Retail,Apparel,Consumer,786.64,34
2026-06-20,Europe,Retail,Apparel,SMB,931.83,21
2026-06-20,Europe,Retail,Apparel,Enterprise,1117.46,30
2026-06-20,Europe,Retail,Home Goods,Consumer,1110.0,36
2026-06-20,Europe,Retail,Home Goods,SMB,447.98,11
2026-06-20,Europe,Retail,Home Goods,Enterprise,1402.3,71
2026-06-20,Europe,Retail,Grocery,Consumer,884.51,51
2026-06-20,Europe,Retail,Grocery,SMB,1241.53,60
2026-06-20,Europe,Retail,Grocery,Enterprise,1082.1,30
2026-06-20,Europe,Online,Electronics,Consumer,372.11,22
2026-06-20,Europe,Online,Electronics,SMB,670.51,23
2026-06-20,Europe,Online,Electronics,Enterprise,638.26,20
2026-06-20,Europe,Online,Apparel,Consumer,915.31,42
2026-06-20,Europe,Online,Apparel,SMB,999.2,42
2026-06-20,Europe,Online,Apparel,Enterprise,932.24,23
2026-06-20,Europe,Online,Home Goods,Consumer,1163.81,48
2026-06-20,Europe,Online,Home Goods,SMB,431.43,12
2026-06-20,Europe,Online,Home Goods,Enterprise,1233.58,39
2026-06-20,Europe,Online,Grocery,Consumer,914.97,26
2026-06-20,Europe,Online,Grocery,SMB,1213.41,32
2026-06-20,Europe,Online,Grocery,Enterprise,1120.61,47
2026-06-20,Europe,Wholesale,Electronics,Consumer,716.83,18
2026-06-20,Europe,Wholesale,Electronics,SMB,1038.09,31
2026-06-20,Europe,Wholesale,Electronics,Enterprise,938.72,24
2026-06-20,Europe,Wholesale,Apparel,Consumer,1096.85,33
2026-06-20,Europe,Wholesale,Apparel,SMB,549.08,13
2026-06-20,Europe,Wholesale,Apparel,Enterprise,564.67,16
2026-06-20,Europe,Wholesale,Home Goods,Consumer,480.83,12
2026-06-20,Europe,Wholesale,Home Goods,SMB,793.35,17
2026-06-20,Europe,Wholesale,Home Goods,Enterprise,805.0,41
2026-06-20,Europe,Wholesale,Grocery,Consumer,1297.23,65
2026-06-20,Europe,Wholesale,Grocery,SMB,614.18,14
2026-06-20,Europe,Wholesale,Grocery,Enterprise,490.14,29
2026-06-20,APAC,Retail,Electronics,Consumer,867.5,24
2026-06-20,APAC,Retail,Electronics,SMB,1223.21,49
2026-06-20,APAC,Retail,Electronics,Enterprise,1115.56,35
2026-06-20,APAC,Retail,Apparel,Consumer,510.95,19
2026-06-20,APAC,Retail,Apparel,SMB,738.86,30
2026-06-20,APAC,Retail,Apparel,Enterprise,767.28,25
2026-06-20,APAC,Retail,Home Goods,Consumer,615.38,15
2026-06-20,APAC,Retail,Home Goods,SMB,984.69,22
2026-06-20,APAC,Retail,Home Goods,Enterprise,1083.29,29
2026-06-20,APAC,Retail,Grocery,Consumer,505.88,12
2026-06-20,APAC,Retail,Grocery,SMB,744.73,19
2026-06-20,APAC,Retail,Grocery,Enterprise,720.3,20
2026-06-20,APAC,Online,Electronics,Consumer,876.82,34
2026-06-20,APAC,Online,Electronics,SMB,1197.41,75
2026-06-20,APAC,Online,Electronics,Enterprise,1096.56,31
2026-06-20,APAC,Online,Apparel,Consumer,549.49,14
2026-06-20,APAC,Online,Apparel,SMB,815.43,18
2026-06-20,APAC,Online,Apparel,Enterprise,800.68,18
2026-06-20,APAC,Online,Home Goods,Consumer,711.54,19
2026-06-20,APAC,Online,Home Goods,SMB,1055.54,68
2026-06-20,APAC,Online,Home Goods,Enterprise,865.03,57
2026-06-20,APAC,Online,Grocery,Consumer,555.68,22
2026-06-20,APAC,Online,Grocery,SMB,871.19,38
2026-06-20,APAC,Online,Grocery,Enterprise,782.09,18
2026-06-20,APAC,Wholesale,Electronics,Consumer,1251.18,53
2026-06-20,APAC,Wholesale,Electronics,SMB,645.51,21
2026-06-20,APAC,Wholesale,Electronics,Enterprise,654.44,28
2026-06-20,APAC,Wholesale,Apparel,Consumer,862.03,25
2026-06-20,APAC,Wholesale,Apparel,SMB,1279.51,31
2026-06-20,APAC,Wholesale,Apparel,Enterprise,1018.88,23
2026-06-20,APAC,Wholesale,Home Goods,Consumer,1177.7,39
2026-06-20,APAC,Wholesale,Home Goods,SMB,439.13,15
2026-06-20,APAC,Wholesale,Home Goods,Enterprise,1390.77,35
2026-06-20,APAC,Wholesale,Grocery,Consumer,775.27,48
2026-06-20,APAC,Wholesale,Grocery,SMB,1327.83,67
2026-06-20,APAC,Wholesale,Grocery,Enterprise,1101.67,29
2026-06-21,North America,Retail,Electronics,Consumer,1046.77,37
2026-06-21,North America,Retail,Electronics,SMB,1258.97,31
2026-06-21,North America,Retail,Electronics,Enterprise,748.87,44
2026-06-21,North America,Retail,Apparel,Consumer,601.76,33
2026-06-21,North America,Retail,Apparel,SMB,671.31,32
2026-06-21,North America,Retail,Apparel,Enterprise,742.39,22
2026-06-21,North America,Retail,Home Goods,Consumer,924.75,22
2026-06-21,North America,Retail,Home Goods,SMB,1102.3,45
2026-06-21,North America,Retail,Home Goods,Enterprise,971.33,29
2026-06-21,North America,Retail,Grocery,Consumer,499.91,11
2026-06-21,North America,Retail,Grocery,SMB,716.05,26
2026-06-21,North America,Retail,Grocery,Enterprise,798.14,19
2026-06-21,North America,Online,Electronics,Consumer,1006.52,25
2026-06-21,North America,Online,Electronics,SMB,392.66,13
2026-06-21,North America,Online,Electronics,Enterprise,1228.55,43
2026-06-21,North America,Online,Apparel,Consumer,563.64,24
2026-06-21,North America,Online,Apparel,SMB,891.02,44
2026-06-21,North America,Online,Apparel,Enterprise,867.68,23
2026-06-21,North America,Online,Home Goods,Consumer,809.72,34
2026-06-21,North America,Online,Home Goods,SMB,1083.04,42
2026-06-21,North America,Online,Home Goods,Enterprise,962.52,26
2026-06-21,North America,Online,Grocery,Consumer,657.65,20
2026-06-21,North America,Online,Grocery,SMB,852.67,48
2026-06-21,North America,Online,Grocery,Enterprise,825.49,22
2026-06-21,North America,Wholesale,Electronics,Consumer,458.52,10
2026-06-21,North America,Wholesale,Electronics,SMB,793.02,20
2026-06-21,North America,Wholesale,Electronics,Enterprise,661.82,25
2026-06-21,North America,Wholesale,Apparel,Consumer,852.95,48
2026-06-21,North America,Wholesale,Apparel,SMB,1172.53,29
2026-06-21,North America,Wholesale,Apparel,Enterprise,1048.73,30
2026-06-21,North America,Wholesale,Home Goods,Consumer,1173.78,31
2026-06-21,North America,Wholesale,Home Goods,SMB,492.64,25
2026-06-21,North America,Wholesale,Home Goods,Enterprise,490.89,24
2026-06-21,North America,Wholesale,Grocery,Consumer,962.03,50
2026-06-21,North America,Wholesale,Grocery,SMB,1178.36,57
2026-06-21,North America,Wholesale,Grocery,Enterprise,1196.66,28
2026-06-21,Europe,Retail,Electronics,Consumer,1334.32,37
2026-06-21,Europe,Retail,Electronics,SMB,718.67,31
2026-06-21,Europe,Retail,Electronics,Enterprise,545.07,21
2026-06-21,Europe,Retail,Apparel,Consumer,863.73,25
2026-06-21,Europe,Retail,Apparel,SMB,1017.6,25
2026-06-21,Europe,Retail,Apparel,Enterprise,1108.62,68
2026-06-21,Europe,Retail,Home Goods,Consumer,1125.37,36
2026-06-21,Europe,Retail,Home Goods,SMB,432.43,20
2026-06-21,Europe,Retail,Home Goods,Enterprise,1266.7,32
2026-06-21,Europe,Retail,Grocery,Consumer,817.92,21
2026-06-21,Europe,Retail,Grocery,SMB,1200.09,39
2026-06-21,Europe,Retail,Grocery,Enterprise,1223.8,30
2026-06-21,Europe,Online,Electronics,Consumer,403.84,10
2026-06-21,Europe,Online,Electronics,SMB,659.12,28
2026-06-21,Europe,Online,Electronics,Enterprise,600.86,32
2026-06-21,Europe,Online,Apparel,Consumer,865.51,24
2026-06-21,Europe,Online,Apparel,SMB,1163.53,35
2026-06-21,Europe,Online,Apparel,Enterprise,1118.48,42
2026-06-21,Europe,Online,Home Goods,Consumer,1002.66,62
2026-06-21,Europe,Online,Home Goods,SMB,502.62,13
2026-06-21,Europe,Online,Home Goods,Enterprise,1154.98,75
2026-06-21,Europe,Online,Grocery,Consumer,780.32,28
2026-06-21,Europe,Online,Grocery,SMB,1097.6,60
2026-06-21,Europe,Online,Grocery,Enterprise,1206.26,28
2026-06-21,Europe,Wholesale,Electronics,Consumer,696.66,33
2026-06-21,Europe,Wholesale,Electronics,SMB,1085.26,69
2026-06-21,Europe,Wholesale,Electronics,Enterprise,961.93,29
2026-06-21,Europe,Wholesale,Apparel,Consumer,1083.81,38
2026-06-21,Europe,Wholesale,Apparel,SMB,494.14,21
2026-06-21,Europe,Wholesale,Apparel,Enterprise,538.28,20
2026-06-21,Europe,Wholesale,Home Goods,Consumer,473.07,19
2026-06-21,Europe,Wholesale,Home Goods,SMB,867.76,19
2026-06-21,Europe,Wholesale,Home Goods,Enterprise,787.98,18
2026-06-21,Europe,Wholesale,Grocery,Consumer,1089.27,36
2026-06-21,Europe,Wholesale,Grocery,SMB,514.02,11
2026-06-21,Europe,Wholesale,Grocery,Enterprise,549.91,20
2026-06-21,APAC,Retail,Electronics,Consumer,1038.51,24
2026-06-21,APAC,Retail,Electronics,SMB,1252.06,30
2026-06-21,APAC,Retail,Electronics,Enterprise,1379.12,65
2026-06-21,APAC,Retail,Apparel,Consumer,489.81,11
2026-06-21,APAC,Retail,Apparel,SMB,793.39,31
2026-06-21,APAC,Retail,Apparel,Enterprise,693.45,15
2026-06-21,APAC,Retail,Home Goods,Consumer,784.71,20
2026-06-21,APAC,Retail,Home Goods,SMB,1004.03,25
2026-06-21,APAC,Retail,Home Goods,Enterprise,903.93,60
2026-06-21,APAC,Retail,Grocery,Consumer,539.58,27
2026-06-21,APAC,Retail,Grocery,SMB,855.94,49
2026-06-21,APAC,Retail,Grocery,Enterprise,712.1,32
2026-06-21,APAC,Online,Electronics,Consumer,962.58,43
2026-06-21,APAC,Online,Electronics,SMB,1276.12,35
2026-06-21,APAC,Online,Electronics,Enterprise,1217.08,41
2026-06-21,APAC,Online,Apparel,Consumer,482.1,19
2026-06-21,APAC,Online,Apparel,SMB,701.48,19
2026-06-21,APAC,Online,Apparel,Enterprise,744.19,17
2026-06-21,APAC,Online,Home Goods,Consumer,684.31,18
2026-06-21,APAC,Online,Home Goods,SMB,886.69,23
2026-06-21,APAC,Online,Home Goods,Enterprise,984.92,25
2026-06-21,APAC,Online,Grocery,Consumer,549.76,28
2026-06-21,APAC,Online,Grocery,SMB,839.39,21
2026-06-21,APAC,Online,Grocery,Enterprise,623.16,16
2026-06-21,APAC,Wholesale,Electronics,Consumer,1181.39,68
2026-06-21,APAC,Wholesale,Electronics,SMB,677.89,22
2026-06-21,APAC,Wholesale,Electronics,Enterprise,581.26,26
2026-06-21,APAC,Wholesale,Apparel,Consumer,745.5,22
2026-06-21,APAC,Wholesale,Apparel,SMB,1125.59,44
2026-06-21,APAC,Wholesale,Apparel,Enterprise,967.11,24
2026-06-21,APAC,Wholesale,Home Goods,Consumer,949.46,22
2026-06-21,APAC,Wholesale,Home Goods,SMB,402.39,11
2026-06-21,APAC,Wholesale,Home Goods,Enterprise,1313.43,61
2026-06-21,APAC,Wholesale,Grocery,Consumer,889.71,31
2026-06-21,APAC,Wholesale,Grocery,SMB,1067.22,38
2026-06-21,APAC,Wholesale,Grocery,Enterprise,1174.38,49
2026-06-22,North America,Retail,Electronics,Consumer,902.61,56
2026-06-22,North America,Retail,Electronics,SMB,1424.88,32
2026-06-22,North America,Retail,Electronics,Enterprise,647.99,18
2026-06-22,North America,Retail,Apparel,Consumer,592.07,14
2026-06-22,North America,Retail,Apparel,SMB,833.08,23
2026-06-22,North America,Retail,Apparel,Enterprise,797.75,44
2026-06-22,North America,Retail,Home Goods,Consumer,878.25,57
2026-06-22,North America,Retail,Home Goods,SMB,965.9,39
2026-06-22,North America,Retail,Home Goods,Enterprise,944.64,32
2026-06-22,North America,Retail,Grocery,Consumer,579.6,19
2026-06-22,North America,Retail,Grocery,SMB,952.34,24
2026-06-22,North America,Retail,Grocery,Enterprise,797.55,33
2026-06-22,North America,Online,Electronics,Consumer,1014.71,30
2026-06-22,North America,Online,Electronics,SMB,448.65,11
2026-06-22,North America,Online,Electronics,Enterprise,1143.26,39
2026-06-22,North America,Online,Apparel,Consumer,596.85,23
2026-06-22,North America,Online,Apparel,SMB,800.66,20
2026-06-22,North America,Online,Apparel,Enterprise,782.76,17
2026-06-22,North America,Online,Home Goods,Consumer,744.76,21
2026-06-22,North America,Online,Home Goods,SMB,1072.04,54
2026-06-22,North America,Online,Home Goods,Enterprise,920.93,28
2026-06-22,North America,Online,Grocery,Consumer,701.41,33
2026-06-22,North America,Online,Grocery,SMB,931.02,32
2026-06-22,North America,Online,Grocery,Enterprise,720.58,43
2026-06-22,North America,Wholesale,Electronics,Consumer,436.45,14
2026-06-22,North America,Wholesale,Electronics,SMB,750.82,28
2026-06-22,North America,Wholesale,Electronics,Enterprise,714.03,31
2026-06-22,North America,Wholesale,Apparel,Consumer,831.51,33
2026-06-22,North America,Wholesale,Apparel,SMB,1133.92,36
2026-06-22,North America,Wholesale,Apparel,Enterprise,1273.08,62
2026-06-22,North America,Wholesale,Home Goods,Consumer,1115.46,45
2026-06-22,North America,Wholesale,Home Goods,SMB,513.98,15
2026-06-22,North America,Wholesale,Home Goods,Enterprise,411.78,25
2026-06-22,North America,Wholesale,Grocery,Consumer,884.65,23
2026-06-22,North America,Wholesale,Grocery,SMB,1206.35,67
2026-06-22,North America,Wholesale,Grocery,Enterprise,1175.11,31
2026-06-22,Europe,Retail,Electronics,Consumer,1222.1,52
2026-06-22,Europe,Retail,Electronics,SMB,635.29,14
2026-06-22,Europe,Retail,Electronics,Enterprise,595.37,14
2026-06-22,Europe,Retail,Apparel,Consumer,810.38,20
2026-06-22,Europe,Retail,Apparel,SMB,1127.94,39
2026-06-22,Europe,Retail,Apparel,Enterprise,967.28,55
2026-06-22,Europe,Retail,Home Goods,Consumer,1048.0,23
2026-06-22,Europe,Retail,Home Goods,SMB,478.99,14
2026-06-22,Europe,Retail,Home Goods,Enterprise,1369.97,30
2026-06-22,Europe,Retail,Grocery,Consumer,833.37,47
2026-06-22,Europe,Retail,Grocery,SMB,1300.83,47
2026-06-22,Europe,Retail,Grocery,Enterprise,1028.97,65
2026-06-22,Europe,Online,Electronics,Consumer,423.47,12
2026-06-22,Europe,Online,Electronics,SMB,669.1,16
2026-06-22,Europe,Online,Electronics,Enterprise,640.13,34
2026-06-22,Europe,Online,Apparel,Consumer,799.17,38
2026-06-22,Europe,Online,Apparel,SMB,1138.64,37
2026-06-22,Europe,Online,Apparel,Enterprise,1147.93,28
2026-06-22,Europe,Online,Home Goods,Consumer,1092.11,41
2026-06-22,Europe,Online,Home Goods,SMB,535.01,18
2026-06-22,Europe,Online,Home Goods,Enterprise,1306.5,34
2026-06-22,Europe,Online,Grocery,Consumer,808.37,21
2026-06-22,Europe,Online,Grocery,SMB,1142.63,34
2026-06-22,Europe,Online,Grocery,Enterprise,1226.08,28
2026-06-22,Europe,Wholesale,Electronics,Consumer,698.99,25
2026-06-22,Europe,Wholesale,Electronics,SMB,943.49,60
2026-06-22,Europe,Wholesale,Electronics,Enterprise,898.25,39
2026-06-22,Europe,Wholesale,Apparel,Consumer,1206.54,36
2026-06-22,Europe,Wholesale,Apparel,SMB,601.97,27
2026-06-22,Europe,Wholesale,Apparel,Enterprise,488.78,31
2026-06-22,Europe,Wholesale,Home Goods,Consumer,498.38,21
2026-06-22,Europe,Wholesale,Home Goods,SMB,807.38,22
2026-06-22,Europe,Wholesale,Home Goods,Enterprise,753.57,22
2026-06-22,Europe,Wholesale,Grocery,Consumer,1089.55,43
2026-06-22,Europe,Wholesale,Grocery,SMB,502.28,32
2026-06-22,Europe,Wholesale,Grocery,Enterprise,577.1,22
2026-06-22,APAC,Retail,Electronics,Consumer,902.15,31
2026-06-22,APAC,Retail,Electronics,SMB,1318.79,35
2026-06-22,APAC,Retail,Electronics,Enterprise,1197.2,34
2026-06-22,APAC,Retail,Apparel,Consumer,572.31,25
2026-06-22,APAC,Retail,Apparel,SMB,914.53,20
2026-06-22,APAC,Retail,Apparel,Enterprise,746.81,22
2026-06-22,APAC,Retail,Home Goods,Consumer,684.85,32
2026-06-22,APAC,Retail,Home Goods,SMB,988.85,22
2026-06-22,APAC,Retail,Home Goods,Enterprise,905.11,37
2026-06-22,APAC,Retail,Grocery,Consumer,558.94,15
2026-06-22,APAC,Retail,Grocery,SMB,904.73,45
2026-06-22,APAC,Retail,Grocery,Enterprise,761.44,29
2026-06-22,APAC,Online,Electronics,Consumer,723.62,46
2026-06-22,APAC,Online,Electronics,SMB,1371.4,31
2026-06-22,APAC,Online,Electronics,Enterprise,1064.37,48
2026-06-22,APAC,Online,Apparel,Consumer,498.38,11
2026-06-22,APAC,Online,Apparel,SMB,855.98,21
2026-06-22,APAC,Online,Apparel,Enterprise,786.61,43
2026-06-22,APAC,Online,Home Goods,Consumer,775.41,24
2026-06-22,APAC,Online,Home Goods,SMB,1270.23,62
2026-06-22,APAC,Online,Home Goods,Enterprise,1023.37,27
2026-06-22,APAC,Online,Grocery,Consumer,599.66,22
2026-06-22,APAC,Online,Grocery,SMB,727.27,26
2026-06-22,APAC,Online,Grocery,Enterprise,804.42,24
2026-06-22,APAC,Wholesale,Electronics,Consumer,1231.17,67
2026-06-22,APAC,Wholesale,Electronics,SMB,699.05,16
2026-06-22,APAC,Wholesale,Electronics,Enterprise,661.81,26
2026-06-22,APAC,Wholesale,Apparel,Consumer,806.06,25
2026-06-22,APAC,Wholesale,Apparel,SMB,978.3,32
2026-06-22,APAC,Wholesale,Apparel,Enterprise,1150.94,39
2026-06-22,APAC,Wholesale,Home Goods,Consumer,1100.57,25
2026-06-22,APAC,Wholesale,Home Goods,SMB,405.86,19
2026-06-22,APAC,Wholesale,Home Goods,Enterprise,1241.03,49
2026-06-22,APAC,Wholesale,Grocery,Consumer,938.02,32
2026-06-22,APAC,Wholesale,Grocery,SMB,1231.16,46
2026-06-22,APAC,Wholesale,Grocery,Enterprise,1233.71,35
2026-06-23,North America,Retail,Electronics,Consumer,1099.53,32
2026-06-23,North America,Retail,Electronics,SMB,1281.79,38
2026-06-23,North America,Retail,Electronics,Enterprise,725.0,16
2026-06-23,North America,Retail,Apparel,Consumer,628.27,19
2026-06-23,North America,Retail,Apparel,SMB,842.4,34
2026-06-23,North America,Retail,Apparel,Enterprise,640.12,28
2026-06-23,North America,Retail,Home Goods,Consumer,737.18,41
2026-06-23,North America,Retail,Home Goods,SMB,1043.62,39
2026-06-23,North America,Retail,Home Goods,Enterprise,1008.55,29
2026-06-23,North America,Retail,Grocery,Consumer,501.4,15
2026-06-23,North America,Retail,Grocery,SMB,973.03,49
2026-06-23,North America,Retail,Grocery,Enterprise,717.98,27
2026-06-23,North America,Online,Electronics,Consumer,1056.77,24
2026-06-23,North America,Online,Electronics,SMB,388.82,9
2026-06-23,North America,Online,Electronics,Enterprise,1197.73,28
2026-06-23,North America,Online,Apparel,Consumer,617.85,29
2026-06-23,North America,Online,Apparel,SMB,814.65,24
2026-06-23,North America,Online,Apparel,Enterprise,807.53,18
2026-06-23,North America,Online,Home Goods,Consumer,857.19,28
2026-06-23,North America,Online,Home Goods,SMB,865.1,47
2026-06-23,North America,Online,Home Goods,Enterprise,961.88,22
2026-06-23,North America,Online,Grocery,Consumer,578.6,29
2026-06-23,North America,Online,Grocery,SMB,710.28,46
2026-06-23,North America,Online,Grocery,Enterprise,857.44,53
2026-06-23,North America,Wholesale,Electronics,Consumer,408.64,9
2026-06-23,North America,Wholesale,Electronics,SMB,618.0,15
2026-06-23,North America,Wholesale,Electronics,Enterprise,702.06,30
2026-06-23,North America,Wholesale,Apparel,Consumer,934.08,25
2026-06-23,North America,Wholesale,Apparel,SMB,1302.85,37
2026-06-23,North America,Wholesale,Apparel,Enterprise,1221.41,39
2026-06-23,North America,Wholesale,Home Goods,Consumer,1228.0,33
2026-06-23,North America,Wholesale,Home Goods,SMB,514.91,21
2026-06-23,North America,Wholesale,Home Goods,Enterprise,386.57,10
2026-06-23,North America,Wholesale,Grocery,Consumer,1005.88,38
2026-06-23,North America,Wholesale,Grocery,SMB,1181.96,34
2026-06-23,North America,Wholesale,Grocery,Enterprise,1030.5,36
2026-06-23,Europe,Retail,Electronics,Consumer,1337.43,58
2026-06-23,Europe,Retail,Electronics,SMB,699.42,17
2026-06-23,Europe,Retail,Electronics,Enterprise,609.53,30
2026-06-23,Europe,Retail,Apparel,Consumer,824.59,30
2026-06-23,Europe,Retail,Apparel,SMB,1032.19,26
2026-06-23,Europe,Retail,Apparel,Enterprise,1230.96,57
2026-06-23,Europe,Retail,Home Goods,Consumer,1183.68,68
2026-06-23,Europe,Retail,Home Goods,SMB,494.49,11
2026-06-23,Europe,Retail,Home Goods,Enterprise,1217.49,53
2026-06-23,Europe,Retail,Grocery,Consumer,882.79,37
2026-06-23,Europe,Retail,Grocery,SMB,1008.21,28
2026-06-23,Europe,Retail,Grocery,Enterprise,1145.42,35
2026-06-23,Europe,Online,Electronics,Consumer,355.09,18
2026-06-23,Europe,Online,Electronics,SMB,630.36,26
2026-06-23,Europe,Online,Electronics,Enterprise,621.55,24
2026-06-23,Europe,Online,Apparel,Consumer,927.29,39
2026-06-23,Europe,Online,Apparel,SMB,1194.53,35
2026-06-23,Europe,Online,Apparel,Enterprise,1057.84,36
2026-06-23,Europe,Online,Home Goods,Consumer,1018.5,27
2026-06-23,Europe,Online,Home Goods,SMB,479.55,13
2026-06-23,Europe,Online,Home Goods,Enterprise,1351.31,50
2026-06-23,Europe,Online,Grocery,Consumer,930.81,27
2026-06-23,Europe,Online,Grocery,SMB,1229.34,51
2026-06-23,Europe,Online,Grocery,Enterprise,1107.6,34
2026-06-23,Europe,Wholesale,Electronics,Consumer,713.56,19
2026-06-23,Europe,Wholesale,Electronics,SMB,1128.76,25
2026-06-23,Europe,Wholesale,Electronics,Enterprise,846.09,42
2026-06-23,Europe,Wholesale,Apparel,Consumer,1254.14,49
2026-06-23,Europe,Wholesale,Apparel,SMB,612.14,25
2026-06-23,Europe,Wholesale,Apparel,Enterprise,558.2,21
2026-06-23,Europe,Wholesale,Home Goods,Consumer,535.88,26
2026-06-23,Europe,Wholesale,Home Goods,SMB,732.7,23
2026-06-23,Europe,Wholesale,Home Goods,Enterprise,773.35,50
2026-06-23,Europe,Wholesale,Grocery,Consumer,1386.11,31
2026-06-23,Europe,Wholesale,Grocery,SMB,562.92,25
2026-06-23,Europe,Wholesale,Grocery,Enterprise,545.7,23
2026-06-23,APAC,Retail,Electronics,Consumer,972.46,28
2026-06-23,APAC,Retail,Electronics,SMB,1059.89,41
2026-06-23,APAC,Retail,Electronics,Enterprise,963.38,22
2026-06-23,APAC,Retail,Apparel,Consumer,533.82,13
2026-06-23,APAC,Retail,Apparel,SMB,855.77,27
2026-06-23,APAC,Retail,Apparel,Enterprise,640.52,29
2026-06-23,APAC,Retail,Home Goods,Consumer,760.53,28
2026-06-23,APAC,Retail,Home Goods,SMB,1131.89,63
2026-06-23,APAC,Retail,Home Goods,Enterprise,934.45,29
2026-06-23,APAC,Retail,Grocery,Consumer,546.96,17
2026-06-23,APAC,Retail,Grocery,SMB,807.73,18
2026-06-23,APAC,Retail,Grocery,Enterprise,625.03,37
2026-06-23,APAC,Online,Electronics,Consumer,900.42,39
2026-06-23,APAC,Online,Electronics,SMB,1204.65,32
2026-06-23,APAC,Online,Electronics,Enterprise,1115.95,49
2026-06-23,APAC,Online,Apparel,Consumer,459.47,12
2026-06-23,APAC,Online,Apparel,SMB,779.42,23
2026-06-23,APAC,Online,Apparel,Enterprise,732.55,23
2026-06-23,APAC,Online,Home Goods,Consumer,771.23,19
2026-06-23,APAC,Online,Home Goods,SMB,1049.79,62
2026-06-23,APAC,Online,Home Goods,Enterprise,1027.98,61
2026-06-23,APAC,Online,Grocery,Consumer,507.13,23
2026-06-23,APAC,Online,Grocery,SMB,744.77,25
2026-06-23,APAC,Online,Grocery,Enterprise,709.41,22
2026-06-23,APAC,Wholesale,Electronics,Consumer,1289.49,37
2026-06-23,APAC,Wholesale,Electronics,SMB,609.04,29
2026-06-23,APAC,Wholesale,Electronics,Enterprise,599.53,28
2026-06-23,APAC,Wholesale,Apparel,Consumer,852.6,27
2026-06-23,APAC,Wholesale,Apparel,SMB,1138.51,35
2026-06-23,APAC,Wholesale,Apparel,Enterprise,1141.48,35
2026-06-23,APAC,Wholesale,Home Goods,Consumer,1084.46,26
2026-06-23,APAC,Wholesale,Home Goods,SMB,426.89,11
2026-06-23,APAC,Wholesale,Home Goods,Enterprise,1333.57,39
2026-06-23,APAC,Wholesale,Grocery,Consumer,972.59,33
2026-06-23,APAC,Wholesale,Grocery,SMB,1290.59,39
2026-06-23,APAC,Wholesale,Grocery,Enterprise,1069.45,35
2026-06-24,North America,Retail,Electronics,Consumer,1060.12,34
2026-06-24,North America,Retail,Electronics,SMB,1409.71,32
2026-06-24,North America,Retail,Electronics,Enterprise,643.13,28
2026-06-24,North America,Retail,Apparel,Consumer,667.6,28
2026-06-24,North America,Retail,Apparel,SMB,806.13,28
2026-06-24,North America,Retail,Apparel,Enterprise,771.55,17
2026-06-24,North America,Retail,Home Goods,Consumer,873.0,35
2026-06-24,North America,Retail,Home Goods,SMB,1051.41,23
2026-06-24,North America,Retail,Home Goods,Enterprise,968.32,57
2026-06-24,North America,Retail,Grocery,Consumer,606.29,21
2026-06-24,North America,Retail,Grocery,SMB,828.84,29
2026-06-24,North America,Retail,Grocery,Enterprise,953.67,27
2026-06-24,North America,Online,Electronics,Consumer,970.64,25
2026-06-24,North America,Online,Electronics,SMB,398.08,10
2026-06-24,North America,Online,Electronics,Enterprise,1260.69,51
2026-06-24,North America,Online,Apparel,Consumer,636.59,20
2026-06-24,North America,Online,Apparel,SMB,911.65,27
2026-06-24,North America,Online,Apparel,Enterprise,828.41,25
2026-06-24,North America,Online,Home Goods,Consumer,828.24,21
2026-06-24,North America,Online,Home Goods,SMB,1130.95,29
2026-06-24,North America,Online,Home Goods,Enterprise,1087.17,55
2026-06-24,North America,Online,Grocery,Consumer,551.84,12
2026-06-24,North America,Online,Grocery,SMB,989.59,25
2026-06-24,North America,Online,Grocery,Enterprise,806.74,21
2026-06-24,North America,Wholesale,Electronics,Consumer,430.06,14
2026-06-24,North America,Wholesale,Electronics,SMB,855.25,21
2026-06-24,North America,Wholesale,Electronics,Enterprise,643.33,25
2026-06-24,North America,Wholesale,Apparel,Consumer,940.12,36
2026-06-24,North America,Wholesale,Apparel,SMB,1180.89,42
2026-06-24,North America,Wholesale,Apparel,Enterprise,1017.55,37
2026-06-24,North America,Wholesale,Home Goods,Consumer,993.56,36
2026-06-24,North America,Wholesale,Home Goods,SMB,542.27,12
2026-06-24,North America,Wholesale,Home Goods,Enterprise,400.5,9
2026-06-24,North America,Wholesale,Grocery,Consumer,1030.38,27
2026-06-24,North America,Wholesale,Grocery,SMB,1355.49,63
2026-06-24,North America,Wholesale,Grocery,Enterprise,1154.34,31
2026-06-24,Europe,Retail,Electronics,Consumer,1268.15,51
2026-06-24,Europe,Retail,Electronics,SMB,728.39,18
2026-06-24,Europe,Retail,Electronics,Enterprise,580.42,27
2026-06-24,Europe,Retail,Apparel,Consumer,936.19,43
2026-06-24,Europe,Retail,Apparel,SMB,960.35,52
2026-06-24,Europe,Retail,Apparel,Enterprise,1067.88,47
2026-06-24,Europe,Retail,Home Goods,Consumer,1036.81,28
2026-06-24,Europe,Retail,Home Goods,SMB,501.75,17
2026-06-24,Europe,Retail,Home Goods,Enterprise,1326.27,38
2026-06-24,Europe,Retail,Grocery,Consumer,876.1,24
2026-06-24,Europe,Retail,Grocery,SMB,1252.29,53
2026-06-24,Europe,Retail,Grocery,Enterprise,1038.27,31
2026-06-24,Europe,Online,Electronics,Consumer,389.53,11
2026-06-24,Europe,Online,Electronics,SMB,699.84,30
2026-06-24,Europe,Online,Electronics,Enterprise,537.14,29
2026-06-24,Europe,Online,Apparel,Consumer,976.38,51
2026-06-24,Europe,Online,Apparel,SMB,1143.91,29
2026-06-24,Europe,Online,Apparel,Enterprise,998.82,36
2026-06-24,Europe,Online,Home Goods,Consumer,1114.71,46
2026-06-24,Europe,Online,Home Goods,SMB,485.43,23
2026-06-24,Europe,Online,Home Goods,Enterprise,1365.34,42
2026-06-24,Europe,Online,Grocery,Consumer,911.86,24
2026-06-24,Europe,Online,Grocery,SMB,1158.27,48
2026-06-24,Europe,Online,Grocery,Enterprise,1204.75,76
2026-06-24,Europe,Wholesale,Electronics,Consumer,721.99,18
2026-06-24,Europe,Wholesale,Electronics,SMB,971.23,26
2026-06-24,Europe,Wholesale,Electronics,Enterprise,874.85,20
2026-06-24,Europe,Wholesale,Apparel,Consumer,1351.4,47
2026-06-24,Europe,Wholesale,Apparel,SMB,584.5,20
2026-06-24,Europe,Wholesale,Apparel,Enterprise,477.28,16
2026-06-24,Europe,Wholesale,Home Goods,Consumer,474.71,13
2026-06-24,Europe,Wholesale,Home Goods,SMB,869.14,38
2026-06-24,Europe,Wholesale,Home Goods,Enterprise,717.82,38
2026-06-24,Europe,Wholesale,Grocery,Consumer,1182.18,43
2026-06-24,Europe,Wholesale,Grocery,SMB,542.04,32
2026-06-24,Europe,Wholesale,Grocery,Enterprise,544.89,17
2026-06-24,APAC,Retail,Electronics,Consumer,1026.71,66
2026-06-24,APAC,Retail,Electronics,SMB,1169.65,41
2026-06-24,APAC,Retail,Electronics,Enterprise,1269.89,32
2026-06-24,APAC,Retail,Apparel,Consumer,520.7,13
2026-06-24,APAC,Retail,Apparel,SMB,710.13,20
2026-06-24,APAC,Retail,Apparel,Enterprise,727.8,19
2026-06-24,APAC,Retail,Home Goods,Consumer,589.15,15
2026-06-24,APAC,Retail,Home Goods,SMB,929.21,30
2026-06-24,APAC,Retail,Home Goods,Enterprise,992.12,56
2026-06-24,APAC,Retail,Grocery,Consumer,454.29,10
2026-06-24,APAC,Retail,Grocery,SMB,656.88,17
2026-06-24,APAC,Retail,Grocery,Enterprise,626.22,16
2026-06-24,APAC,Online,Electronics,Consumer,897.3,31
2026-06-24,APAC,Online,Electronics,SMB,1268.44,30
2026-06-24,APAC,Online,Electronics,Enterprise,1156.61,67
2026-06-24,APAC,Online,Apparel,Consumer,455.41,13
2026-06-24,APAC,Online,Apparel,SMB,755.23,21
2026-06-24,APAC,Online,Apparel,Enterprise,788.28,19
2026-06-24,APAC,Online,Home Goods,Consumer,727.77,22
2026-06-24,APAC,Online,Home Goods,SMB,1028.02,67
2026-06-24,APAC,Online,Home Goods,Enterprise,959.02,44
2026-06-24,APAC,Online,Grocery,Consumer,529.61,19
2026-06-24,APAC,Online,Grocery,SMB,816.41,23
2026-06-24,APAC,Online,Grocery,Enterprise,792.54,31
2026-06-24,APAC,Wholesale,Electronics,Consumer,1126.69,29
2026-06-24,APAC,Wholesale,Electronics,SMB,674.31,20
2026-06-24,APAC,Wholesale,Electronics,Enterprise,526.07,12
2026-06-24,APAC,Wholesale,Apparel,Consumer,942.82,48
2026-06-24,APAC,Wholesale,Apparel,SMB,1124.73,55
2026-06-24,APAC,Wholesale,Apparel,Enterprise,990.68,62
2026-06-24,APAC,Wholesale,Home Goods,Consumer,927.01,24
2026-06-24,APAC,Wholesale,Home Goods,SMB,399.41,12
2026-06-24,APAC,Wholesale,Home Goods,Enterprise,1357.92,55
2026-06-24,APAC,Wholesale,Grocery,Consumer,838.86,38
2026-06-24,APAC,Wholesale,Grocery,SMB,1157.8,41
2026-06-24,APAC,Wholesale,Grocery,Enterprise,1139.23,49
2026-06-25,North America,Retail,Electronics,Consumer,1069.44,41
2026-06-25,North America,Retail,Electronics,SMB,1270.66,66
2026-06-25,North America,Retail,Electronics,Enterprise,723.38,18
2026-06-25,North America,Retail,Apparel,Consumer,549.41,20
2026-06-25,North America,Retail,Apparel,SMB,754.28,20
2026-06-25,North America,Retail,Apparel,Enterprise,828.07,31
2026-06-25,North America,Retail,Home Goods,Consumer,741.74,35
2026-06-25,North America,Retail,Home Goods,SMB,1113.74,42
2026-06-25,North America,Retail,Home Goods,Enterprise,1030.15,50
2026-06-25,North America,Retail,Grocery,Consumer,581.49,13
2026-06-25,North America,Retail,Grocery,SMB,877.26,23
2026-06-25,North America,Retail,Grocery,Enterprise,781.25,41
2026-06-25,North America,Online,Electronics,Consumer,909.95,24
2026-06-25,North America,Online,Electronics,SMB,406.0,16
2026-06-25,North America,Online,Electronics,Enterprise,1337.81,34
2026-06-25,North America,Online,Apparel,Consumer,709.14,27
2026-06-25,North America,Online,Apparel,SMB,863.88,30
2026-06-25,North America,Online,Apparel,Enterprise,827.02,54
2026-06-25,North America,Online,Home Goods,Consumer,828.5,20
2026-06-25,North America,Online,Home Goods,SMB,1005.81,39
2026-06-25,North America,Online,Home Goods,Enterprise,1166.36,41
2026-06-25,North America,Online,Grocery,Consumer,574.2,14
2026-06-25,North America,Online,Grocery,SMB,797.37,45
2026-06-25,North America,Online,Grocery,Enterprise,1068.66,31
2026-06-25,North America,Wholesale,Electronics,Consumer,409.43,9
2026-06-25,North America,Wholesale,Electronics,SMB,763.67,32
2026-06-25,North America,Wholesale,Electronics,Enterprise,625.25,32
2026-06-25,North America,Wholesale,Apparel,Consumer,851.04,37
2026-06-25,North America,Wholesale,Apparel,SMB,1138.46,57
2026-06-25,North America,Wholesale,Apparel,Enterprise,1096.58,30
2026-06-25,North America,Wholesale,Home Goods,Consumer,1128.47,28
2026-06-25,North America,Wholesale,Home Goods,SMB,493.6,12
2026-06-25,North America,Wholesale,Home Goods,Enterprise,421.03,15
2026-06-25,North America,Wholesale,Grocery,Consumer,863.6,43
2026-06-25,North America,Wholesale,Grocery,SMB,1312.04,29
2026-06-25,North America,Wholesale,Grocery,Enterprise,1325.59,35
2026-06-25,Europe,Retail,Electronics,Consumer,1320.29,31
2026-06-25,Europe,Retail,Electronics,SMB,646.1,35
2026-06-25,Europe,Retail,Electronics,Enterprise,638.91,26
2026-06-25,Europe,Retail,Apparel,Consumer,926.63,27
2026-06-25,Europe,Retail,Apparel,SMB,1200.2,48
2026-06-25,Europe,Retail,Apparel,Enterprise,1034.6,26
2026-06-25,Europe,Retail,Home Goods,Consumer,993.02,61
2026-06-25,Europe,Retail,Home Goods,SMB,531.8,12
2026-06-25,Europe,Retail,Home Goods,Enterprise,1322.37,50
2026-06-25,Europe,Retail,Grocery,Consumer,868.77,26
2026-06-25,Europe,Retail,Grocery,SMB,1108.13,71
2026-06-25,Europe,Retail,Grocery,Enterprise,1084.91,25
2026-06-25,Europe,Online,Electronics,Consumer,479.81,26
2026-06-25,Europe,Online,Electronics,SMB,770.93,26
2026-06-25,Europe,Online,Electronics,Enterprise,709.04,22
2026-06-25,Europe,Online,Apparel,Consumer,847.84,44
2026-06-25,Europe,Online,Apparel,SMB,1040.21,42
2026-06-25,Europe,Online,Apparel,Enterprise,1001.03,34
2026-06-25,Europe,Online,Home Goods,Consumer,1123.3,32
2026-06-25,Europe,Online,Home Goods,SMB,456.76,17
2026-06-25,Europe,Online,Home Goods,Enterprise,1174.31,40
2026-06-25,Europe,Online,Grocery,Consumer,810.5,21
2026-06-25,Europe,Online,Grocery,SMB,1202.86,55
2026-06-25,Europe,Online,Grocery,Enterprise,1050.49,55
2026-06-25,Europe,Wholesale,Electronics,Consumer,757.45,43
2026-06-25,Europe,Wholesale,Electronics,SMB,980.69,54
2026-06-25,Europe,Wholesale,Electronics,Enterprise,803.89,44
2026-06-25,Europe,Wholesale,Apparel,Consumer,1293.07,59
2026-06-25,Europe,Wholesale,Apparel,SMB,589.39,23
2026-06-25,Europe,Wholesale,Apparel,Enterprise,547.18,12
2026-06-25,Europe,Wholesale,Home Goods,Consumer,480.98,14
2026-06-25,Europe,Wholesale,Home Goods,SMB,720.55,17
2026-06-25,Europe,Wholesale,Home Goods,Enterprise,719.9,26
2026-06-25,Europe,Wholesale,Grocery,Consumer,1151.95,33
2026-06-25,Europe,Wholesale,Grocery,SMB,489.0,30
2026-06-25,Europe,Wholesale,Grocery,Enterprise,469.89,11
2026-06-25,APAC,Retail,Electronics,Consumer,931.13,44
2026-06-25,APAC,Retail,Electronics,SMB,1251.43,61
2026-06-25,APAC,Retail,Electronics,Enterprise,1177.26,30
2026-06-25,APAC,Retail,Apparel,Consumer,519.43,26
2026-06-25,APAC,Retail,Apparel,SMB,756.62,25
2026-06-25,APAC,Retail,Apparel,Enterprise,791.76,31
2026-06-25,APAC,Retail,Home Goods,Consumer,660.18,20
2026-06-25,APAC,Retail,Home Goods,SMB,908.53,31
2026-06-25,APAC,Retail,Home Goods,Enterprise,971.16,30
2026-06-25,APAC,Retail,Grocery,Consumer,590.98,31
2026-06-25,APAC,Retail,Grocery,SMB,794.58,18
2026-06-25,APAC,Retail,Grocery,Enterprise,846.37,33
2026-06-25,APAC,Online,Electronics,Consumer,998.69,25
2026-06-25,APAC,Online,Electronics,SMB,1187.58,40
2026-06-25,APAC,Online,Electronics,Enterprise,1034.82,29
2026-06-25,APAC,Online,Apparel,Consumer,496.62,19
2026-06-25,APAC,Online,Apparel,SMB,774.14,29
2026-06-25,APAC,Online,Apparel,Enterprise,725.49,21
2026-06-25,APAC,Online,Home Goods,Consumer,768.96,35
2026-06-25,APAC,Online,Home Goods,SMB,1011.68,35
2026-06-25,APAC,Online,Home Goods,Enterprise,1025.77,42
2026-06-25,APAC,Online,Grocery,Consumer,571.93,13
2026-06-25,APAC,Online,Grocery,SMB,794.4,17
2026-06-25,APAC,Online,Grocery,Enterprise,810.15,46
2026-06-25,APAC,Wholesale,Electronics,Consumer,1352.89,50
2026-06-25,APAC,Wholesale,Electronics,SMB,607.99,14
2026-06-25,APAC,Wholesale,Electronics,Enterprise,615.81,15
2026-06-25,APAC,Wholesale,Apparel,Consumer,833.6,38
2026-06-25,APAC,Wholesale,Apparel,SMB,1260.38,49
2026-06-25,APAC,Wholesale,Apparel,Enterprise,1061.28,32
2026-06-25,APAC,Wholesale,Home Goods,Consumer,1155.12,37
2026-06-25,APAC,Wholesale,Home Goods,SMB,496.92,12
2026-06-25,APAC,Wholesale,Home Goods,Enterprise,1223.15,28
2026-06-25,APAC,Wholesale,Grocery,Consumer,893.66,28
2026-06-25,APAC,Wholesale,Grocery,SMB,1108.53,55
2026-06-25,APAC,Wholesale,Grocery,Enterprise,1096.87,32
2026-06-26,North America,Retail,Electronics,Consumer,901.61,24
2026-06-26,North America,Retail,Electronics,SMB,1163.72,59
2026-06-26,North America,Retail,Electronics,Enterprise,745.89,18
2026-06-26,North America,Retail,Apparel,Consumer,556.43,23
2026-06-26,North America,Retail,Apparel,SMB,1023.46,42
2026-06-26,North America,Retail,Apparel,Enterprise,752.68,17
2026-06-26,North America,Retail,Home Goods,Consumer,936.93,32
2026-06-26,North America,Retail,Home Goods,SMB,1052.84,55
2026-06-26,North America,Retail,Home Goods,Enterprise,1018.0,45
2026-06-26,North America,Retail,Grocery,Consumer,600.52,18
2026-06-26,North America,Retail,Grocery,SMB,822.61,24
2026-06-26,North America,Retail,Grocery,Enterprise,950.57,21
2026-06-26,North America,Online,Electronics,Consumer,1099.21,56
2026-06-26,North America,Online,Electronics,SMB,415.05,10
2026-06-26,North America,Online,Electronics,Enterprise,1250.4,28
2026-06-26,North America,Online,Apparel,Consumer,498.76,22
2026-06-26,North America,Online,Apparel,SMB,887.56,33
2026-06-26,North America,Online,Apparel,Enterprise,706.6,33
2026-06-26,North America,Online,Home Goods,Consumer,819.48,18
2026-06-26,North America,Online,Home Goods,SMB,1060.25,45
2026-06-26,North America,Online,Home Goods,Enterprise,1052.72,28
2026-06-26,North America,Online,Grocery,Consumer,589.48,13
2026-06-26,North America,Online,Grocery,SMB,931.43,26
2026-06-26,North America,Online,Grocery,Enterprise,875.79,23
2026-06-26,North America,Wholesale,Electronics,Consumer,457.54,18
2026-06-26,North America,Wholesale,Electronics,SMB,723.95,40
2026-06-26,North America,Wholesale,Electronics,Enterprise,612.25,17
2026-06-26,North America,Wholesale,Apparel,Consumer,843.14,35
2026-06-26,North America,Wholesale,Apparel,SMB,1294.49,45
2026-06-26,North America,Wholesale,Apparel,Enterprise,1218.87,71
2026-06-26,North America,Wholesale,Home Goods,Consumer,1322.19,52
2026-06-26,North America,Wholesale,Home Goods,SMB,496.25,21
2026-06-26,North America,Wholesale,Home Goods,Enterprise,473.33,11
2026-06-26,North America,Wholesale,Grocery,Consumer,918.52,49
2026-06-26,North America,Wholesale,Grocery,SMB,1080.87,26
2026-06-26,North America,Wholesale,Grocery,Enterprise,1162.19,32
2026-06-26,Europe,Retail,Electronics,Consumer,1344.18,61
2026-06-26,Europe,Retail,Electronics,SMB,590.11,32
2026-06-26,Europe,Retail,Electronics,Enterprise,675.25,20
2026-06-26,Europe,Retail,Apparel,Consumer,856.6,33
2026-06-26,Europe,Retail,Apparel,SMB,1231.92,30
2026-06-26,Europe,Retail,Apparel,Enterprise,978.29,22
2026-06-26,Europe,Retail,Home Goods,Consumer,973.24,23
2026-06-26,Europe,Retail,Home Goods,SMB,489.01,20
2026-06-26,Europe,Retail,Home Goods,Enterprise,1281.49,56
2026-06-26,Europe,Retail,Grocery,Consumer,824.19,27
2026-06-26,Europe,Retail,Grocery,SMB,1007.21,22
2026-06-26,Europe,Retail,Grocery,Enterprise,1173.47,67
2026-06-26,Europe,Online,Electronics,Consumer,446.64,20
2026-06-26,Europe,Online,Electronics,SMB,740.64,24
2026-06-26,Europe,Online,Electronics,Enterprise,551.98,30
2026-06-26,Europe,Online,Apparel,Consumer,806.72,20
2026-06-26,Europe,Online,Apparel,SMB,1113.76,27
2026-06-26,Europe,Online,Apparel,Enterprise,968.42,36
2026-06-26,Europe,Online,Home Goods,Consumer,889.53,33
2026-06-26,Europe,Online,Home Goods,SMB,457.86,13
2026-06-26,Europe,Online,Home Goods,Enterprise,1143.34,26
2026-06-26,Europe,Online,Grocery,Consumer,816.45,25
2026-06-26,Europe,Online,Grocery,SMB,1283.27,49
2026-06-26,Europe,Online,Grocery,Enterprise,1197.36,34
2026-06-26,Europe,Wholesale,Electronics,Consumer,768.54,28
2026-06-26,Europe,Wholesale,Electronics,SMB,953.36,25
2026-06-26,Europe,Wholesale,Electronics,Enterprise,856.6,21
2026-06-26,Europe,Wholesale,Apparel,Consumer,1317.3,40
2026-06-26,Europe,Wholesale,Apparel,SMB,457.19,11
2026-06-26,Europe,Wholesale,Apparel,Enterprise,480.63,14
2026-06-26,Europe,Wholesale,Home Goods,Consumer,515.38,32
2026-06-26,Europe,Wholesale,Home Goods,SMB,694.78,21
2026-06-26,Europe,Wholesale,Home Goods,Enterprise,855.17,47
2026-06-26,Europe,Wholesale,Grocery,Consumer,1238.13,29
2026-06-26,Europe,Wholesale,Grocery,SMB,609.23,15
2026-06-26,Europe,Wholesale,Grocery,Enterprise,452.8,20
2026-06-26,APAC,Retail,Electronics,Consumer,978.04,22
2026-06-26,APAC,Retail,Electronics,SMB,1148.78,51
2026-06-26,APAC,Retail,Electronics,Enterprise,1134.56,39
2026-06-26,APAC,Retail,Apparel,Consumer,515.26,11
2026-06-26,APAC,Retail,Apparel,SMB,783.68,36
2026-06-26,APAC,Retail,Apparel,Enterprise,826.55,21
2026-06-26,APAC,Retail,Home Goods,Consumer,685.44,25
2026-06-26,APAC,Retail,Home Goods,SMB,996.01,39
2026-06-26,APAC,Retail,Home Goods,Enterprise,1006.53,24
2026-06-26,APAC,Retail,Grocery,Consumer,457.57,18
2026-06-26,APAC,Retail,Grocery,SMB,735.37,18
2026-06-26,APAC,Retail,Grocery,Enterprise,680.59,31
2026-06-26,APAC,Online,Electronics,Consumer,969.72,26
2026-06-26,APAC,Online,Electronics,SMB,1194.8,34
2026-06-26,APAC,Online,Electronics,Enterprise,1123.87,54
2026-06-26,APAC,Online,Apparel,Consumer,559.59,21
2026-06-26,APAC,Online,Apparel,SMB,787.79,30
2026-06-26,APAC,Online,Apparel,Enterprise,818.92,20
2026-06-26,APAC,Online,Home Goods,Consumer,817.62,18
2026-06-26,APAC,Online,Home Goods,SMB,937.6,37
2026-06-26,APAC,Online,Home Goods,Enterprise,1028.89,24
2026-06-26,APAC,Online,Grocery,Consumer,573.57,15
2026-06-26,APAC,Online,Grocery,SMB,716.69,23
2026-06-26,APAC,Online,Grocery,Enterprise,712.57,26
2026-06-26,APAC,Wholesale,Electronics,Consumer,1249.32,70
2026-06-26,APAC,Wholesale,Electronics,SMB,621.19,18
2026-06-26,APAC,Wholesale,Electronics,Enterprise,619.11,27
2026-06-26,APAC,Wholesale,Apparel,Consumer,786.54,21
2026-06-26,APAC,Wholesale,Apparel,SMB,1028.14,24
2026-06-26,APAC,Wholesale,Apparel,Enterprise,1029.75,56
2026-06-26,APAC,Wholesale,Home Goods,Consumer,1207.5,29
2026-06-26,APAC,Wholesale,Home Goods,SMB,422.39,17
2026-06-26,APAC,Wholesale,Home Goods,Enterprise,1232.9,27
2026-06-26,APAC,Wholesale,Grocery,Consumer,843.91,29
2026-06-26,APAC,Wholesale,Grocery,SMB,1248.98,35
2026-06-26,APAC,Wholesale,Grocery,Enterprise,1096.31,47
2026-06-27,North America,Retail,Electronics,Consumer,863.1,19
2026-06-27,North America,Retail,Electronics,SMB,1305.8,58
2026-06-27,North America,Retail,Electronics,Enterprise,688.33,32
2026-06-27,North America,Retail,Apparel,Consumer,645.16,41
2026-06-27,North America,Retail,Apparel,SMB,861.56,25
2026-06-27,North America,Retail,Apparel,Enterprise,804.97,20
2026-06-27,North America,Retail,Home Goods,Consumer,733.13,22
2026-06-27,North America,Retail,Home Goods,SMB,1141.21,41
2026-06-27,North America,Retail,Home Goods,Enterprise,1077.86,31
2026-06-27,North America,Retail,Grocery,Consumer,549.22,13
2026-06-27,North America,Retail,Grocery,SMB,999.08,27
2026-06-27,North America,Retail,Grocery,Enterprise,799.89,17
2026-06-27,North America,Online,Electronics,Consumer,1042.05,39
2026-06-27,North America,Online,Electronics,SMB,379.19,9
2026-06-27,North America,Online,Electronics,Enterprise,1314.0,51
2026-06-27,North America,Online,Apparel,Consumer,567.18,12
2026-06-27,North America,Online,Apparel,SMB,956.07,21
2026-06-27,North America,Online,Apparel,Enterprise,890.45,39
2026-06-27,North America,Online,Home Goods,Consumer,774.08,17
2026-06-27,North America,Online,Home Goods,SMB,1078.1,27
2026-06-27,North America,Online,Home Goods,Enterprise,927.37,37
2026-06-27,North America,Online,Grocery,Consumer,602.42,15
2026-06-27,North America,Online,Grocery,SMB,797.13,21
2026-06-27,North America,Online,Grocery,Enterprise,754.47,21
2026-06-27,North America,Wholesale,Electronics,Consumer,343.76,11
2026-06-27,North America,Wholesale,Electronics,SMB,666.18,20
2026-06-27,North America,Wholesale,Electronics,Enterprise,721.54,24
2026-06-27,North America,Wholesale,Apparel,Consumer,934.88,33
2026-06-27,North America,Wholesale,Apparel,SMB,1239.58,38
2026-06-27,North America,Wholesale,Apparel,Enterprise,1099.14,34
2026-06-27,North America,Wholesale,Home Goods,Consumer,1203.87,29
2026-06-27,North America,Wholesale,Home Goods,SMB,521.29,26
2026-06-27,North America,Wholesale,Home Goods,Enterprise,433.65,11
2026-06-27,North America,Wholesale,Grocery,Consumer,899.25,28
2026-06-27,North America,Wholesale,Grocery,SMB,1353.2,37
2026-06-27,North America,Wholesale,Grocery,Enterprise,1089.34,36
2026-06-27,Europe,Retail,Electronics,Consumer,1225.65,27
2026-06-27,Europe,Retail,Electronics,SMB,553.6,25
2026-06-27,Europe,Retail,Electronics,Enterprise,551.14,15
2026-06-27,Europe,Retail,Apparel,Consumer,883.29,35
2026-06-27,Europe,Retail,Apparel,SMB,971.33,22
2026-06-27,Europe,Retail,Apparel,Enterprise,996.61,51
2026-06-27,Europe,Retail,Home Goods,Consumer,955.13,39
2026-06-27,Europe,Retail,Home Goods,SMB,450.17,29
2026-06-27,Europe,Retail,Home Goods,Enterprise,1168.76,45
2026-06-27,Europe,Retail,Grocery,Consumer,809.4,43
2026-06-27,Europe,Retail,Grocery,SMB,1288.94,41
2026-06-27,Europe,Retail,Grocery,Enterprise,1075.89,29
2026-06-27,Europe,Online,Electronics,Consumer,397.35,12
2026-06-27,Europe,Online,Electronics,SMB,640.98,16
2026-06-27,Europe,Online,Electronics,Enterprise,626.32,18
2026-06-27,Europe,Online,Apparel,Consumer,901.38,30
2026-06-27,Europe,Online,Apparel,SMB,1172.91,27
2026-06-27,Europe,Online,Apparel,Enterprise,1100.35,34
2026-06-27,Europe,Online,Home Goods,Consumer,1167.64,42
2026-06-27,Europe,Online,Home Goods,SMB,456.33,12
2026-06-27,Europe,Online,Home Goods,Enterprise,1360.43,76
2026-06-27,Europe,Online,Grocery,Consumer,933.58,36
2026-06-27,Europe,Online,Grocery,SMB,1115.13,37
2026-06-27,Europe,Online,Grocery,Enterprise,923.08,44
2026-06-27,Europe,Wholesale,Electronics,Consumer,685.42,15
2026-06-27,Europe,Wholesale,Electronics,SMB,1034.33,30
2026-06-27,Europe,Wholesale,Electronics,Enterprise,865.49,28
2026-06-27,Europe,Wholesale,Apparel,Consumer,1314.33,84
2026-06-27,Europe,Wholesale,Apparel,SMB,462.69,27
2026-06-27,Europe,Wholesale,Apparel,Enterprise,424.69,16
2026-06-27,Europe,Wholesale,Home Goods,Consumer,555.95,18
2026-06-27,Europe,Wholesale,Home Goods,SMB,928.29,61
2026-06-27,Europe,Wholesale,Home Goods,Enterprise,707.81,16
2026-06-27,Europe,Wholesale,Grocery,Consumer,1218.1,38
2026-06-27,Europe,Wholesale,Grocery,SMB,659.12,31
2026-06-27,Europe,Wholesale,Grocery,Enterprise,436.32,12
2026-06-27,APAC,Retail,Electronics,Consumer,971.15,38
2026-06-27,APAC,Retail,Electronics,SMB,1293.88,31
2026-06-27,APAC,Retail,Electronics,Enterprise,1269.3,39
2026-06-27,APAC,Retail,Apparel,Consumer,482.13,11
2026-06-27,APAC,Retail,Apparel,SMB,757.65,37
2026-06-27,APAC,Retail,Apparel,Enterprise,609.26,31
2026-06-27,APAC,Retail,Home Goods,Consumer,741.13,45
2026-06-27,APAC,Retail,Home Goods,SMB,998.67,32
2026-06-27,APAC,Retail,Home Goods,Enterprise,1122.04,28
2026-06-27,APAC,Retail,Grocery,Consumer,506.58,20
2026-06-27,APAC,Retail,Grocery,SMB,799.45,39
2026-06-27,APAC,Retail,Grocery,Enterprise,799.44,26
2026-06-27,APAC,Online,Electronics,Consumer,1025.45,30
2026-06-27,APAC,Online,Electronics,SMB,1166.99,25
2026-06-27,APAC,Online,Electronics,Enterprise,1358.66,31
2026-06-27,APAC,Online,Apparel,Consumer,468.22,14
2026-06-27,APAC,Online,Apparel,SMB,743.77,40
2026-06-27,APAC,Online,Apparel,Enterprise,768.82,24
2026-06-27,APAC,Online,Home Goods,Consumer,709.27,31
2026-06-27,APAC,Online,Home Goods,SMB,1087.24,27
2026-06-27,APAC,Online,Home Goods,Enterprise,981.29,38
2026-06-27,APAC,Online,Grocery,Consumer,577.49,13
2026-06-27,APAC,Online,Grocery,SMB,924.19,21
2026-06-27,APAC,Online,Grocery,Enterprise,697.92,19
2026-06-27,APAC,Wholesale,Electronics,Consumer,1296.64,42
2026-06-27,APAC,Wholesale,Electronics,SMB,633.78,18
2026-06-27,APAC,Wholesale,Electronics,Enterprise,560.43,17
2026-06-27,APAC,Wholesale,Apparel,Consumer,907.79,29
2026-06-27,APAC,Wholesale,Apparel,SMB,1027.65,48
2026-06-27,APAC,Wholesale,Apparel,Enterprise,1111.98,45
2026-06-27,APAC,Wholesale,Home Goods,Consumer,1004.75,23
2026-06-27,APAC,Wholesale,Home Goods,SMB,447.52,16
2026-06-27,APAC,Wholesale,Home Goods,Enterprise,1232.29,78
2026-06-27,APAC,Wholesale,Grocery,Consumer,867.26,47
2026-06-27,APAC,Wholesale,Grocery,SMB,1022.26,42
2026-06-27,APAC,Wholesale,Grocery,Enterprise,1024.96,22
2026-06-28,North America,Retail,Electronics,Consumer,1035.15,28
2026-06-28,North America,Retail,Electronics,SMB,1122.12,36
2026-06-28,North America,Retail,Electronics,Enterprise,803.13,33
2026-06-28,North America,Retail,Apparel,Consumer,608.01,18
2026-06-28,North America,Retail,Apparel,SMB,930.8,27
2026-06-28,North America,Retail,Apparel,Enterprise,745.52,20
2026-06-28,North America,Retail,Home Goods,Consumer,783.48,32
2026-06-28,North America,Retail,Home Goods,SMB,1079.23,52
2026-06-28,North America,Retail,Home Goods,Enterprise,1042.0,26
2026-06-28,North America,Retail,Grocery,Consumer,597.48,14
2026-06-28,North America,Retail,Grocery,SMB,876.81,43
2026-06-28,North America,Retail,Grocery,Enterprise,734.86,28
2026-06-28,North America,Online,Electronics,Consumer,964.65,53
2026-06-28,North America,Online,Electronics,SMB,335.72,7
2026-06-28,North America,Online,Electronics,Enterprise,1355.54,78
2026-06-28,North America,Online,Apparel,Consumer,536.91,25
2026-06-28,North America,Online,Apparel,SMB,891.57,57
2026-06-28,North America,Online,Apparel,Enterprise,883.73,20
2026-06-28,North America,Online,Home Goods,Consumer,833.93,19
2026-06-28,North America,Online,Home Goods,SMB,1217.17,80
2026-06-28,North America,Online,Home Goods,Enterprise,1029.03,25
2026-06-28,North America,Online,Grocery,Consumer,693.56,15
2026-06-28,North America,Online,Grocery,SMB,1019.39,38
2026-06-28,North America,Online,Grocery,Enterprise,808.07,20
2026-06-28,North America,Wholesale,Electronics,Consumer,458.69,20
2026-06-28,North America,Wholesale,Electronics,SMB,730.86,20
2026-06-28,North America,Wholesale,Electronics,Enterprise,693.38,21
2026-06-28,North America,Wholesale,Apparel,Consumer,850.89,20
2026-06-28,North America,Wholesale,Apparel,SMB,1138.99,27
2026-06-28,North America,Wholesale,Apparel,Enterprise,1071.97,28
2026-06-28,North America,Wholesale,Home Goods,Consumer,1106.47,40
2026-06-28,North America,Wholesale,Home Goods,SMB,569.6,20
2026-06-28,North America,Wholesale,Home Goods,Enterprise,425.74,10
2026-06-28,North America,Wholesale,Grocery,Consumer,1080.53,36
2026-06-28,North America,Wholesale,Grocery,SMB,1096.51,40
2026-06-28,North America,Wholesale,Grocery,Enterprise,1061.88,29
2026-06-28,Europe,Retail,Electronics,Consumer,1150.83,53
2026-06-28,Europe,Retail,Electronics,SMB,703.14,20
2026-06-28,Europe,Retail,Electronics,Enterprise,687.68,23
2026-06-28,Europe,Retail,Apparel,Consumer,956.08,46
2026-06-28,Europe,Retail,Apparel,SMB,1037.84,45
2026-06-28,Europe,Retail,Apparel,Enterprise,1252.6,35
2026-06-28,Europe,Retail,Home Goods,Consumer,1161.08,37
2026-06-28,Europe,Retail,Home Goods,SMB,448.2,19
2026-06-28,Europe,Retail,Home Goods,Enterprise,1250.09,67
2026-06-28,Europe,Retail,Grocery,Consumer,865.61,21
2026-06-28,Europe,Retail,Grocery,SMB,1331.88,42
2026-06-28,Europe,Retail,Grocery,Enterprise,950.38,31
2026-06-28,Europe,Online,Electronics,Consumer,473.48,16
2026-06-28,Europe,Online,Electronics,SMB,810.66,44
2026-06-28,Europe,Online,Electronics,Enterprise,625.41,30
2026-06-28,Europe,Online,Apparel,Consumer,991.32,26
2026-06-28,Europe,Online,Apparel,SMB,1167.63,34
2026-06-28,Europe,Online,Apparel,Enterprise,1015.0,36
2026-06-28,Europe,Online,Home Goods,Consumer,1159.09,71
2026-06-28,Europe,Online,Home Goods,SMB,507.44,11
2026-06-28,Europe,Online,Home Goods,Enterprise,1306.08,61
2026-06-28,Europe,Online,Grocery,Consumer,838.48,34
2026-06-28,Europe,Online,Grocery,SMB,959.64,38
2026-06-28,Europe,Online,Grocery,Enterprise,1007.42,23
2026-06-28,Europe,Wholesale,Electronics,Consumer,766.09,36
2026-06-28,Europe,Wholesale,Electronics,SMB,965.94,28
2026-06-28,Europe,Wholesale,Electronics,Enterprise,898.66,37
2026-06-28,Europe,Wholesale,Apparel,Consumer,1215.37,71
2026-06-28,Europe,Wholesale,Apparel,SMB,574.94,16
2026-06-28,Europe,Wholesale,Apparel,Enterprise,517.78,18
2026-06-28,Europe,Wholesale,Home Goods,Consumer,515.58,23
2026-06-28,Europe,Wholesale,Home Goods,SMB,769.73,24
2026-06-28,Europe,Wholesale,Home Goods,Enterprise,688.06,15
2026-06-28,Europe,Wholesale,Grocery,Consumer,1184.28,70
2026-06-28,Europe,Wholesale,Grocery,SMB,565.84,18
2026-06-28,Europe,Wholesale,Grocery,Enterprise,477.11,14
2026-06-28,APAC,Retail,Electronics,Consumer,1034.08,39
2026-06-28,APAC,Retail,Electronics,SMB,1431.48,74
2026-06-28,APAC,Retail,Electronics,Enterprise,1215.9,45
2026-06-28,APAC,Retail,Apparel,Consumer,529.1,16
2026-06-28,APAC,Retail,Apparel,SMB,835.3,44
2026-06-28,APAC,Retail,Apparel,Enterprise,632.72,29
2026-06-28,APAC,Retail,Home Goods,Consumer,682.57,39
2026-06-28,APAC,Retail,Home Goods,SMB,941.4,27
2026-06-28,APAC,Retail,Home Goods,Enterprise,1099.15,32
2026-06-28,APAC,Retail,Grocery,Consumer,479.68,20
2026-06-28,APAC,Retail,Grocery,SMB,761.86,20
2026-06-28,APAC,Retail,Grocery,Enterprise,702.54,19
2026-06-28,APAC,Online,Electronics,Consumer,899.69,20
2026-06-28,APAC,Online,Electronics,SMB,1175.91,41
2026-06-28,APAC,Online,Electronics,Enterprise,1213.04,39
2026-06-28,APAC,Online,Apparel,Consumer,503.48,19
2026-06-28,APAC,Online,Apparel,SMB,852.91,42
2026-06-28,APAC,Online,Apparel,Enterprise,793.33,18
2026-06-28,APAC,Online,Home Goods,Consumer,861.21,33
2026-06-28,APAC,Online,Home Goods,SMB,1020.09,65
2026-06-28,APAC,Online,Home Goods,Enterprise,966.5,33
2026-06-28,APAC,Online,Grocery,Consumer,514.48,14
2026-06-28,APAC,Online,Grocery,SMB,773.57,28
2026-06-28,APAC,Online,Grocery,Enterprise,738.9,18
2026-06-28,APAC,Wholesale,Electronics,Consumer,1125.71,40
2026-06-28,APAC,Wholesale,Electronics,SMB,753.6,27
2026-06-28,APAC,Wholesale,Electronics,Enterprise,579.74,21
2026-06-28,APAC,Wholesale,Apparel,Consumer,762.11,29
2026-06-28,APAC,Wholesale,Apparel,SMB,1074.6,29
2026-06-28,APAC,Wholesale,Apparel,Enterprise,1122.05,52
2026-06-28,APAC,Wholesale,Home Goods,Consumer,1069.36,51
2026-06-28,APAC,Wholesale,Home Goods,SMB,462.42,11
2026-06-28,APAC,Wholesale,Home Goods,Enterprise,1194.82,28
2026-06-28,APAC,Wholesale,Grocery,Consumer,775.91,24
2026-06-28,APAC,Wholesale,Grocery,SMB,1146.18,33
2026-06-28,APAC,Wholesale,Grocery,Enterprise,981.74,45
2026-06-29,North America,Retail,Electronics,Consumer,1041.62,30
2026-06-29,North America,Retail,Electronics,SMB,1337.67,55
2026-06-29,North America,Retail,Electronics,Enterprise,722.98,21
2026-06-29,North America,Retail,Apparel,Consumer,509.65,30
2026-06-29,North America,Retail,Apparel,SMB,878.87,44
2026-06-29,North America,Retail,Apparel,Enterprise,870.56,32
2026-06-29,North America,Retail,Home Goods,Consumer,762.73,26
2026-06-29,North America,Retail,Home Goods,SMB,1078.99,30
2026-06-29,North America,Retail,Home Goods,Enterprise,925.1,39
2026-06-29,North America,Retail,Grocery,Consumer,647.83,17
2026-06-29,North America,Retail,Grocery,SMB,845.1,31
2026-06-29,North America,Retail,Grocery,Enterprise,799.3,20
2026-06-29,North America,Online,Electronics,Consumer,1048.08,36
2026-06-29,North America,Online,Electronics,SMB,434.42,10
2026-06-29,North America,Online,Electronics,Enterprise,1389.8,56
2026-06-29,North America,Online,Apparel,Consumer,661.93,15
2026-06-29,North America,Online,Apparel,SMB,779.12,18
2026-06-29,North America,Online,Apparel,Enterprise,728.66,20
2026-06-29,North America,Online,Home Goods,Consumer,813.29,53
2026-06-29,North America,Online,Home Goods,SMB,1053.1,25
2026-06-29,North America,Online,Home Goods,Enterprise,1170.99,47
2026-06-29,North America,Online,Grocery,Consumer,635.82,15
2026-06-29,North America,Online,Grocery,SMB,898.8,42
2026-06-29,North America,Online,Grocery,Enterprise,853.77,21
2026-06-29,North America,Wholesale,Electronics,Consumer,389.76,11
2026-06-29,North America,Wholesale,Electronics,SMB,817.99,20
2026-06-29,North America,Wholesale,Electronics,Enterprise,572.53,24
2026-06-29,North America,Wholesale,Apparel,Consumer,919.54,50
2026-06-29,North America,Wholesale,Apparel,SMB,995.57,50
2026-06-29,North America,Wholesale,Apparel,Enterprise,1042.3,37
2026-06-29,North America,Wholesale,Home Goods,Consumer,1003.55,50
2026-06-29,North America,Wholesale,Home Goods,SMB,496.63,15
2026-06-29,North America,Wholesale,Home Goods,Enterprise,340.35,9
2026-06-29,North America,Wholesale,Grocery,Consumer,964.19,22
2026-06-29,North America,Wholesale,Grocery,SMB,1346.87,69
2026-06-29,North America,Wholesale,Grocery,Enterprise,1116.93,39
2026-06-29,Europe,Retail,Electronics,Consumer,1297.99,49
2026-06-29,Europe,Retail,Electronics,SMB,648.74,24
2026-06-29,Europe,Retail,Electronics,Enterprise,613.69,17
2026-06-29,Europe,Retail,Apparel,Consumer,870.1,22
2026-06-29,Europe,Retail,Apparel,SMB,1249.73,61
2026-06-29,Europe,Retail,Apparel,Enterprise,1023.23,24
2026-06-29,Europe,Retail,Home Goods,Consumer,1287.9,40
2026-06-29,Europe,Retail,Home Goods,SMB,447.33,10
2026-06-29,Europe,Retail,Home Goods,Enterprise,1510.49,88
2026-06-29,Europe,Retail,Grocery,Consumer,868.77,45
2026-06-29,Europe,Retail,Grocery,SMB,1133.21,58
2026-06-29,Europe,Retail,Grocery,Enterprise,1176.16,26
2026-06-29,Europe,Online,Electronics,Consumer,412.11,9
2026-06-29,Europe,Online,Electronics,SMB,603.55,24
2026-06-29,Europe,Online,Electronics,Enterprise,584.3,33
2026-06-29,Europe,Online,Apparel,Consumer,698.81,21
2026-06-29,Europe,Online,Apparel,SMB,1149.01,27
2026-06-29,Europe,Online,Apparel,Enterprise,1060.31,38
2026-06-29,Europe,Online,Home Goods,Consumer,1168.58,56
2026-06-29,Europe,Online,Home Goods,SMB,531.84,22
2026-06-29,Europe,Online,Home Goods,Enterprise,1069.65,36
2026-06-29,Europe,Online,Grocery,Consumer,863.85,20
2026-06-29,Europe,Online,Grocery,SMB,1231.26,50
2026-06-29,Europe,Online,Grocery,Enterprise,1117.81,39
2026-06-29,Europe,Wholesale,Electronics,Consumer,703.91,18
2026-06-29,Europe,Wholesale,Electronics,SMB,1010.41,26
2026-06-29,Europe,Wholesale,Electronics,Enterprise,902.56,28
2026-06-29,Europe,Wholesale,Apparel,Consumer,1191.06,62
2026-06-29,Europe,Wholesale,Apparel,SMB,625.42,16
2026-06-29,Europe,Wholesale,Apparel,Enterprise,486.47,31
2026-06-29,Europe,Wholesale,Home Goods,Consumer,440.91,16
2026-06-29,Europe,Wholesale,Home Goods,SMB,880.0,54
2026-06-29,Europe,Wholesale,Home Goods,Enterprise,676.18,26
2026-06-29,Europe,Wholesale,Grocery,Consumer,1071.85,27
2026-06-29,Europe,Wholesale,Grocery,SMB,634.67,23
2026-06-29,Europe,Wholesale,Grocery,Enterprise,458.51,18
2026-06-29,APAC,Retail,Electronics,Consumer,1062.29,33
2026-06-29,APAC,Retail,Electronics,SMB,1175.9,39
2026-06-29,APAC,Retail,Electronics,Enterprise,1140.5,26
2026-06-29,APAC,Retail,Apparel,Consumer,600.92,34
2026-06-29,APAC,Retail,Apparel,SMB,765.08,25
2026-06-29,APAC,Retail,Apparel,Enterprise,680.13,36
2026-06-29,APAC,Retail,Home Goods,Consumer,774.68,42
2026-06-29,APAC,Retail,Home Goods,SMB,880.21,51
2026-06-29,APAC,Retail,Home Goods,Enterprise,917.3,23
2026-06-29,APAC,Retail,Grocery,Consumer,550.61,14
2026-06-29,APAC,Retail,Grocery,SMB,820.95,53
2026-06-29,APAC,Retail,Grocery,Enterprise,739.72,18
2026-06-29,APAC,Online,Electronics,Consumer,1025.43,52
2026-06-29,APAC,Online,Electronics,SMB,1135.25,33
2026-06-29,APAC,Online,Electronics,Enterprise,1237.61,30
2026-06-29,APAC,Online,Apparel,Consumer,481.89,12
2026-06-29,APAC,Online,Apparel,SMB,822.59,22
2026-06-29,APAC,Online,Apparel,Enterprise,746.33,35
2026-06-29,APAC,Online,Home Goods,Consumer,738.4,41
2026-06-29,APAC,Online,Home Goods,SMB,987.4,22
2026-06-29,APAC,Online,Home Goods,Enterprise,1086.84,49
2026-06-29,APAC,Online,Grocery,Consumer,538.84,32
2026-06-29,APAC,Online,Grocery,SMB,869.57,28
2026-06-29,APAC,Online,Grocery,Enterprise,775.23,26
2026-06-29,APAC,Wholesale,Electronics,Consumer,1370.33,41
2026-06-29,APAC,Wholesale,Electronics,SMB,801.06,38
2026-06-29,APAC,Wholesale,Electronics,Enterprise,568.35,13
2026-06-29,APAC,Wholesale,Apparel,Consumer,931.34,55
2026-06-29,APAC,Wholesale,Apparel,SMB,1119.99,55
2026-06-29,APAC,Wholesale,Apparel,Enterprise,1055.65,50
2026-06-29,APAC,Wholesale,Home Goods,Consumer,1123.41,25
2026-06-29,APAC,Wholesale,Home Goods,SMB,474.57,13
2026-06-29,APAC,Wholesale,Home Goods,Enterprise,1259.22,61
2026-06-29,APAC,Wholesale,Grocery,Consumer,830.0,33
2026-06-29,APAC,Wholesale,Grocery,SMB,1192.14,35
2026-06-29,APAC,Wholesale,Grocery,Enterprise,1066.44,32
2026-06-30,North America,Retail,Electronics,Consumer,939.31,39
2026-06-30,North America,Retail,Electronics,SMB,1225.42,44
2026-06-30,North America,Retail,Electronics,Enterprise,716.31,23
2026-06-30,North America,Retail,Apparel,Consumer,511.58,14
2026-06-30,North America,Retail,Apparel,SMB,912.4,24
2026-06-30,North America,Retail,Apparel,Enterprise,782.41,46
2026-06-30,North America,Retail,Home Goods,Consumer,857.48,23
2026-06-30,North America,Retail,Home Goods,SMB,1115.64,33
2026-06-30,North America,Retail,Home Goods,Enterprise,1029.69,27
2026-06-30,North America,Retail,Grocery,Consumer,583.12,15
2026-06-30,North America,Retail,Grocery,SMB,999.33,56
2026-06-30,North America,Retail,Grocery,Enterprise,822.1,25
2026-06-30,North America,Online,Electronics,Consumer,1087.92,30
2026-06-30,North America,Online,Electronics,SMB,387.68,10
2026-06-30,North America,Online,Electronics,Enterprise,1304.52,32
2026-06-30,North America,Online,Apparel,Consumer,597.64,20
2026-06-30,North America,Online,Apparel,SMB,861.12,28
2026-06-30,North America,Online,Apparel,Enterprise,723.21,19
2026-06-30,North America,Online,Home Goods,Consumer,713.12,34
2026-06-30,North America,Online,Home Goods,SMB,1389.61,42
2026-06-30,North America,Online,Home Goods,Enterprise,1093.41,37
2026-06-30,North America,Online,Grocery,Consumer,616.97,21
2026-06-30,North America,Online,Grocery,SMB,1008.79,22
2026-06-30,North America,Online,Grocery,Enterprise,759.39,26
2026-06-30,North America,Wholesale,Electronics,Consumer,471.11,24
2026-06-30,North America,Wholesale,Electronics,SMB,684.46,18
2026-06-30,North America,Wholesale,Electronics,Enterprise,642.82,33
2026-06-30,North America,Wholesale,Apparel,Consumer,909.78,37
2026-06-30,North America,Wholesale,Apparel,SMB,1317.69,48
2026-06-30,North America,Wholesale,Apparel,Enterprise,1106.89,71
2026-06-30,North America,Wholesale,Home Goods,Consumer,1160.09,57
2026-06-30,North America,Wholesale,Home Goods,SMB,450.17,13
2026-06-30,North America,Wholesale,Home Goods,Enterprise,445.33,16
2026-06-30,North America,Wholesale,Grocery,Consumer,954.2,48
2026-06-30,North America,Wholesale,Grocery,SMB,1195.47,44
2026-06-30,North America,Wholesale,Grocery,Enterprise,1153.25,47
2026-06-30,Europe,Retail,Electronics,Consumer,1421.75,65
2026-06-30,Europe,Retail,Electronics,SMB,658.98,22
2026-06-30,Europe,Retail,Electronics,Enterprise,600.47,13
2026-06-30,Europe,Retail,Apparel,Consumer,785.89,39
2026-06-30,Europe,Retail,Apparel,SMB,1171.41,26
2026-06-30,Europe,Retail,Apparel,Enterprise,1065.2,62
2026-06-30,Europe,Retail,Home Goods,Consumer,1038.23,43
2026-06-30,Europe,Retail,Home Goods,SMB,501.85,22
2026-06-30,Europe,Retail,Home Goods,Enterprise,1470.2,53
2026-06-30,Europe,Retail,Grocery,Consumer,835.73,54
2026-06-30,Europe,Retail,Grocery,SMB,1142.53,33
2026-06-30,Europe,Retail,Grocery,Enterprise,1141.01,32
2026-06-30,Europe,Online,Electronics,Consumer,385.28,20
2026-06-30,Europe,Online,Electronics,SMB,694.0,29
2026-06-30,Europe,Online,Electronics,Enterprise,598.95,14
2026-06-30,Europe,Online,Apparel,Consumer,738.46,28
2026-06-30,Europe,Online,Apparel,SMB,1176.48,41
2026-06-30,Europe,Online,Apparel,Enterprise,1069.26,38
2026-06-30,Europe,Online,Home Goods,Consumer,1105.46,50
2026-06-30,Europe,Online,Home Goods,SMB,500.2,12
2026-06-30,Europe,Online,Home Goods,Enterprise,1210.49,27
2026-06-30,Europe,Online,Grocery,Consumer,1029.32,26
2026-06-30,Europe,Online,Grocery,SMB,1050.84,42
2026-06-30,Europe,Online,Grocery,Enterprise,1058.0,50
2026-06-30,Europe,Wholesale,Electronics,Consumer,754.36,22
2026-06-30,Europe,Wholesale,Electronics,SMB,1051.57,23
2026-06-30,Europe,Wholesale,Electronics,Enterprise,945.2,42
2026-06-30,Europe,Wholesale,Apparel,Consumer,1306.55,33
2026-06-30,Europe,Wholesale,Apparel,SMB,512.4,32
2026-06-30,Europe,Wholesale,Apparel,Enterprise,497.19,16
2026-06-30,Europe,Wholesale,Home Goods,Consumer,560.51,16
2026-06-30,Europe,Wholesale,Home Goods,SMB,846.26,48
2026-06-30,Europe,Wholesale,Home Goods,Enterprise,640.09,15
2026-06-30,Europe,Wholesale,Grocery,Consumer,1210.44,27
2026-06-30,Europe,Wholesale,Grocery,SMB,579.87,15
2026-06-30,Europe,Wholesale,Grocery,Enterprise,560.88,14
2026-06-30,APAC,Retail,Electronics,Consumer,942.08,23
2026-06-30,APAC,Retail,Electronics,SMB,1284.99,76
2026-06-30,APAC,Retail,Electronics,Enterprise,1164.82,46
2026-06-30,APAC,Retail,Apparel,Consumer,568.87,14
2026-06-30,APAC,Retail,Apparel,SMB,757.56,32
2026-06-30,APAC,Retail,Apparel,Enterprise,727.56,29
2026-06-30,APAC,Retail,Home Goods,Consumer,814.78,26
2026-06-30,APAC,Retail,Home Goods,SMB,1006.76,25
2026-06-30,APAC,Retail,Home Goods,Enterprise,831.88,25
2026-06-30,APAC,Retail,Grocery,Consumer,447.9,24
2026-06-30,APAC,Retail,Grocery,SMB,803.94,38
2026-06-30,APAC,Retail,Grocery,Enterprise,649.2,16
2026-06-30,APAC,Online,Electronics,Consumer,925.69,33
2026-06-30,APAC,Online,Electronics,SMB,1406.12,35
2026-06-30,APAC,Online,Electronics,Enterprise,1238.38,64
2026-06-30,APAC,Online,Apparel,Consumer,517.2,32
2026-06-30,APAC,Online,Apparel,SMB,734.37,42
2026-06-30,APAC,Online,Apparel,Enterprise,647.53,22
2026-06-30,APAC,Online,Home Goods,Consumer,767.19,22
2026-06-30,APAC,Online,Home Goods,SMB,996.22,31
2026-06-30,APAC,Online,Home Goods,Enterprise,845.3,46
2026-06-30,APAC,Online,Grocery,Consumer,496.73,21
2026-06-30,APAC,Online,Grocery,SMB,802.35,28
2026-06-30,APAC,Online,Grocery,Enterprise,842.68,42
2026-06-30,APAC,Wholesale,Electronics,Consumer,1447.87,77
2026-06-30,APAC,Wholesale,Electronics,SMB,748.54,18
2026-06-30,APAC,Wholesale,Electronics,Enterprise,542.53,22
2026-06-30,APAC,Wholesale,Apparel,Consumer,813.24,22
2026-06-30,APAC,Wholesale,Apparel,SMB,996.48,28
2026-06-30,APAC,Wholesale,Apparel,Enterprise,1010.47,37
2026-06-30,APAC,Wholesale,Home Goods,Consumer,983.48,61
2026-06-30,APAC,Wholesale,Home Goods,SMB,499.33,21
2026-06-30,APAC,Wholesale,Home Goods,Enterprise,1150.21,27
2026-06-30,APAC,Wholesale,Grocery,Consumer,820.42,49
2026-06-30,APAC,Wholesale,Grocery,SMB,1128.11,66
2026-06-30,APAC,Wholesale,Grocery,Enterprise,1024.48,60
